country_name,year,co2_eprtr,country_code,log_co2,d_log_co2
Bulgaria,2010,308000000.0,BG,19.54561034093785,
Bulgaria,2011,745000000.0,BG,20.428894776343835,0.8832844354059866
Bulgaria,2012,843000000.0,BG,20.552477515966128,0.12358273962229305
Bulgaria,2013,702000000.0,BG,20.369443961990086,-0.18303355397604193
Bulgaria,2014,769000000.0,BG,20.46060152746992,0.09115756547983267
Bulgaria,2015,873000000.0,BG,20.587446113803875,0.1268445863339558
Bulgaria,2016,835000000.0,BG,20.54294228281513,-0.04450383098874511
Bulgaria,2017,843000000.0,BG,20.552477515966128,0.009535233150998579
Bulgaria,2018,1495773080.1,BG,21.12590902056832,0.5734315046021905
Bulgaria,2019,1469313452.0,BG,21.10806108918438,-0.017847931383940363
Bulgaria,2020,2003188584.0,BG,21.418006039972024,0.3099449507876457
Bulgaria,2021,2378999863.0,BG,21.58994601068001,0.17193997070798517
Bulgaria,2022,2172522117.0,BG,21.499154595489284,-0.09079141519072564
Bulgaria,2023,2206312110.0,BG,21.514588230090986,0.01543363460170255
Cyprus,2007,1140000000.0,CY,20.854294099352817,
Cyprus,2008,1130000000.0,CY,20.84548346967066,-0.008810629682155735
Cyprus,2009,1040000000.0,CY,20.76248655009969,-0.0829969195709701
Cyprus,2010,789000000.0,CY,20.48627687881015,-0.27620967128954277
Cyprus,2011,819000000.0,CY,20.523594641817343,0.037317763007195026
Cyprus,2012,798000000.0,CY,20.497619155414082,-0.025975486403261527
Cyprus,2013,3990000000.0,CY,22.10705706784818,1.6094379124340996
Cyprus,2014,4430000000.0,CY,22.211665421003456,0.10460835315527461
Cyprus,2015,4340000000.0,CY,22.191140185058725,-0.020525235944731435
Cyprus,2016,4600000000.0,CY,22.24932214044146,0.05818195538273585
Cyprus,2017,4600000000.0,CY,22.24932214044146,0.0
Cyprus,2018,4510000000.0,CY,22.229562990460998,-0.019759149980462354
Cyprus,2019,4400000000.0,CY,22.204870377870627,-0.024692612590371255
Cyprus,2020,4230000000.0,CY,22.165467830004598,-0.039402547866028925
Cyprus,2021,4240000000.0,CY,22.16782910619028,0.0023612761856810494
Cyprus,2022,4270000000.0,CY,22.174879664186946,0.007050557996667095
Cyprus,2023,4249000000.0,CY,22.169949498079085,-0.004930166107861567
Czechia,2010,66261000000.0,CZ,24.916867325765853,
Czechia,2011,66627500000.0,CZ,24.92238324218059,0.005515916414736921
Czechia,2012,63429027800.0,CZ,24.873187445342484,-0.04919579683810582
Czechia,2013,58670713000.0,CZ,24.79520651252893,-0.07798093281355278
Czechia,2014,59107400000.0,CZ,24.80262196502608,0.007415452497149033
Czechia,2015,59724730000.0,CZ,24.8130120094281,0.010390044402019072
Czechia,2016,62985784000.0,CZ,24.86617488708132,0.053162877653221585
Czechia,2017,60535440000.0,CZ,24.826494815602043,-0.03968007147927821
Czechia,2018,63317351593.53588,CZ,24.871425245334912,0.04493042973286876
Czechia,2019,59720380822.5237,CZ,24.812939186397532,-0.05848605893737968
Czechia,2020,48905691138.67694,CZ,24.613159609859267,-0.1997795765382655
Czechia,2021,54317214503.47209,CZ,24.718107039490857,0.10494742963158998
Czechia,2022,53147109973.07336,CZ,24.69632956533734,-0.021777474153516607
Germany,2009,78353061542.9,DE,25.08449088019753,
Germany,2010,76381264099.0,DE,25.059003268737754,-0.02548761145977707
Germany,2011,78914391200.0,DE,25.09162944613787,0.03262617740011464
Germany,2012,102995222000.0,DE,25.35794843575056,0.2663189896126923
Germany,2013,101525777000.0,DE,25.343578563776855,-0.014369871973705983
Germany,2014,95286395000.0,DE,25.28015287770924,-0.0634256860676139
Germany,2015,107068752250.0,DE,25.396737009457578,0.11658413174833626
Germany,2016,108143300000.00311,DE,25.406723036432474,0.009986026974896589
Germany,2017,78905019199.0,DE,25.09151067746439,-0.31521235896808264
Germany,2018,190608458000.0,DE,25.973487202837767,0.8819765253733749
Germany,2019,119789965000.0,DE,25.50900575451163,-0.46448144832613636
Germany,2020,78353260000.0,DE,25.08449341305132,-0.4245123414603107
Germany,2021,78144780000.0,DE,25.081829096957318,-0.0026643160940018618
Germany,2022,76305321171.34,DE,25.058008512927504,-0.023820584029813574
Germany,2023,43942965701.214,DE,24.506158395963286,-0.5518501169642178
Germany,2024,31154307430.01,DE,24.162218352877183,-0.3439400430861035
Denmark,2020,140926000.0,DK,18.76374548787977,
Denmark,2021,267276390.688082,DK,19.403793852060783,0.6400483641810126
Denmark,2022,513875393.221261,DK,20.057491368390025,0.6536975163292418
Denmark,2023,2483540594.0,DK,21.632951037858263,1.5754596694682377
Denmark,2024,6487426840.0,DK,22.59313180830354,0.9601807704452767
Estonia,2007,14400000000.0,EE,23.390494043528367,
Estonia,2008,12577000000.0,EE,23.25513558601143,-0.13535845751693643
Estonia,2009,9514000000.0,EE,22.9760302349565,-0.2791053510549304
Estonia,2010,13684000000.0,EE,23.33949310406177,0.3634628691052697
Estonia,2011,13713000000.0,EE,23.341610124964127,0.002117020902357325
Estonia,2012,12227000000.0,EE,23.226912458108465,-0.11469766685566185
Estonia,2013,14835000000.0,EE,23.420255090689196,0.19334263258073037
Estonia,2014,14358800000.0,EE,23.387628831615093,-0.0326262590741031
Estonia,2015,2384984000.0,EE,21.592458252668827,-1.7951705789462657
Estonia,2016,12987915000.0,EE,23.287285146662978,1.6948268939941507
Estonia,2017,14193650000.0,EE,23.376060518438855,0.08877537177587769
Estonia,2018,13649427600.0,EE,23.336963423632188,-0.03909709480666734
Estonia,2019,7994850000.0,EE,22.802063421330246,-0.5349000023019421
Estonia,2020,5191930000.0,EE,22.37037133397688,-0.4316920873533654
Estonia,2021,6410124000.0,EE,22.581144452465672,0.21077311848879177
Estonia,2022,8070393700.0,EE,22.811468103664062,0.2303236511983897
Estonia,2023,5196450200.0,EE,22.371241575573404,-0.4402265280906583
Estonia,2024,4435202000.0,EE,22.212838998457652,-0.15840257711575134
Finland,2009,30214084000.0,FI,24.131574010232214,
Finland,2010,38311025000.0,FI,24.36900355071739,0.23742954048517717
Finland,2011,32323565000.0,FI,24.199062367734175,-0.1699411829832158
Finland,2012,26589330000.0,FI,24.003775844441233,-0.1952865232929426
Finland,2013,28869351000.0,FI,24.086046350285443,0.08227050584421036
Finland,2014,25494950000.0,FI,23.96174623028275,-0.12430012000269386
Finland,2015,23035219000.0,FI,23.86029014256064,-0.10145608772210934
Finland,2016,24139734000.0,FI,23.907125033499575,0.04683489093893556
Finland,2017,21303229000.0,FI,23.782124494416372,-0.12500053908320297
Finland,2018,24091258000.0,FI,23.90511487304825,0.12299037863187934
Finland,2019,23118915900.0,FI,23.863916989512802,-0.04119788353544962
Finland,2020,17617200200.0,FI,23.592141545850232,-0.27177544366256967
Finland,2021,18391267900.0,FI,23.635141818264884,0.043000272414651874
Finland,2022,17280375400.0,FI,23.572837324623382,-0.062304493641502035
Finland,2023,13901551200.0,FI,23.355266267978863,-0.2175710566445197
Finland,2024,11606958900.0,FI,23.174870660359968,-0.18039560761889462
Ireland,2021,849233430.0,IE,20.55984465348109,
Ireland,2022,721163830.0,IE,20.396376895512184,-0.1634677579689061
Ireland,2023,609555980.0,IE,20.228241348443262,-0.1681355470689212
Ireland,2024,646845475.9,IE,20.287617992255647,0.059376643812385055
Malta,2008,2015000000.0,MT,21.42388503234506,
Malta,2009,1897000000.0,MT,21.363539527899288,-0.06034550444577036
Malta,2010,1878000000.0,MT,21.353473217732482,-0.010066310166806147
Malta,2011,1936000000.0,MT,21.383889825800797,0.030416608068314588
Malta,2012,2052000000.0,MT,21.442080764254936,0.05819093845413903
Netherlands,2007,58955000000.0,NL,24.800040277975047,
Netherlands,2008,64627000000.0,NL,24.89189811707176,0.09185783909671486
Netherlands,2009,54934000000.0,NL,24.729398301602362,-0.16249981546939907
Netherlands,2010,57716000000.0,NL,24.77880026838142,0.04940196677905817
Netherlands,2011,47705000000.0,NL,24.58830205115022,-0.19049821723120175
Netherlands,2012,48595000000.0,NL,24.606786481901846,0.0184844307516272
Netherlands,2013,55428000000.0,NL,24.73835071818288,0.13156423628103298
Netherlands,2014,56786000000.0,NL,24.76255565341937,0.024204935236490144
Netherlands,2015,51111000000.0,NL,24.657265575177927,-0.10529007824144188
Netherlands,2016,64665000000.0,NL,24.892485933813617,0.23522035863569002
Netherlands,2017,62588000000.0,NL,24.85983940338622,-0.03264653042739596
Netherlands,2018,59332000000.0,NL,24.806414626407776,-0.05342477697844572
Norway,2007,12539160000.0,NO,23.252122384261614,
Norway,2008,12290785000.0,NO,23.23211563155209,-0.020006752709523568
Norway,2009,11620474000.0,NO,23.176034379276597,-0.056081252275493654
Norway,2010,12470220000.0,NO,23.24660923882435,0.07057485954775444
Norway,2011,12084000000.0,NO,23.215148100470838,-0.03146113835351372
Norway,2012,11844950000.0,NO,23.195167453357875,-0.019980647112962657
Norway,2013,11957100000.0,NO,23.204591081150713,0.009423627792838118
Norway,2014,12439190000.0,NO,23.244117809597338,0.039526728446624304
Norway,2015,12216190000.0,NO,23.226027958114415,-0.01808985148292308
Norway,2016,12208820000.0,NO,23.225424478302234,-0.000603479812181007
Norway,2017,12471132000.0,NO,23.246682370385177,0.02125789208294293
Romania,2007,6511000000.0,RO,22.596758891201137,
Romania,2008,8009300000.0,RO,22.803869203446336,0.2071103122451987
Romania,2009,1840000000.0,RO,21.333031408567305,-1.4708377948790314
Romania,2010,3911700000.0,RO,22.08723789906181,0.7542064904945072
Romania,2011,3459500000.0,RO,21.96438990690314,-0.12284799215867181
Romania,2012,3255000000.0,RO,21.903458112606945,-0.06093179429619511
Romania,2013,1142900000.0,RO,20.856834728867828,-1.0466233837391172
Romania,2014,1247900000.0,RO,20.944727975478084,0.08789324661025688
Romania,2015,41100000.0,RO,17.531518679466462,-3.4132092960116225
Romania,2016,63500000.0,RO,17.96655046386292,0.4350317843964575
Romania,2017,39400000.0,RO,17.48927637426816,-0.4772740895947578
Romania,2018,45400000.0,RO,17.631022663011578,0.14174628874341622
Romania,2019,36900000.0,RO,17.423722109010754,-0.20730055400082392
Romania,2020,38200000.0,RO,17.458346073576802,0.034623964566048215
Romania,2021,36500000.0,RO,17.41282281855272,-0.04552325502408294
Romania,2022,37400000.0,RO,17.43718126238476,0.024358443832042553
Romania,2024,34300000.0,RO,17.35065591213617,-0.08652535024859276
Sweden,2007,13268346000.0,SE,23.308647035472326,
Sweden,2008,18023294000.0,SE,23.61493086931363,0.3062838338413023
Sweden,2009,14825196000.0,SE,23.41959400265343,-0.1953368666601989
Sweden,2010,21051005000.0,SE,23.770214139403052,0.35062013674962245
Sweden,2011,18931702000.0,SE,23.66410370832142,-0.10611043108163187
Sweden,2012,18008757000.0,SE,23.61412397653982,-0.04997973178160109
Sweden,2013,17236508000.0,SE,23.570295529461312,-0.04382844707850708
Sweden,2014,16715523000.0,SE,23.539603645590116,-0.030691883871195813
Sweden,2015,16665833500.0,SE,23.536626562456906,-0.002977083133210101
Sweden,2016,16985192510.0,SE,23.55560777261307,0.01898121015616283
Sweden,2017,17112858000.0,SE,23.56309594772199,0.007488175108921524
Sweden,2018,17144461430.0,SE,23.564941009711156,0.001845061989165231
Sweden,2019,15972214000.0,SE,23.49411642450491,-0.07082458520624613
Sweden,2020,14067150000.0,SE,23.367108128919543,-0.12700829558536597
Sweden,2021,15640563000.0,SE,23.473133568858138,0.1060254399385947
Sweden,2022,15225284000.0,SE,23.446223303898776,-0.026910264959361996
Sweden,2023,14715204210.66,SE,23.412147096256245,-0.034076207642531386
Sweden,2024,14147373530.22,SE,23.37279482756796,-0.03935226868828323
Slovenia,2007,6324000000.0,SI,22.567617756293636,
Slovenia,2008,7070000000.0,SI,22.67912631685489,0.11150856056125491
Slovenia,2009,2048000000.0,SI,21.44012954412367,-1.2389967727312197
Slovenia,2010,1268000000.0,SI,20.960706692961445,-0.4794228511622265
Slovenia,2011,1260000000.0,SI,20.954377557909798,-0.006329135051647228
Slovenia,2012,1239000000.0,SI,20.937570439593415,-0.016807118316382486
Slovenia,2013,1189000000.0,SI,20.896378454655057,-0.04119198493835796
Slovenia,2014,1214000000.0,SI,20.917186529583716,0.020808074928659437
Slovenia,2015,1224000000.0,SI,20.925390021036545,0.008203491452828615
Slovenia,2016,1213000000.0,SI,20.916362466908325,-0.009027554128220316
Slovenia,2017,1287000000.0,SI,20.9755797655604,0.05921729865207581
Slovenia,2018,1420291000.0,SI,21.074127617141848,0.09854785158144708
Slovenia,2019,1306561000.0,SI,20.990664331463794,-0.08346328567805372
Slovenia,2020,1210080931.0,SI,20.91395307944232,-0.07671125202147522
Slovenia,2021,1134527169.0,SI,20.849481809892133,-0.0644712695501859
Slovenia,2022,1192793000.0,SI,20.89956345285298,0.050081642960847716
Slovenia,2023,3680821355.0,SI,22.026401758516588,1.1268383056636075
Slovenia,2024,4001098226.0,SI,22.109834716882563,0.0834329583659752
United Kingdom,2007,12236900000.0,UK,23.227721813978984,
United Kingdom,2011,77668790000.0,UK,25.075719340526092,1.8479975265471076
United Kingdom,2012,86031790000.0,UK,25.17798271605855,0.10226337553245912
United Kingdom,2013,64729260000.0,UK,24.8934791773359,-0.28450353872264955
United Kingdom,2014,41927000000.0,UK,24.459195847751623,-0.43428332958427873
United Kingdom,2015,33610000000.0,UK,24.238089478683424,-0.22110636906819892
United Kingdom,2016,22865000000.0,UK,23.85287319405643,-0.38521628462699553
United Kingdom,2017,20592000000.0,UK,23.748168487800182,-0.10470470625624628
United Kingdom,2018,12080000000.0,UK,23.21481702945308,-0.5333514583471022
United Kingdom,2019,19973000000.0,UK,23.717647198429447,0.5028301689763666
