country_code,year,verified_emissions_t,log_emissions,d_log_emissions,pct_change_emissions
AT,2005,33373155.0,17.323262392257767,,
AT,2006,32384372.0,17.293186518717448,-0.030075873540319265,-0.029628094796551263
AT,2007,31751260.0,17.273442967554914,-0.019743551162534345,-0.01954992364835728
AT,2008,32078974.0,17.283711357907496,0.010268390352582202,0.010321291186554449
AT,2009,27359833.0,17.124586546898826,-0.15912481100867026,-0.14711009772320027
AT,2010,30919711.0,17.24690443493865,0.12231788803982369,0.1301132941856773
AT,2011,30599418.0,17.23649154713389,-0.010412887804758242,-0.010358861374868633
AT,2012,28387060.0,17.161443965495994,-0.0750475816378966,-0.07230065617587889
AT,2013,29771753.0,17.209070616041657,0.04762665054566284,0.048779021145550105
AT,2014,28023947.0,17.14856995262159,-0.060500663420068435,-0.058706855454564555
AT,2015,29459819.0,17.19853782505592,0.04996787243432976,0.051237322137384966
AT,2016,28967793.0,17.181695184586008,-0.016842640469910464,-0.01670159616391398
AT,2017,30529853.0,17.23421554976334,0.05252036517733316,0.05392402520965267
AT,2018,28380243.0,17.16120379202738,-0.07301175773596214,-0.07041009991106084
AT,2019,29540448.0,17.201271000829284,0.040067208801904286,0.040880728188268156
AT,2020,27013522.0,17.111848113417533,-0.0894228874117502,-0.08554122131120012
AT,2021,28704509.0,17.172564776403615,0.06071666298608136,0.06259779824341316
AT,2022,26626257.0,17.097408392147052,-0.07515638425656235,-0.07240158680296538
AT,2023,24413340.0,17.010640262177258,-0.08676812996979422,-0.08311032977710686
AT,2024,23923093.0,16.99035478470747,-0.020285477469787594,-0.020081111392378115
AT,2025,25580873.0,17.057355481757792,0.06700069705032163,0.06929622352761822
BE,2005,55363232.0,17.829426249072444,,
BE,2006,54775326.0,17.818750395048358,-0.010675854024086107,-0.010619069349130483
BE,2007,52795333.0,17.781933354618335,-0.036817040430022985,-0.0361475347494965
BE,2008,55462027.0,17.83120914634806,0.049275791729723295,0.050510032771267976
BE,2009,46206938.0,17.64864051793728,-0.18256862841077748,-0.16687253424762138
BE,2010,50103979.0,17.729610984059086,0.08097046612180492,0.08433887136169904
BE,2011,46203055.0,17.648556479406896,-0.08105450465219022,-0.07785657103201327
BE,2012,43006980.0,17.57687298606586,-0.07168349334103397,-0.06917453835033205
BE,2013,45231175.0,17.62729711944956,0.05042413338369656,0.05171707011280491
BE,2014,43853144.0,17.59635697318599,-0.03094014626356767,-0.030466398451952648
BE,2015,44713915.0,17.61579530867992,0.01943833549393048,0.019628490034830692
BE,2016,43655728.0,17.5918450572992,-0.02395025138072171,-0.023665720167871718
BE,2017,43772976.0,17.59452719863093,0.0026821413317321685,0.002685741490784377
BE,2018,44182748.0,17.60384495411244,0.009317755481507817,0.009361300908578896
BE,2019,44626399.0,17.61383614771273,0.009991193600288995,0.010041272217834907
BE,2020,41511613.0,17.541483777380744,-0.07235237033198416,-0.06979693790664132
BE,2021,41429547.0,17.539504879888085,-0.001978897492659115,-0.001976940765949009
BE,2022,39722562.0,17.49742989657169,-0.0420749833163967,-0.041202115968103636
BE,2023,35402662.0,17.382297573016906,-0.11513232355478209,-0.10875179702658655
BE,2024,35849295.0,17.394834459544573,0.012536886527666269,0.012615802732574233
BE,2025,36120855.0,17.40238095732925,0.007546497784677086,0.007575044362797101
BG,2007,39181984.0,17.483727607279256,,
BG,2008,38303052.0,17.46104013766013,-0.022687469619125267,-0.022432044278309138
BG,2009,32014545.0,17.281700888745963,-0.17933924891416808,-0.16417770051326463
BG,2010,33525096.0,17.32780485066259,0.04610396191662858,0.047183272478181326
BG,2011,39997538.0,17.50432846018393,0.1765236095213396,0.19306259406386195
BG,2012,35050852.0,17.372310479280678,-0.13201798090325312,-0.12367476218161233
BG,2013,32695619.0,17.30275165135679,-0.06955882792388834,-0.0671947432262131
BG,2014,34305079.0,17.35080397697578,0.048052325618989755,0.04922555526475891
BG,2015,36260861.0,17.40624950818281,0.055445531207030996,0.05701144136703484
BG,2016,33410834.0,17.32439077660743,-0.08185873157538026,-0.0785978854721624
BG,2017,34908095.0,17.368229308700847,0.04383853209341737,0.04481363739677979
BG,2018,31028875.0,17.25042878053046,-0.11780052817038822,-0.11112665987645554
BG,2019,29194151.0,17.189478938954963,-0.06094984157549632,-0.059129568829034196
BG,2020,23845295.0,16.9870974812043,-0.2023814577506613,-0.18321669981086275
BG,2021,28931536.0,17.180442769217287,0.1933452880129849,0.21330165971945414
BG,2022,33933868.0,17.339924129673523,0.15948136045623684,0.1729023996513701
BG,2023,21639927.0,16.89005063855424,-0.4498734911192841,-0.36229117765177843
BG,2024,18999979.0,16.759948431866945,-0.1301022066872939,-0.1219943117183343
BG,2025,10285251.0,16.14622148524394,-0.6137269466230038,-0.4586704016883387
CY,2005,5078877.0,15.440600732124514,,
CY,2006,5259273.0,15.47550336223385,0.03490263010933603,0.03551887553094901
CY,2007,5396164.0,15.501198888731547,0.025695526497697685,0.026028502418490085
CY,2008,5576646.0,15.534098078370517,0.03289918963896987,0.03344635188997214
CY,2009,5361633.0,15.494779150825382,-0.03931892754513555,-0.038555970739401424
CY,2010,5056220.0,15.43612972652041,-0.05864942430497244,-0.05696268282443051
CY,2011,4599381.0,15.34143228718722,-0.09469743933318853,-0.0903518834227941
CY,2012,4383898.0,15.293448840915964,-0.047983446271256724,-0.0468504348737363
CY,2013,4024874.0,15.208004163996984,-0.08544467691898028,-0.08189606601248478
CY,2014,4468556.0,15.312575871894689,0.10457170789770487,0.11023500362992733
CY,2015,4369326.0,15.290119321766966,-0.022456550127722963,-0.022206278717330608
CY,2016,4649223.0,15.352210666827125,0.06209134506015879,0.0640595368713619
CY,2017,4672871.0,15.357284215908846,0.005073549081721751,0.005086441325787172
CY,2018,4585570.0,15.338424974375469,-0.018859241533377258,-0.018682518734200015
CY,2019,4471662.0,15.313270709565305,-0.025154264810163696,-0.024840532365660084
CY,2020,4294888.0,15.272936036226959,-0.040334673338346505,-0.03953205765552048
CY,2021,4314996.0,15.277606955500394,0.0046709192734351035,0.004681845021337061
CY,2022,4328319.0,15.280689802892109,0.003082847391715049,0.003087604252703935
CY,2023,4343281.0,15.284140611242906,0.003450808350796919,0.0034567692445959253
CY,2024,4346576.0,15.284898966681416,0.0007583554385099944,0.0007586430626984608
CY,2025,4334042.0,15.282011151848284,-0.002887814833131941,-0.002883649106791175
CZ,2005,82454636.0,18.227758833406128,,
CZ,2006,83624960.0,18.24185259808669,0.014093764680563226,0.014193550014580225
CZ,2007,87834764.0,18.290967925569973,0.049115327483281845,0.05034147699442837
CZ,2008,80399099.0,18.20251352761874,-0.08845439795123156,-0.08465514861518841
CZ,2009,73784830.0,18.116663712885707,-0.08584981473303444,-0.08226794929629744
CZ,2010,75584352.0,18.140759835598608,0.02409612271290129,0.024388780186930026
CZ,2011,74187036.0,18.122099975891686,-0.018659859706922077,-0.018486842355941557
CZ,2012,69316470.0,18.054193098260573,-0.06790687763111336,-0.06565252182335468
CZ,2013,67712131.0,18.030775909422644,-0.02341718883792865,-0.023145134193936934
CZ,2014,66695189.0,18.0156433793489,-0.0151325300737426,-0.015018608703955882
CZ,2015,66648045.0,18.014936271825707,-0.0007071075231941393,-0.0007068575815866174
CZ,2016,67530907.0,18.0280959325285,0.01315966070279373,0.01324663011495697
CZ,2017,66975758.0,18.019841290986744,-0.00825464154175748,-0.008220665539113825
CZ,2018,66913386.0,18.018909594769283,-0.0009316962174601429,-0.0009312623233020956
CZ,2019,62519244.0,17.950984971313922,-0.06792462345536165,-0.06566910244237234
CZ,2020,54675715.0,17.816930201716403,-0.13405476959751894,-0.1254578350307627
CZ,2021,57871344.0,17.873732897748976,0.05680269603257315,0.05844695400874045
CZ,2022,57044774.0,17.859347026220203,-0.014385871528773464,-0.01428288930009991
CZ,2023,46672102.0,17.65865715655177,-0.20068986966843383,-0.18183386965473824
CZ,2024,40564392.0,17.51840119540858,-0.14025596114318972,-0.13086425805291568
CZ,2025,40028299.0,17.505097236935747,-0.013303958472832278,-0.013215851971847603
DE,2005,475051535.0,19.97893385085063,,
DE,2006,478074868.0,19.98527790580597,0.006344054955338407,0.0063642210944545585
DE,2007,487148432.0,20.00407942310931,0.018801517303341342,0.018979378769603095
DE,2008,472853534.0,19.974296245226775,-0.029783177882535483,-0.029344029583164066
DE,2009,428294502.0,19.87532160570657,-0.09897463952020402,-0.09423432161553857
DE,2010,454864599.0,19.935510348012752,0.0601887423061811,0.06203697893838478
DE,2011,450351343.0,19.925538598314592,-0.009971749698159726,-0.009922196649117532
DE,2012,452594544.0,19.93050723629653,0.004968637981939139,0.004981002132816936
DE,2013,481031920.0,19.991444187614555,0.06093695131802335,0.06283190192412036
DE,2014,461239388.0,19.949427746008276,-0.04201644160627893,-0.04114598465731756
DE,2015,455614228.0,19.937157018198057,-0.012270727810218318,-0.012195749422857172
DE,2016,452813442.0,19.930990770808375,-0.006166247389682411,-0.006147275102216465
DE,2017,437612723.0,19.89684488314665,-0.03414588766172599,-0.0335694959338243
DE,2018,422846329.0,19.86251938258925,-0.03432550055739725,-0.033743063727148526
DE,2019,363338408.0,19.710845211394293,-0.15167417119495852,-0.14073179053187423
DE,2020,320733883.0,19.58612231234097,-0.12472289905332445,-0.11725852280389804
DE,2021,355120201.0,19.68796688449575,0.10184457215478204,0.10721136687638322
DE,2022,353901034.0,19.684527867040725,-0.003439017455026061,-0.0034331108074586725
DE,2023,289340809.0,19.483115821180334,-0.20141204586039052,-0.18242451645394175
DE,2024,272950271.0,19.42480017904738,-0.05831564213295337,-0.05664786124241461
DE,2025,263564247.0,19.389807717857906,-0.034992461189474966,-0.034387304198719826
DK,2005,26475718.0,17.091738569008463,,
DK,2006,34199588.0,17.347724155176646,0.25598558616818323,0.29173410896731866
DK,2007,29407401.0,17.196756935322927,-0.15096721985371886,-0.14012411494547827
DK,2008,26548563.0,17.094486179893664,-0.102270755429263,-0.09721491538813642
DK,2009,25461124.0,17.052663297801693,-0.041822882091970826,-0.04096037137678599
DK,2010,25266362.0,17.0449845038243,-0.007678793977394349,-0.0076493873561905845
DK,2011,21465658.0,16.881964913724882,-0.1630195900994167,-0.15042545499823046
DK,2012,18185550.0,16.71613788065304,-0.16582703307184232,-0.1528072421539559
DK,2013,21601954.0,16.88829433152583,0.17215645087279086,0.1878636609835831
DK,2014,18388751.0,16.72724967692763,-0.16104465459820005,-0.14874594214949255
DK,2015,15795936.0,16.57526324972182,-0.15198642720580935,-0.14100006030860934
DK,2016,17220334.0,16.66160145282686,0.08633820310503992,0.0901749665230347
DK,2017,15062601.0,16.52772547458686,-0.13387597824000252,-0.12530146047109192
DK,2018,14954342.0,16.52051225041556,-0.007213224171298549,-0.0071872713085874285
DK,2019,12040553.0,16.303790927022746,-0.21672132339281447,-0.19484568428353455
DK,2020,10832424.0,16.198054416647288,-0.10573651037545773,-0.10033833163642902
DK,2021,11618665.0,16.268123414663968,0.07006899801667998,0.07258218474461486
DK,2022,11214879.0,16.232751936756532,-0.03537147790743589,-0.03475321820536181
DK,2023,9244100.0,16.039496068145677,-0.19325586861085498,-0.17572895793169052
DK,2024,8268287.0,15.927937911324547,-0.1115581568211308,-0.10556062785993225
DK,2025,6842939.0,15.738727875675993,-0.18921003564855354,-0.17238733972345177
EE,2005,12621824.0,16.350937937121643,,
EE,2006,12104433.0,16.309082307108564,-0.04185563001307813,-0.04099177741663962
EE,2007,15329934.0,16.54531794555497,0.23623563844640572,0.26647270466943795
EE,2008,13540891.0,16.421224628305506,-0.12409331724946426,-0.11670258984807114
EE,2009,10378346.0,16.155232078111244,-0.2659925501942624,-0.23355516265510146
EE,2010,14514390.0,16.4906511290669,0.3354190509556574,0.3985263162357471
EE,2011,14809461.0,16.510776791253534,0.02012566218663281,0.020329548813281084
EE,2012,13543879.0,16.421445268909956,-0.08933152234357777,-0.08545766790567189
EE,2013,15921498.0,16.583180829431196,0.16173556052124027,0.17554933856098387
EE,2014,14967813.0,16.52141265353894,-0.061768175892257915,-0.059899200439556655
EE,2015,11894068.0,16.291550346400655,-0.22986230713828348,-0.205356988358954
EE,2016,13447175.0,16.414279604776503,0.12272925837584836,0.1305782849063919
EE,2017,14670571.0,16.501354072333736,0.08707446755723325,0.09097791915402298
EE,2018,13853417.0,16.444042474969972,-0.05731159736376412,-0.05570021780338341
EE,2019,8486473.0,15.953984042055065,-0.4900584329149069,-0.38740940231568866
EE,2020,5617417.0,15.54138250767657,-0.41260153437849567,-0.3380740149647563
EE,2021,6850057.0,15.73976753137167,0.19838502369510103,0.21943181358976904
EE,2022,8407460.0,15.94462996492839,0.20486243355671974,0.22735621032058573
EE,2023,5260450.0,15.475727132385385,-0.46890283254300513,-0.37431162324887657
EE,2024,4497104.0,15.318944192014227,-0.15678294037115847,-0.14511039930044012
EE,2025,4123789.0,15.232282958891544,-0.08666123312268326,-0.08301231192340675
EL,2005,71267752.0,18.0819544969573,,
EL,2006,69965151.0,18.06350783319159,-0.01844666376571169,-0.0182775654267866
EL,2007,72717011.0,18.102085904128465,0.038578070936875264,0.03933186680323186
EL,2008,69853893.0,18.061916375829284,-0.04016952829918097,-0.03937342804147992
EL,2009,63661572.0,17.96909167319854,-0.09282470263074316,-0.08864675587944681
EL,2010,59939996.0,17.90885455311939,-0.06023712007915094,-0.0584587512227942
EL,2011,58838181.0,17.89030153887567,-0.018553014243721577,-0.01838196652532309
EL,2012,61440385.0,17.9335779130601,0.043276374184429756,0.044226452207963396
EL,2013,58632976.0,17.886807826649303,-0.046770086410795386,-0.04569321953304817
EL,2014,55372015.0,17.829584879684763,-0.05722294696454,-0.055616501540020735
EL,2015,49876100.0,17.725052488068936,-0.10453239161582673,-0.09925437967175299
EL,2016,46299722.0,17.650646514718783,-0.07440597335015298,-0.07170524559859326
EL,2017,49572075.0,17.718938229116617,0.06829171439783366,0.0706775949972227
EL,2018,47105832.0,17.667907372977428,-0.051030856139188785,-0.04975065094612241
EL,2019,40476026.0,17.516220406187546,-0.1516869667898817,-0.14074278530947082
EL,2020,31728304.0,17.272719711138073,-0.24350069504947314,-0.21612106880255488
EL,2021,33250959.0,17.319594166755476,0.04687445561740233,0.04799043150872473
EL,2022,31630344.0,17.26962747097356,-0.04996669578191515,-0.0487388950195391
EL,2023,25466136.0,17.052860127555196,-0.2167673434183648,-0.19488273665313283
EL,2024,26549389.0,17.094517292204742,0.041657164649546274,0.042536998938511816
EL,2025,25797702.0,17.065795976157457,-0.028721316047285228,-0.028312779627433282
ES,2005,183627216.0,19.028418260459016,,
ES,2006,179724889.0,19.00693784522378,-0.02148041523523503,-0.02125135415656465
ES,2007,186573449.0,19.044335547936317,0.03739770271253562,0.03810579624283417
ES,2008,163462312.0,18.91209301408535,-0.13224253385096674,-0.12387152150464886
ES,2009,136935766.0,18.735022512528694,-0.17707050155665627,-0.1622792781739194
ES,2010,121483473.0,18.615288786801322,-0.11973372572737162,-0.1128433677436762
ES,2011,132687966.0,18.70351080943289,0.08822202263156598,0.09223059502093744
ES,2012,135639644.0,18.72551225062375,0.02200144119086289,0.022245257719905043
ES,2013,122808166.0,18.626134069837732,-0.09937818078601879,-0.09459976170388651
ES,2014,124851227.0,18.642633402435116,0.016499332597383898,0.01663619828016971
ES,2015,137270031.0,18.73746057306012,0.09482717062500257,0.0994688181959158
ES,2016,123556983.0,18.6322130084294,-0.10524756463071938,-0.09989833833431572
ES,2017,136316842.0,18.73049245469713,0.09827944626773188,0.10327104701156387
ES,2018,127373884.0,18.66263728793787,-0.06785516675926218,-0.06560420465139594
ES,2019,109522705.0,18.51164243732463,-0.15099485061323747,-0.1401478736410362
ES,2020,89044166.0,18.30464305179751,-0.20699938552712283,-0.18697985043375254
ES,2021,91665975.0,18.333661821479723,0.02901876968221373,0.02944391662896817
ES,2022,96302882.0,18.38300880363103,0.04934698215130595,0.050584821685472736
ES,2023,81133557.0,18.211607206624755,-0.17140159700627322,-0.1575168331930087
ES,2024,76911171.0,18.15816169050568,-0.05344551611907633,-0.05204241199482973
ES,2025,78478629.0,18.17833690364983,0.020175213144149495,0.020380108372033412
FI,2005,33099647.0,17.315033175637854,,
FI,2006,44621436.0,17.613724929328438,0.29869175369058354,0.3480940144165283
FI,2007,42541345.0,17.56598698453791,-0.0477379447905264,-0.04661640651815868
FI,2008,36163966.0,17.403573766677464,-0.16241321786044693,-0.14991014035874983
FI,2009,34354708.0,17.352249626920578,-0.05132413975688621,-0.05002930264894068
FI,2010,41297856.0,17.536321143750815,0.1840715168302367,0.20210179053188293
FI,2011,35089924.0,17.373424581697833,-0.16289656205298186,-0.15032092707185574
FI,2012,29504184.0,17.200042641761527,-0.17338193993630568,-0.15918358785844056
FI,2013,31344451.0,17.260547807781677,0.06050516602014966,0.06237308579691603
FI,2014,28630675.0,17.169989253464202,-0.09055855431747517,-0.08657915239925562
FI,2015,25345406.0,17.048108048698932,-0.12188120476526976,-0.11474647384317693
FI,2016,27121173.0,17.115825272313508,0.06771722361457577,0.07006267723626136
FI,2017,25043551.0,17.036126907240686,-0.07969836507282224,-0.07660516748298463
FI,2018,26170972.0,17.08016141558197,0.04403450834128364,0.045018416118385085
FI,2019,23242612.0,16.96149787605928,-0.11866353952268938,-0.11189343674357988
FI,2020,19580017.0,16.790020063299153,-0.17147781276012708,-0.15758104123581296
FI,2021,20312533.0,16.826748642668296,0.03672857936914298,0.037411407763333404
FI,2022,19020708.0,16.761038838363486,-0.06570980430480944,-0.06359743514016691
FI,2023,15359928.0,16.547272598172814,-0.21376624019067236,-0.19246286731282558
FI,2024,13267526.0,16.400829953358166,-0.1464426448146483,-0.13622472709507494
FI,2025,11870873.0,16.28959831063795,-0.11123164272021668,-0.10526853310858408
FR,2005,131263794.0,18.69271955105655,,
FR,2006,126979057.0,18.659532725312644,-0.03318682574390408,-0.03264218463775315
FR,2007,126634815.0,18.65681802986878,-0.0027146954438634907,-0.002711013990283506
FR,2008,124129806.0,18.636838398613282,-0.01997963125549873,-0.01978136107357209
FR,2009,111092554.0,18.5258742316618,-0.11096416695148292,-0.10502918211279566
FR,2010,115543172.0,18.565154801636236,0.039280569974437185,0.040062252957115296
FR,2011,105575300.0,18.47493500036206,-0.09021980127417706,-0.08626967589222845
FR,2012,103660840.0,18.456634974108013,-0.01830002625404603,-0.018133597536544976
FR,2013,114589342.0,18.556865356174782,0.10023038206676915,0.10542555896710848
FR,2014,100273317.0,18.423410185635113,-0.13345517053966915,-0.12493330313389883
FR,2015,99694769.0,18.417623766153397,-0.0057864194817156545,-0.0057697104006243505
FR,2016,101715243.0,18.437687731793503,0.020063965640105152,0.02026659994568014
FR,2017,106842018.0,18.486861834084564,0.04917410229106167,0.050403212427069466
FR,2018,97489683.0,18.395257114984616,-0.09160471909994783,-0.08753424144422284
FR,2019,94310187.0,18.36209976934071,-0.03315734564390738,-0.03261366641227048
FR,2020,82145955.0,18.224008162038672,-0.1380916073020373,-0.12898110360018689
FR,2021,87869606.0,18.291364523565306,0.0673563615266346,0.06967660184850244
FR,2022,84935550.0,18.257403291554702,-0.03396123201060419,-0.033391022602286435
FR,2023,70652409.0,18.073282764178042,-0.18412052737665974,-0.1681644611708525
FR,2024,63827920.0,17.971701270143242,-0.1015814940348001,-0.09659244598439665
FR,2025,52360859.0,17.77366990452457,-0.19803136561867163,-0.17965587786661386
GB,2005,237216298.0,19.284482932676834,,
GB,2006,245414741.0,19.31846015771165,0.03397722503481759,0.034561044368039084
GB,2007,251884577.0,19.344481512771157,0.026021355059505424,0.026362866279495467
GB,2008,260224618.0,19.377055731404308,0.03257421863315102,0.033110566352778426
GB,2009,228241593.0,19.24591524434043,-0.1311404870638775,-0.12290545470221426
GB,2010,233358921.0,19.268088259755764,0.022173015415333452,0.022420663704358246
GB,2011,217117679.0,19.19595006405265,-0.07213819570311486,-0.06959769067495813
GB,2012,227256696.0,19.2415907559343,0.04564069188165121,0.0466982562023428
GB,2013,221146011.0,19.214333724584844,-0.027257031349456895,-0.02688891067922594
GB,2014,194141422.0,19.084097430832635,-0.13023629375220835,-0.1221120330314256
GB,2015,172184309.0,18.964076025016375,-0.12002140581626008,-0.113098548335553
GB,2016,143328206.0,18.780647705250914,-0.18342831976546137,-0.16758845894604713
GB,2017,133625070.0,18.710548451163415,-0.07009925408749851,-0.0676987193993065
GB,2018,125998614.0,18.65178146485525,-0.05876698630816435,-0.05707354166400058
GB,2019,115856805.0,18.567865546867225,-0.08391591798802622,-0.08049143302481088
GB,2020,102575278.0,18.44610750650089,-0.12175804036633409,-0.11463743541003046
HR,2013,8785904.0,15.988659176984232,,
HR,2014,8387121.0,15.942207872952022,-0.04645130403221032,-0.04538895485313743
HR,2015,8386120.0,15.942088516174023,-0.00011935677799890243,-0.00011934965526305685
HR,2016,8267141.0,15.927799299853245,-0.014289216320777953,-0.014187610003195794
HR,2017,8367776.0,15.939898696286107,0.012099396432862619,0.012172890241015644
HR,2018,7444621.0,15.823002316155701,-0.11689638013040593,-0.11032262335894272
HR,2019,7514711.0,15.832373124009253,0.00937080785355171,0.009414851340316721
HR,2020,7323810.0,15.806641242331898,-0.025731881677355517,-0.02540363827697434
HR,2021,6996696.0,15.760948595592524,-0.0456926467393739,-0.04466445743404046
HR,2022,6455403.0,15.680428012537153,-0.08052058305537102,-0.07736408727776656
HR,2023,6567049.0,15.697575126695448,0.01714711415829484,0.017294969810560223
HR,2024,5513270.0,15.522668471522223,-0.17490665517322412,-0.16046461660328715
HR,2025,5740215.0,15.563007224040266,0.04033875251804275,0.04116341118791578
HU,2005,26161642.0,17.079804850167566,,
HU,2006,25845908.0,17.06766284851594,-0.012142001651625378,-0.012068584991721809
HU,2007,26836758.0,17.1052830729062,0.03762022439025969,0.03833682298954244
HU,2008,27236610.0,17.120072582161917,0.014789509255717093,0.01489941519761806
HU,2009,22401259.0,16.92462772060295,-0.19544486155896834,-0.17753130804457673
HU,2010,22991711.0,16.950644317632523,0.026016597029574484,0.02635798282587598
HU,2011,22469975.0,16.927690531566324,-0.02295378606619991,-0.02269235203939368
HU,2012,21265823.0,16.872611788013604,-0.0550787435527198,-0.053589378715374614
HU,2013,19132898.0,16.7669198197496,-0.10569196826400429,-0.10029825791364855
HU,2014,18820042.0,16.750432923787454,-0.01648689596214581,-0.01635173092962705
HU,2015,19649901.0,16.793582858098915,0.043149934311461635,0.04409442869468627
HU,2016,19400528.0,16.78081084015804,-0.012772017940875457,-0.012690801851876987
HU,2017,20642090.0,16.84284275314114,0.062031912983101734,0.06399629948215835
HU,2018,20054307.0,16.81395450161543,-0.02888825152571073,-0.028474975159976545
HU,2019,19527471.0,16.78733280138035,-0.02662170023507926,-0.026270466488819588
HU,2020,18904209.0,16.75489515364896,-0.032437647731391905,-0.03191718989110259
HU,2021,17611523.0,16.68406396168451,-0.07083119196444798,-0.06838085634791702
HU,2022,15558989.0,16.56014910031054,-0.12391486137397223,-0.11654494616961864
HU,2023,13436680.0,16.41349883873435,-0.1466502615761911,-0.1364040427048313
HU,2024,12799176.0,16.364891351817686,-0.04860748691666217,-0.047445053391165115
HU,2025,11063058.0,16.2191220077042,-0.14576934411348574,-0.13564295076495547
IE,2005,22441091.0,16.92640425597525,,
IE,2006,21705439.0,16.893073432265727,-0.033330823709523116,-0.03278147216639338
IE,2007,21246399.0,16.871697980151403,-0.02137545211432368,-0.021148616252359642
IE,2008,20382527.0,16.830188572184092,-0.04150940796731106,-0.040659690143256766
IE,2009,17216080.0,16.661354388773,-0.1688341834110929,-0.15535105141771677
IE,2010,17374051.0,16.67048832921844,0.009133940445440913,0.009175782175733449
IE,2011,15770748.0,16.57366738964696,-0.09682093957147941,-0.09228147194917291
IE,2012,16896866.0,16.642638718909495,0.06897132926253491,0.07140549072244395
IE,2013,15694759.0,16.568837392931634,-0.07380132597786115,-0.07114378488886641
IE,2014,15962536.0,16.585755034606215,0.01691764167458132,0.01706155538928633
IE,2015,16828719.0,16.63859744918817,0.052842414581952823,0.05426349547465392
IE,2016,17738632.0,16.691255418005312,0.052657968817143797,0.05406905896996683
IE,2017,16895726.0,16.64257124850057,-0.048684169504742414,-0.04751809496921744
IE,2018,15527076.0,16.558095896650883,-0.08447535184968658,-0.08100569339251829
IE,2019,14162311.0,16.46609483912785,-0.09200105752303145,-0.0878958150266026
IE,2020,13296424.0,16.403005684858925,-0.06308915426892625,-0.06114023339834862
IE,2021,15320020.0,16.544671027758895,0.14166534289996946,0.15219099511267098
IE,2022,14686224.0,16.50242046949892,-0.042250558259976145,-0.041370442075140845
IE,2023,12193816.0,16.31643949594783,-0.18598097355108933,-0.16971060770964685
IE,2024,11294199.0,16.239799789034898,-0.07663970691293187,-0.07377649457725133
IE,2025,10670686.0,16.18301091361989,-0.05678887541500899,-0.055206482549138736
IS,2013,1779881.0,14.39205706610086,,
IS,2014,1754945.0,14.377948075359686,-0.014108990741172889,-0.014009925382652
IS,2015,1812042.0,14.409964944124384,0.032016868764698,0.03253492274686676
IS,2016,1780965.0,14.392665910197731,-0.017299033926652996,-0.017150264728963194
IS,2017,1831667.0,14.420737039135354,0.028071128937622092,0.028468835715468765
IS,2018,1854685.0,14.433225428283343,0.012488389147989665,0.012566694710337556
IS,2019,1796154.0,14.401158270270745,-0.032067158012598185,-0.031558458714013415
IS,2020,1759642.0,14.38062093723299,-0.020537333037754735,-0.020327878344507222
IS,2021,1828020.0,14.418743971855418,0.038123034622428165,0.03885904064576762
IS,2022,1875076.0,14.444159749898528,0.025415778043109682,0.02574151267491609
IS,2023,1812530.0,14.410234217298127,-0.0339255326004011,-0.03335651461594091
IS,2024,1889154.0,14.451639667776895,0.0414054504787682,0.04227461062713456
IS,2025,1676585.0,14.332269544468073,-0.11937012330882268,-0.11252073679541208
IT,2005,225989455.0,19.235998896855946,,
IT,2006,227439469.0,19.242394690622618,0.0063957937666714315,0.006416290530016022
IT,2007,226405990.0,19.237840361540478,-0.00455432908213993,-0.004543973851785621
IT,2008,220676325.0,19.21220759315752,-0.025632768382958915,-0.025307038033755225
IT,2009,184881602.0,19.03522618897291,-0.17698140418460895,-0.16220463613393965
IT,2010,191489539.0,19.070343738461034,0.035117549488123956,0.035741452521598216
IT,2011,189958180.0,19.062314500634884,-0.008029237826150393,-0.00799708959558365
IT,2012,179069626.0,19.003285260242045,-0.059029240392838744,-0.057320795556158766
IT,2013,164499980.0,18.918421006589146,-0.08486425365289918,-0.08136302244803928
IT,2014,152581871.0,18.84321186897089,-0.07520913761825554,-0.07245051944687164
IT,2015,156206307.0,18.866688172275573,0.0234763033046832,0.023754040871605264
IT,2016,154956291.0,18.858653641567475,-0.008034530708098231,-0.008002340135984443
IT,2017,155331759.0,18.861073768177317,0.0024201266098415886,0.002423057480125168
IT,2018,146482048.0,18.802413439663702,-0.058660328513614246,-0.05697296584402933
IT,2019,140942002.0,18.763859030388346,-0.03855440927535625,-0.03782064816570563
IT,2020,126028578.0,18.65201924872217,-0.11183978166617692,-0.10581248874270988
IT,2021,131474799.0,18.694325748630757,0.04230649990858737,0.043214174804067085
IT,2022,136294721.0,18.730330165175694,0.03600441654493736,0.03666042493816635
IT,2023,114784026.0,18.558562885826525,-0.1717672793491687,-0.15782485808823077
IT,2024,101392574.0,18.43451041172556,-0.12405247410096365,-0.11666651246402526
IT,2025,101173099.0,18.432343459323096,-0.0021669524024652276,-0.0021646062560755075
LI,2008,19883.0,9.89762037425808,,
LI,2009,13379.0,9.50144159247362,-0.3961787817844602,-0.32711361464567723
LI,2010,1796.0,7.493317248862145,-2.008124343611475,-0.8657597727782346
LI,2011,1546.0,7.343426229147367,-0.14989101971477847,-0.1391982182628062
LI,2012,1096.0,6.999422467507961,-0.3440037616394056,-0.2910737386804657
LI,2013,943.0,6.849066282633458,-0.15035618487450364,-0.13959854014598538
LI,2014,309.0,5.733341276897746,-1.1157250057357118,-0.672322375397667
LI,2015,290.0,5.66988092298052,-0.06346035391722626,-0.06148867313915862
LI,2016,151.0,5.017279836814924,-0.6526010861655953,-0.47931034482758617
LI,2017,516.0,6.246106765481563,1.2288269286666385,2.4172185430463577
LI,2018,341.0,5.831882477283517,-0.4142242881980458,-0.3391472868217055
LI,2019,198.0,5.288267030694535,-0.5436154465889818,-0.4193548387096774
LI,2020,600.0,6.396929655216146,1.1086626245216111,2.0303030303030303
LT,2005,6603869.0,15.703166247362661,,
LT,2006,6516911.0,15.68991104863081,-0.013255198731851436,-0.013167735459319374
LT,2007,5998744.0,15.607060671945716,-0.08285037668509432,-0.07951113648782371
LT,2008,6103720.0,15.624408979334666,0.01734830738894999,0.017499663262843024
LT,2009,5786742.0,15.57107999687681,-0.053328982457856,-0.05193193658948969
LT,2010,6393952.0,15.670863101535899,0.0997831046590889,0.10493123764633028
LT,2011,5606425.0,15.53942381946371,-0.13143928207218813,-0.12316748702523883
LT,2012,5718037.0,15.559136122637442,0.019712303173731627,0.019907873555786493
LT,2013,7464155.0,15.825622787638823,0.26648666500138063,0.30537018210969946
LT,2014,6864234.0,15.741835010477944,-0.08378777716087882,-0.08037359888694706
LT,2015,6844943.0,15.73902068942385,-0.002814321054094293,-0.002810364565077439
LT,2016,6159573.0,15.633518014925269,-0.10550267449858097,-0.10012793386299934
LT,2017,6283336.0,15.653411607593277,0.01989359266800861,0.020092788899490177
LT,2018,5952939.0,15.599395605148707,-0.05401600244456972,-0.05258305460666113
LT,2019,6066873.0,15.618353873789564,0.0189582686408567,0.01913911766944021
LT,2020,6137662.0,15.629954445848584,0.011600572059020209,0.011668119639227648
LT,2021,5976002.0,15.603262340466756,-0.026692105381828313,-0.02633901964624319
LT,2022,5066303.0,15.438121918256563,-0.1651404222101931,-0.15222535066085985
LT,2023,4752053.0,15.374087293161075,-0.06403462509548774,-0.06202747841966816
LT,2024,4961894.0,15.417298080651815,0.04321078749073948,0.04415796709338049
LT,2025,4612455.0,15.344270811185767,-0.07302726946604743,-0.07042451934684624
LU,2005,2603349.0,14.772309251055388,,
LU,2006,2712972.0,14.813555270909594,0.041246019854206395,0.04210845338062619
LU,2007,2567231.0,14.758338444117777,-0.05521682679181694,-0.05372005313729744
LU,2008,2098895.0,14.55692157373067,-0.2014168703871082,-0.1824284608591903
LU,2009,2181694.0,14.595612197227368,0.038690623496698606,0.039448852848760874
LU,2010,2252662.0,14.627623185967295,0.032010988739926916,0.032528851433794026
LU,2011,2052211.0,14.534428306497235,-0.09319487947005989,-0.08898405530878584
LU,2012,1989537.0,14.503412506313785,-0.031015800183450182,-0.030539744694868087
LU,2013,1847117.0,14.429136603141538,-0.07427590317224642,-0.07158449428183544
LU,2014,1931704.0,14.473913072907155,0.04477646976561722,0.04579406718686463
LU,2015,1660832.0,14.32282923959082,-0.1510838333163349,-0.14022438220348454
LU,2016,1503325.0,14.223189879558136,-0.09963936003268437,-0.09483620257798497
LU,2017,1492043.0,14.215656879705879,-0.007532999852257305,-0.007504697919611503
LU,2018,1468882.0,14.200012125176755,-0.015644754529123617,-0.01552301106603493
LU,2019,1496130.0,14.218392332136835,0.018380206960079803,0.018550162640702306
LU,2020,1376500.0,14.135054603564798,-0.0833377285720367,-0.07995962917660904
LU,2021,1316802.0,14.090716627737326,-0.044337975827472675,-0.04336941518343629
LU,2022,1133340.0,13.940679583253921,-0.1500370444834047,-0.13932390746672618
LU,2023,883632.0,13.691795965354453,-0.24888361789946778,-0.22032929218063424
LU,2024,831051.0,13.630446443795567,-0.06134952155888662,-0.05950554076810255
LU,2025,667686.0,13.411573282125765,-0.21887316166980142,-0.19657638339885275
LV,2005,2854492.0,14.864404451790126,,
LV,2006,2940685.0,14.894153105373444,0.029748653583318685,0.03019556544562052
LV,2007,2849210.0,14.8625523208373,-0.03160078453614368,-0.031106697929223937
LV,2008,2742918.0,14.824532875196558,-0.03801944564074233,-0.03730577949677283
LV,2009,2489805.0,14.727714952121236,-0.09681792307532255,-0.09227873381559348
LV,2010,3240172.0,14.99113697277923,0.2634220206579947,0.30137581055544516
LV,2011,2923455.0,14.888276693970417,-0.10286027880881399,-0.09774697145707079
LV,2012,2740013.0,14.823473222878546,-0.06480347109187079,-0.06274835767952647
LV,2013,2649814.0,14.790000006819819,-0.03347321605872722,-0.032919186879770246
LV,2014,2354247.0,14.671731489080322,-0.1182685177394962,-0.11154254600511582
LV,2015,2312538.0,14.65385618066614,-0.017875308414183166,-0.01771649278941423
LV,2016,2197000.0,14.602603351366747,-0.05125282929939168,-0.04996155738846242
LV,2017,2049810.0,14.533257663892433,-0.06934568747431413,-0.06699590350477924
LV,2018,2612632.0,14.775868700294582,0.24261103640214898,0.27457276528068464
LV,2019,2493060.0,14.729021429604769,-0.046847270689813314,-0.04576687417133374
LV,2020,2021990.0,14.519592732951907,-0.20942869665286246,-0.18895253222946906
LV,2021,2064880.0,14.540582671308593,0.02098993835668672,0.021211776517193526
LV,2022,1689971.0,14.340221926988713,-0.20036074431988027,-0.18156454612374573
LV,2023,1739119.0,14.368889221127445,0.02866729413873159,0.02908215584764462
LV,2024,1600151.0,14.28560855775697,-0.08328066337047524,-0.07990712538934941
LV,2025,1659267.0,14.321886496548574,0.03627793879160457,0.036944013408734655
MT,2005,1971258.0,14.494182475589767,,
MT,2006,1985765.0,14.501514788287823,0.007332312698055787,0.0073592599243732515
MT,2007,2027364.0,14.522246985040022,0.020732196752199172,0.020948601672403422
MT,2008,2018585.0,14.517907328866588,-0.004339656173433681,-0.004330253471996115
MT,2009,1897113.0,14.455843814881598,-0.06206351398498988,-0.06017680702075956
MT,2010,1878307.0,14.445881397168778,-0.009962417712820582,-0.00991295721446217
MT,2011,1931566.0,14.473841630838617,0.02796023366983924,0.028354789712224937
MT,2012,2052430.0,14.534535014976836,0.060693384138218676,0.06257306247883831
MT,2013,1697304.0,14.344551667830991,-0.1899833471458443,-0.17302709471212174
MT,2014,1659118.0,14.321796693828215,-0.02275497400277615,-0.022498032173376092
MT,2015,889614.0,13.698542939764696,-0.6232537540635192,-0.46380305680488065
MT,2016,579539.0,13.269988238893472,-0.42855470087122427,-0.3485500453005461
MT,2017,723997.0,13.49254252771286,0.22255428881938855,0.2492636388577818
MT,2018,698028.0,13.45601449555312,-0.03652803215974032,-0.035868933158562766
MT,2019,739362.0,13.513542931142632,0.05752843558951248,0.05921538964053008
MT,2020,810207.0,13.605045049555418,0.09150211841278555,0.09581909808726974
MT,2021,771044.0,13.555500719659001,-0.04954432989641688,-0.048337029919514385
MT,2022,796530.0,13.588020072406367,0.03251935274736617,0.0330538853813791
MT,2023,797185.0,13.588842051288262,0.0008219788818948359,0.0008223167991161517
MT,2024,736465.0,13.509616991691798,-0.07922505959646386,-0.07616801620702851
MT,2025,718878.0,13.485446942194619,-0.02417004949717949,-0.023880293021392718
NL,2005,80351292.0,18.201918729670044,,
NL,2006,76702137.0,18.15544012774857,-0.046478601921474905,-0.04541501336406639
NL,2007,79872395.0,18.195940856671612,0.04050072892304257,0.04133206875318218
NL,2008,83510582.0,18.24048391233037,0.044543055658756714,0.04554999258504777
NL,2009,81030700.0,18.210338653175356,-0.030145259155013093,-0.02969542231186939
NL,2010,84735599.0,18.2550463664824,0.04470771330704437,0.045722164562320255
NL,2011,79966837.0,18.197122569193734,-0.057923797288665924,-0.05627814113876739
NL,2012,76425922.0,18.151832489783548,-0.04529007941018648,-0.044279793134746614
NL,2013,86946145.0,18.28079946195652,0.1289669721729716,0.13765254935360804
NL,2014,89044478.0,18.30464655567056,0.023847093714039147,0.024133709435881334
NL,2015,94087699.0,18.359737873375167,0.0550913177046084,0.05663709994459176
NL,2016,93871917.0,18.35744182596467,-0.0022960474104962714,-0.002293413509878661
NL,2017,91409751.0,18.33086271563548,-0.026579110329191025,-0.026228994556486973
NL,2018,87394669.0,18.285944843342126,-0.04491787229335387,-0.04392400106198735
NL,2019,83726614.0,18.243067453854973,-0.042877389487152584,-0.04197115272557417
NL,2020,74121865.0,18.1212211209645,-0.12184633289047397,-0.11471560285478644
NL,2021,74153581.0,18.12164891938075,0.0004277984162506243,0.0004278899350413923
NL,2022,68522183.0,18.042668090223845,-0.07898082915690452,-0.07594236076070282
NL,2023,58888869.0,17.891162649438318,-0.1515054407855274,-0.14058679362273085
NL,2024,59865342.0,17.907608297970683,0.016445648532364743,0.01658162258134044
NL,2025,61854185.0,17.940290318216192,0.03268202024550959,0.033221943340773
NO,2008,19342443.0,16.77781235852277,,
NO,2009,19215690.0,16.771237690782097,-0.006574667740672169,-0.006553101901347169
NO,2010,19274275.0,16.774281863217286,0.003044172435188841,0.003048810633393906
NO,2011,19083018.0,16.764309387576525,-0.009972475640761758,-0.009922915388516529
NO,2012,18560346.0,16.736537927389943,-0.02777146018658172,-0.027389378346758364
NO,2013,24687895.0,17.021823600497616,0.2852856731076727,0.33014195963803683
NO,2014,24975363.0,17.0334004169278,0.011576816430185488,0.011644087112327783
NO,2015,25706419.0,17.062251285215943,0.028850868288142095,0.029271086069900143
NO,2016,25215836.0,17.042982767811488,-0.019268517404455565,-0.019084066123717935
NO,2017,25414470.0,17.050829254819217,0.007846487007729053,0.007877351359677265
NO,2018,25158775.0,17.04071730021692,-0.010111954602297857,-0.010061000681894972
NO,2019,24641834.0,17.019956125677865,-0.020761174539053684,-0.020547145081586837
NO,2020,23727592.0,16.982149148336763,-0.037806977341102055,-0.03710121576178138
NO,2021,22988107.0,16.950487553201338,-0.0316615951354251,-0.031165615120152146
NO,2022,22522445.0,16.930022925502307,-0.020464627699031013,-0.020256648361694163
NO,2023,21327464.0,16.87550618980201,-0.05451673570029669,-0.05305733902336096
NO,2024,20451375.0,16.833560675356583,-0.041945514445426824,-0.041077973452446126
NO,2025,20558860.0,16.838802549543153,0.005241874186570072,0.005255636845933331
PL,2005,203149576.0,19.129453093268094,,
PL,2006,209616290.0,19.16078922685681,0.031336133588716564,0.03183227908878328
PL,2007,209618357.0,19.16079908768303,9.860826221341767e-06,9.860874839340283e-06
PL,2008,204107419.0,19.13415697694795,-0.02664211073508227,-0.026290340592641903
PL,2009,191174249.0,19.068695868548936,-0.06546110839901331,-0.06336452669562198
PL,2010,199726907.0,19.112461526415473,0.043765657866536856,0.04473750018497524
PL,2011,203026525.0,19.12884719349476,0.016385667079287458,0.016520648367122526
PL,2012,196636280.0,19.09686628578369,-0.03198090771106976,-0.031474926736789643
PL,2013,205735395.0,19.142101410797824,0.04523512501413407,0.046273836140512836
PL,2014,197129387.0,19.099370857914234,-0.04273055288359018,-0.04183046869499529
PL,2015,198700536.0,19.107309405052376,0.007938547138142127,0.0079701409511308
PL,2016,198051726.0,19.10403879696519,-0.003270608087184712,-0.003265265474673873
PL,2017,202166696.0,19.124603142775065,0.02056434580987343,0.02077724886881316
PL,2018,199974539.0,19.11370061140834,-0.010902531366724588,-0.010843314172775509
PL,2019,183690533.0,19.02876301374578,-0.08493759766255948,-0.08143039649662598
PL,2020,171729419.0,18.961430650736478,-0.06733236300930301,-0.06511557130709611
PL,2021,192032908.0,19.073177311138803,0.11174666040232495,0.11822953293751026
PL,2022,184145848.0,19.031238653764348,-0.041938657374455346,-0.0410713980335079
PL,2023,153018903.0,18.846072020744767,-0.18516663301958047,-0.16903419402646536
PL,2024,148707821.0,18.8174940058778,-0.028578014866965873,-0.02817352572446552
PL,2025,113915915.0,18.550971146487818,-0.2665228593899833,-0.23396150764659518
PT,2005,36425933.0,17.410791523993414,,
PT,2006,33061969.0,17.313894206962328,-0.09689731703108606,-0.09235079853685557
PT,2007,31197278.0,17.255841405384025,-0.05805280157830239,-0.05639987745436459
PT,2008,29911640.0,17.213758260263106,-0.042083145120919596,-0.04120994145707202
PT,2009,28261960.0,17.157027288795824,-0.05673097146728168,-0.055151773690777284
PT,2010,24167190.0,17.000506486094736,-0.15652080270108826,-0.14488627115741437
PT,2011,25010518.0,17.03480701435463,0.03430052825989449,0.03489557536478172
PT,2012,25254395.0,17.044510757945,0.009703743590371516,0.009750977568717234
PT,2013,24660693.0,17.020721157495394,-0.023789600449607207,-0.023508858557094725
PT,2014,24196794.0,17.00173070301191,-0.01899045448348602,-0.018811271848686473
PT,2015,27957283.0,17.14618829607308,0.14445759306117267,0.15541269640928457
PT,2016,25755477.0,17.064157861485914,-0.08203043458716763,-0.07875607940871798
PT,2017,30076001.0,17.219238102729157,0.15508024124324393,0.16775165919078106
PT,2018,26296307.0,17.08493906903748,-0.13429903369167917,-0.1256714281928638
PT,2019,21604075.0,16.88839251226823,-0.19654655676924904,-0.17843691891793023
PT,2020,18733777.0,16.745838709189385,-0.1425538030788438,-0.13285910181296812
PT,2021,16037219.0,16.590422766318387,-0.1554159428709987,-0.14394096823080582
PT,2022,16191278.0,16.59998326015422,0.009560493835834905,0.009606341348833647
PT,2023,12762063.0,16.36198749992857,-0.23799576022565105,-0.21179396709759413
PT,2024,11322162.0,16.24227260190245,-0.11971489802612112,-0.11282666446639544
PT,2025,11396005.0,16.24877341335028,0.00650081144782888,0.006521987585056621
RO,2007,69611799.0,18.058444636798832,,
RO,2008,63816826.0,17.971527443951793,-0.08691719284703936,-0.08324699380344991
RO,2009,49061704.0,17.708589329171467,-0.2629381147803258,-0.2312105274555648
RO,2010,47344119.0,17.67295316713705,-0.035636162034418106,-0.035008669898623945
RO,2011,51238935.0,17.752010250233482,0.07905708309643344,0.08226609940719354
RO,2012,47857377.0,17.683735833259373,-0.06827441697410919,-0.06599586818110093
RO,2013,42414701.0,17.563005581806223,-0.12073025145314986,-0.11372700179535544
RO,2014,42575226.0,17.566783092778444,0.0037775109722204547,0.0037846547592070845
RO,2015,42396344.0,17.56257269006938,-0.0042104027090630325,-0.004201551390472957
RO,2016,39778381.0,17.49883413171824,-0.06373855835114028,-0.0617497348356264
RO,2017,40617496.0,17.519709467706317,0.02087533598807667,0.021094749934644108
RO,2018,39638158.0,17.495302798132457,-0.024406669573860285,-0.024111235217454063
RO,2019,36545538.0,17.414069657364408,-0.08123314076804888,-0.07802128444010947
RO,2020,32665999.0,17.30184530898235,-0.11222434838205686,-0.1061562973843756
RO,2021,32302679.0,17.290660725929925,-0.011184583052425978,-0.01112226814186823
RO,2022,28160835.0,17.15344274080314,-0.13721798512678518,-0.12821982969276324
RO,2023,23830020.0,16.986456688352792,-0.1669860524503477,-0.15378858616940871
RO,2024,22903082.0,16.946782044621536,-0.03967464373125651,-0.038897911122189543
RO,2025,21101835.0,16.864870561489543,-0.08191148313199292,-0.07864648958598675
SE,2005,19381682.0,16.779838951166493,,
SE,2006,20002497.0,16.81136767372515,0.03152872255865802,0.032031017741391166
SE,2007,19040731.0,16.76209097944765,-0.04927669427750203,-0.04808229692522892
SE,2008,20080518.0,16.81526064926782,0.05316966982017135,0.05460856518586388
SE,2009,17491867.0,16.677246588010167,-0.13801406125765325,-0.12891355691123108
SE,2010,22661193.0,16.936164460015885,0.2589178720057177,0.29552740139174394
SE,2011,19853885.0,16.80391026383136,-0.13225419618452605,-0.12388173914762568
SE,2012,18172023.0,16.7153937715441,-0.08851649228725833,-0.0847119845813552
SE,2013,20143270.0,16.81838079553098,0.10298702398688064,0.10847702537026294
SE,2014,19326501.0,16.776987820831582,-0.04139297469939862,-0.040547984512941504
SE,2015,19236229.0,16.772305986070734,-0.004681834760848602,-0.004670892056456544
SE,2016,19884726.0,16.805462457298418,0.03315647122768439,0.03371227281604927
SE,2017,19761991.0,16.79927100431745,-0.006191452980967682,-0.0061723254320930065
SE,2018,19999943.0,16.811239981514206,0.011968977196755048,0.012040892033601258
SE,2019,18895094.0,16.754412869614427,-0.056827111899778515,-0.05524260744143117
SE,2020,16705579.0,16.631253293453693,-0.12315957616073447,-0.11587743358143654
SE,2021,18476247.0,16.731996519137795,0.1007432256841021,0.10599261480251587
SE,2022,17658168.0,16.686709010499662,-0.04528750863813258,-0.04427733619278851
SE,2023,17234053.0,16.662397810093356,-0.024311200406305744,-0.024018063482010188
SE,2024,16906770.0,16.64322469139384,-0.019173118699516323,-0.018990483550213044
SE,2025,16181173.0,16.59935896387661,-0.04386572751722895,-0.04291754131628922
SI,2005,8720550.0,15.981192867290615,,
SI,2006,8842182.0,15.995044236734863,0.013851369444248363,0.01394774412164379
SI,2007,9048634.0,16.01812436505712,0.023080128322256144,0.023348535463305398
SI,2008,8860105.0,15.997069173526842,-0.021055191530276574,-0.020835078532295603
SI,2009,8067023.0,15.903295075036901,-0.09377409848994134,-0.0895115802803691
SI,2010,8129863.0,15.9110546302135,0.007759555176598099,0.007789738544194069
SI,2011,7994552.0,15.894270867658282,-0.016783762555217407,-0.016643699899986042
SI,2012,7610592.0,15.845051519190648,-0.049219348467634205,-0.04802770686837732
SI,2013,7389985.0,15.815636263152365,-0.029415256038282322,-0.028986838343193266
SI,2014,6115287.0,15.626302259771474,-0.1893340033808908,-0.1724899306290879
SI,2015,6109590.0,15.625370225786607,-0.0009320339848670756,-0.0009315997761021322
SI,2016,6478662.0,15.68402456552674,0.05865433974013179,0.06040863625873416
SI,2017,6570026.0,15.698028347835002,0.014003782308263268,0.01410229457872636
SI,2018,6491912.0,15.686067652379954,-0.011960695455048409,-0.011889450665796497
SI,2019,6253595.0,15.648667056348472,-0.037400596031481825,-0.03670983217270962
SI,2020,6095593.0,15.623076609027867,-0.02559044732060478,-0.025265787119248984
SI,2021,5680711.0,15.552586958919804,-0.07048965010806363,-0.06806261507288958
SI,2022,4861180.0,15.396791764759836,-0.15579519415996756,-0.14426556816567504
SI,2023,4582144.0,15.337677568826063,-0.05911419593377332,-0.05740087797612925
SI,2024,5007459.0,15.426439158770169,0.08876158994410588,0.09282008596848978
SI,2025,3671417.0,15.116088249054195,-0.31035090971597334,-0.26681037228662285
SK,2005,25231769.0,17.04361443310183,,
SK,2006,25543243.0,17.05588337779826,0.01226894469643014,0.012344516946076967
SK,2007,24516834.0,17.014870541609238,-0.041012836189022295,-0.04018319052126618
SK,2008,25336706.0,17.04776473230022,0.03289419069098187,0.03344118575832433
SK,2009,21595209.0,16.887982042496347,-0.15978268980387256,-0.1476710113777221
SK,2010,21698625.0,16.8927594524478,0.004777409951454814,0.004788839969087633
SK,2011,22222534.0,16.91661737707767,0.02385792462986913,0.02414480180195744
SK,2012,20937594.0,16.85705685709172,-0.05956051998595058,-0.05782148876451265
SK,2013,21831827.0,16.898879417190876,0.04182256009915619,0.04270944407461519
SK,2014,20918069.0,16.85612388888542,-0.042755528305455925,-0.041854399084419236
SK,2015,21181216.0,16.86862530914294,0.012501420257517992,0.012579889663811628
SK,2016,21264045.0,16.872528176185746,0.003902867042807401,0.003910493146380256
SK,2017,22063225.0,16.909422753307673,0.03689457712192734,0.037583630019594194
SK,2018,22193396.0,16.915305325109827,0.005882571802153791,0.005899908105002849
SK,2019,19903840.0,16.806423235903523,-0.10888208920630404,-0.10316384207265983
SK,2020,18169997.0,16.71528227526502,-0.09114096063850141,-0.08711097958986813
SK,2021,20898870.0,16.855205648487722,0.13992337322270032,0.15018566045993298
SK,2022,17418249.0,16.673029007688964,-0.18217664079875817,-0.16654589458664515
SK,2023,16994172.0,16.648381019713657,-0.024647987975306762,-0.02434670672120942
SK,2024,15308277.0,16.543904220477682,-0.10447679923597519,-0.09920430368716993
SK,2025,14613054.0,16.497425796789727,-0.04647842368795452,-0.04541484322500833
XI,2005,5297128.0,15.482675344856188,,
XI,2006,5745420.0,15.563913573642411,0.08123822878622278,0.08462925570233537
XI,2007,4698519.0,15.36275791064086,-0.20115566300155052,-0.18221487724135055
XI,2008,4831028.0,15.390569839421218,0.02781192878035732,0.0282022909772206
XI,2009,3704434.0,15.125041038510615,-0.2655288009106034,-0.23319964198096144
XI,2010,3984920.0,15.198027794722632,0.07298675621201767,0.0757162902618862
XI,2011,3761225.0,15.140255260177815,-0.05777253454481723,-0.05613538038404786
XI,2012,3873954.0,15.169786248846574,0.029530988668758695,0.02997135241842752
XI,2013,4072459.0,15.21975755188157,0.04997130303499553,0.051240928519027396
XI,2014,3812460.0,15.153785208039485,-0.06597234384208406,-0.06384324556735865
XI,2015,3827742.0,15.157785631164504,0.004000423125019026,0.004008435498339624
XI,2016,3983703.0,15.197722346715,0.03993671555049616,0.040744909139644125
XI,2017,3423431.0,15.046153822527817,-0.15156852418718358,-0.14064100662122658
XI,2018,2975664.0,14.905977765335264,-0.14017605719255322,-0.13079480789885933
XI,2019,2747825.0,14.826320247618238,-0.07965751771702578,-0.07656744847536545
XI,2020,2812224.0,14.84948618734609,0.023165939727851637,0.02343635420741852
XI,2021,3112486.0,14.950932321753017,0.10144613440692751,0.10677029994765719
XI,2022,2998092.0,14.91348664429859,-0.03744567745442673,-0.03675325768533577
XI,2023,2199921.0,14.603932008592889,-0.30955463570570174,-0.26622631993948154
XI,2024,2052694.0,14.534663634721507,-0.06926837387138107,-0.06692376680798995
XI,2025,1942672.0,14.479574902992548,-0.05508873172895967,-0.05359883158424972
