country_code,year,d_log_emissions,digital_multi,log_gdp_per_capita,industry_va_share,electricity_price,log_gdp_per_capita_lag,industry_va_share_lag,electricity_price_lag,d_log_gdp,d_industry_va_share,d_electricity_price
AT,2024,-0.020285477469787594,0.6,10.717524050371527,21.0,0.17425000000000002,10.729196906179045,22.4,0.22135,-0.01167285580751809,-1.3999999999999986,-0.047099999999999975
AT,2025,0.06700069705032163,0.6,10.72304709545051,20.8,0.16035,10.717524050371527,21.0,0.17425000000000002,0.005523045078984268,-0.1999999999999993,-0.013900000000000023
BE,2024,0.012536886527666269,0.71,10.701219948286148,15.3,0.12685,10.696253798124786,16.0,0.1688,0.004966150161362037,-0.6999999999999993,-0.041950000000000015
BE,2025,0.007546497784677086,0.6,10.706609586304646,15.1,0.1383,10.701219948286148,15.3,0.12685,0.005389638018497678,-0.20000000000000107,0.011450000000000016
BG,2024,-0.1301022066872939,0.26,9.335209354022052,19.4,0.1296,9.301094735244646,21.5,0.14200000000000002,0.03411461877740507,-2.1000000000000014,-0.012400000000000022
BG,2025,-0.6137269466230038,0.35,9.368198456591763,19.2,0.13485000000000003,9.335209354022052,19.4,0.1296,0.03298910256971155,-0.1999999999999993,0.005250000000000032
CY,2024,0.0007583554385099944,0.37,10.307284603543595,6.9,0.1789,10.286025156000587,7.2,0.2012,0.02125944754300768,-0.2999999999999998,-0.022299999999999986
CY,2025,-0.002887814833131941,0.32,10.328428437144948,6.8,0.1734,10.307284603543595,6.9,0.1789,0.021143833601353634,-0.10000000000000053,-0.005500000000000005
CZ,2024,-0.14025596114318972,0.64,9.996522418503318,26.9,0.17575000000000002,9.984145455553582,27.1,0.2,0.01237696294973567,-0.20000000000000284,-0.024249999999999994
CZ,2025,-0.013303958472832278,0.48,10.021714933900778,25.5,0.17205,9.996522418503318,26.9,0.17575000000000002,0.02519251539746037,-1.3999999999999986,-0.003700000000000009
DE,2024,-0.05831564213295337,0.5,10.683958561267747,23.4,0.1767,10.68670393018494,24.3,0.18075000000000002,-0.002745368917192792,-0.9000000000000021,-0.004050000000000026
DE,2025,-0.034992461189474966,0.56,10.68624689178576,22.8,0.1623,10.683958561267747,23.4,0.1767,0.0022883305180130264,-0.5999999999999979,-0.014399999999999996
DK,2024,-0.1115581568211308,0.64,10.979683801919906,22.2,0.11725,10.946763296164772,20.4,0.13235,0.0329205057551345,1.8000000000000007,-0.015100000000000002
DK,2025,-0.18921003564855354,0.72,11.008578807301946,22.9,0.12310000000000001,10.979683801919906,22.2,0.11725,0.02889500538204004,0.6999999999999993,0.005850000000000022
EE,2024,-0.15678294037115847,0.4,9.974411890872826,16.7,0.13365,9.979522238812125,17.7,0.14235,-0.005110347939298876,-1.0,-0.008700000000000013
EE,2025,-0.08666123312268326,0.4,9.990582259387061,16.5,0.1242,9.974411890872826,16.7,0.13365,0.016170368514234923,-0.1999999999999993,-0.009449999999999986
EL,2024,0.041657164649546274,0.32,9.853246336099382,15.1,0.147,9.830916859701293,14.8,0.1543,0.022329476398088133,0.29999999999999893,-0.007300000000000001
EL,2025,-0.028721316047285228,0.31,9.87302834505142,15.2,0.15795,9.853246336099382,15.1,0.147,0.01978200895203841,0.09999999999999964,0.010950000000000015
ES,2024,-0.05344551611907633,0.59,10.232791299678729,15.6,0.1225,10.20913232536208,16.1,0.14745,0.023658974316647985,-0.5000000000000018,-0.02495
ES,2025,0.020175213144149495,0.66,10.251323547807656,15.7,0.11975,10.232791299678729,15.6,0.1225,0.01853224812892762,0.09999999999999964,-0.0027500000000000024
FI,2024,-0.1464426448146483,0.62,10.676600514733956,20.1,0.08125,10.675445913520363,20.6,0.0925,0.0011546012135923434,-0.5,-0.011249999999999996
FI,2025,-0.11123164272021668,0.58,10.679366130693538,19.9,0.07,10.676600514733956,20.1,0.08125,0.002765615959582135,-0.20000000000000284,-0.011249999999999996
FR,2024,-0.1015814940348001,0.33,10.550067097279738,14.0,0.15195,10.538210812958356,14.7,0.2005,0.011856284321382304,-0.6999999999999993,-0.04855000000000001
FR,2025,-0.19803136561867163,0.29,10.554770528997375,13.5,0.13035,10.550067097279738,14.0,0.15195,0.0047034317176368745,-0.5,-0.021600000000000008
HR,2024,-0.17490665517322412,0.33,9.74449182104567,15.5,0.1724,9.710509415553645,18.0,0.23804999999999998,0.03398240549202569,-2.5,-0.06564999999999999
HR,2025,0.04033875251804275,0.29,9.775085837731604,14.9,0.14945,9.74449182104567,15.5,0.1724,0.030594016685933312,-0.5999999999999996,-0.022949999999999998
HU,2024,-0.04860748691666217,0.25,9.693383614729722,21.7,0.1847,9.683464128558162,23.3,0.2494,0.00991948617155991,-1.6000000000000014,-0.06470000000000001
HU,2025,-0.14576934411348574,0.37,9.70320567036518,20.7,0.17495,9.693383614729722,21.7,0.1847,0.009822055635458682,-1.0,-0.009750000000000009
IE,2024,-0.07663970691293187,0.47,11.39975676686459,32.0,0.22875,11.380878684049897,33.0,0.26544999999999996,0.01887808281469283,-1.0,-0.036699999999999955
IE,2025,-0.05678887541500899,0.45,11.460895056875843,32.2,0.2255,11.39975676686459,32.0,0.22875,0.061138290011253815,0.20000000000000284,-0.003250000000000003
IT,2024,-0.12405247410096365,0.44,10.401227936753463,19.8,0.1739,10.392987389587367,20.3,0.20975,0.008240547166096235,-0.5,-0.03584999999999999
IT,2025,-0.0021669524024652276,0.45,10.406684149137627,19.7,0.18464999999999998,10.401227936753463,19.8,0.1739,0.005456212384164161,-0.10000000000000142,0.010749999999999982
LU,2024,-0.06134952155888662,0.3,11.522875795823397,5.7,0.15635,11.535176073905049,5.7,0.19485,-0.012300278081651683,0.0,-0.038500000000000006
LU,2025,-0.21887316166980142,0.36,11.516718263208924,5.1,0.1454,11.522875795823397,5.7,0.15635,-0.006157532614473382,-0.6000000000000005,-0.010949999999999988
LV,2025,0.03627793879160457,0.6,9.771098364490383,15.1,0.14065,9.735660441892627,15.3,0.1499,0.035437922597756355,-0.20000000000000107,-0.009250000000000008
NL,2024,0.016445648532364743,0.57,10.837028637816811,15.0,0.16255,10.832891923555666,15.1,0.20955000000000001,0.004136714261145258,-0.09999999999999964,-0.047000000000000014
NL,2025,0.03268202024550959,0.65,10.847393451443256,15.0,0.1523,10.837028637816811,15.0,0.16255,0.010364813626445368,0.0,-0.010250000000000009
PL,2024,-0.028578014866965873,0.41,9.711721536914174,22.9,0.13615,9.67721410821299,25.6,0.14905,0.034507428701184395,-2.700000000000003,-0.012899999999999995
PL,2025,-0.2665228593899833,0.42,9.75091895389152,21.6,0.13945,9.711721536914174,22.9,0.13615,0.03919741697734658,-1.2999999999999972,0.0032999999999999974
PT,2024,-0.11971489802612112,0.41,10.015476054484175,16.4,0.1149,10.004689433045096,16.6,0.158,0.01078662143907927,-0.20000000000000284,-0.0431
PT,2025,0.00650081144782888,0.41,10.023933705611995,15.9,0.11755,10.015476054484175,16.4,0.1149,0.008457651127820043,-0.4999999999999982,0.0026499999999999996
RO,2024,-0.03967464373125651,0.32,9.479603858903946,19.1,0.13795000000000002,9.47039427731049,20.9,0.1554,0.009209581593456306,-1.7999999999999972,-0.017449999999999993
RO,2025,-0.08191148313199292,0.48,9.48721424571136,18.6,0.1505,9.479603858903946,19.1,0.13795000000000002,0.007610386807414216,-0.5,0.012549999999999978
SE,2024,-0.019173118699516323,0.58,10.794870648704098,17.7,0.08315,10.77812260914145,18.8,0.09255,0.01674803956264803,-1.1000000000000014,-0.009399999999999992
SE,2025,-0.04386572751722895,0.66,10.804664646600235,17.2,0.08805,10.794870648704098,17.7,0.08315,0.00979399789613744,-0.5,0.004900000000000002
SI,2024,0.08876158994410588,0.52,10.150347630467653,26.1,0.1542,10.133408088129361,26.4,0.19825,0.016939542338292313,-0.29999999999999716,-0.044050000000000006
SK,2024,-0.10447679923597519,0.41,9.857967037234319,23.4,0.1693,9.838949031398556,23.4,0.22615,0.019018005835762963,0.0,-0.056849999999999984
SK,2025,-0.04647842368795452,0.49,9.866304761408411,22.8,0.1656,9.857967037234319,23.4,0.1693,0.008337724174092287,-0.5999999999999979,-0.003700000000000009
