country_code,nace_r2,year,dii_version,dii_high_share
AT,C,2015,1,0.24630000000000002
BE,C24_C25,2015,1,0.1447
BG,C16-C18,2015,1,0.0667
BG,C24_C25,2015,1,0.062
CY,C,2015,1,0.0443
CY,C16-C18,2015,1,0.046799999999999994
CY,C24_C25,2015,1,0.0174
CZ,C,2015,1,0.1353
CZ,C16-C18,2015,1,0.1067
CZ,C24_C25,2015,1,0.095
DE,C,2015,1,0.18489999999999998
DE,C16-C18,2015,1,0.236
DE,C24_C25,2015,1,0.115
DK,C,2015,1,0.39370000000000005
DK,C16-C18,2015,1,0.38480000000000003
DK,C24_C25,2015,1,0.1839
EE,C,2015,1,0.13649999999999998
EE,C16-C18,2015,1,0.0955
EE,C24_C25,2015,1,0.0901
EL,C,2015,1,0.0712
EL,C16-C18,2015,1,0.060700000000000004
EL,C24_C25,2015,1,0.0924
ES,C,2015,1,0.2061
ES,C24_C25,2015,1,0.1384
FI,C,2015,1,0.3405
FI,C24_C25,2015,1,0.17309999999999998
FR,C,2015,1,0.1507
FR,C16-C18,2015,1,0.126
FR,C24_C25,2015,1,0.10690000000000001
HR,C,2015,1,0.13799999999999998
HR,C16-C18,2015,1,0.148
HR,C24_C25,2015,1,0.1058
HU,C,2015,1,0.0767
HU,C16-C18,2015,1,0.091
HU,C24_C25,2015,1,0.032600000000000004
IE,C,2015,1,0.1493
IE,C16-C18,2015,1,0.14309999999999998
IE,C24_C25,2015,1,0.11180000000000001
IT,C,2015,1,0.0944
IT,C16-C18,2015,1,0.0854
IT,C24_C25,2015,1,0.042300000000000004
LT,C,2015,1,0.24309999999999998
LT,C16-C18,2015,1,0.1818
LT,C24_C25,2015,1,0.25549999999999995
LU,C,2015,1,0.2112
LU,C24_C25,2015,1,0.0934
LV,C24_C25,2015,1,0.0431
MK,C24_C25,2015,1,0.0095
MT,C,2015,1,0.1628
MT,C16-C18,2015,1,0.1547
MT,C24_C25,2015,1,0.16210000000000002
NL,C,2015,1,0.3543
NL,C16-C18,2015,1,0.4265
NL,C24_C25,2015,1,0.2455
NO,C,2015,1,0.3109
NO,C16-C18,2015,1,0.31880000000000003
NO,C24_C25,2015,1,0.2716
PL,C,2015,1,0.1033
PL,C16-C18,2015,1,0.0715
PL,C24_C25,2015,1,0.0774
PT,C,2015,1,0.1051
PT,C16-C18,2015,1,0.07890000000000001
PT,C24_C25,2015,1,0.09029999999999999
RO,C,2015,1,0.0713
RO,C16-C18,2015,1,0.0647
RO,C24_C25,2015,1,0.048799999999999996
SE,C,2015,1,0.2332
SE,C16-C18,2015,1,0.2376
SE,C24_C25,2015,1,0.1257
SI,C16-C18,2015,1,0.032
SI,C24_C25,2015,1,0.0348
SK,C,2015,1,0.1207
SK,C16-C18,2015,1,0.1133
SK,C24_C25,2015,1,0.0504
UK,C,2015,1,0.1745
UK,C16-C18,2015,1,0.172
UK,C24_C25,2015,1,0.0864
AT,C,2016,1,0.14150000000000001
BE,C,2016,1,0.1675
BE,C24_C25,2016,1,0.0795
BG,C16-C18,2016,1,0.038
BG,C24_C25,2016,1,0.0349
CY,C,2016,1,0.0102
CY,C16-C18,2016,1,0.0
CY,C24_C25,2016,1,0.0
CZ,C,2016,1,0.1462
CZ,C16-C18,2016,1,0.1666
CZ,C24_C25,2016,1,0.0977
DE,C,2016,1,0.08530000000000001
DE,C16-C18,2016,1,0.13849999999999998
DE,C24_C25,2016,1,0.0587
DK,C,2016,1,0.3618
DK,C16-C18,2016,1,0.3249
DK,C24_C25,2016,1,0.2184
EE,C,2016,1,0.12050000000000001
EE,C16-C18,2016,1,0.0951
EE,C24_C25,2016,1,0.0642
EL,C,2016,1,0.1233
EL,C16-C18,2016,1,0.09139999999999998
EL,C24_C25,2016,1,0.0974
ES,C,2016,1,0.1642
ES,C24_C25,2016,1,0.109
FI,C,2016,1,0.40659999999999996
FI,C24_C25,2016,1,0.2885
FR,C,2016,1,0.0861
FR,C16-C18,2016,1,0.0635
FR,C24_C25,2016,1,0.0314
HR,C,2016,1,0.1392
HR,C16-C18,2016,1,0.0641
HR,C24_C25,2016,1,0.0964
HU,C,2016,1,0.06520000000000001
HU,C16-C18,2016,1,0.0726
HU,C24_C25,2016,1,0.023399999999999997
IE,C,2016,1,0.1233
IE,C16-C18,2016,1,0.153
IE,C24_C25,2016,1,0.0377
IT,C,2016,1,0.0699
IT,C16-C18,2016,1,0.0779
IT,C24_C25,2016,1,0.0248
LT,C,2016,1,0.1542
LT,C16-C18,2016,1,0.1531
LT,C24_C25,2016,1,0.1644
LU,C,2016,1,0.15109999999999998
LU,C24_C25,2016,1,0.0698
LV,C16-C18,2016,1,0.0223
LV,C24_C25,2016,1,0.0236
MK,C,2016,1,0.04769999999999999
MK,C16-C18,2016,1,0.0634
MK,C24_C25,2016,1,0.0467
MT,C,2016,1,0.1091
MT,C16-C18,2016,1,0.17300000000000001
MT,C24_C25,2016,1,0.1494
NL,C,2016,1,0.1991
NL,C16-C18,2016,1,0.21710000000000002
NL,C24_C25,2016,1,0.0964
NO,C,2016,1,0.3292
NO,C16-C18,2016,1,0.3985
NO,C24_C25,2016,1,0.2777
PL,C,2016,1,0.0771
PL,C16-C18,2016,1,0.0644
PL,C24_C25,2016,1,0.0472
PT,C,2016,1,0.08200000000000002
PT,C16-C18,2016,1,0.0984
PT,C24_C25,2016,1,0.0479
RO,C,2016,1,0.029300000000000003
RO,C16-C18,2016,1,0.0154
RO,C24_C25,2016,1,0.015700000000000002
SE,C,2016,1,0.2813
SE,C16-C18,2016,1,0.37260000000000004
SE,C24_C25,2016,1,0.1725
SI,C16-C18,2016,1,0.0537
SI,C24_C25,2016,1,0.039599999999999996
SK,C,2016,1,0.0702
SK,C16-C18,2016,1,0.0603
SK,C24_C25,2016,1,0.0128
UK,C,2016,1,0.1673
UK,C16-C18,2016,1,0.25139999999999996
UK,C24_C25,2016,1,0.044399999999999995
AT,C,2017,1,0.26739999999999997
AT,C16-C18,2017,1,0.2048
AT,C24_C25,2017,1,0.1579
BE,C24_C25,2017,1,0.19949999999999998
BG,C16-C18,2017,1,0.0768
BG,C24_C25,2017,1,0.020499999999999997
CY,C,2017,1,0.0809
CY,C16-C18,2017,1,0.11130000000000001
CY,C24_C25,2017,1,0.0443
CZ,C,2017,1,0.1355
CZ,C16-C18,2017,1,0.1128
CZ,C24_C25,2017,1,0.0925
DE,C,2017,1,0.2591
DE,C16-C18,2017,1,0.2984
DE,C24_C25,2017,1,0.1775
DK,C,2017,1,0.33909999999999996
DK,C16-C18,2017,1,0.45280000000000004
DK,C24_C25,2017,1,0.161
EE,C,2017,1,0.154
EE,C16-C18,2017,1,0.1185
EE,C24_C25,2017,1,0.10300000000000001
EL,C16-C18,2017,1,0.1389
EL,C24_C25,2017,1,0.057699999999999994
ES,C,2017,1,0.2112
ES,C24_C25,2017,1,0.1214
FI,C,2017,1,0.2702
FI,C24_C25,2017,1,0.15380000000000002
FR,C,2017,1,0.1487
FR,C16-C18,2017,1,0.1832
FR,C24_C25,2017,1,0.0621
HR,C,2017,1,0.11599999999999999
HR,C16-C18,2017,1,0.0683
HR,C24_C25,2017,1,0.0795
HU,C,2017,1,0.08839999999999999
HU,C16-C18,2017,1,0.06
HU,C24_C25,2017,1,0.0469
IE,C,2017,1,0.1825
IE,C16-C18,2017,1,0.16329999999999997
IE,C24_C25,2017,1,0.1436
IT,C,2017,1,0.09399999999999999
IT,C16-C18,2017,1,0.0576
IT,C24_C25,2017,1,0.04019999999999999
LT,C,2017,1,0.22519999999999998
LT,C16-C18,2017,1,0.1741
LT,C24_C25,2017,1,0.1718
LU,C,2017,1,0.2082
LU,C24_C25,2017,1,0.1335
LV,C16-C18,2017,1,0.0285
LV,C24_C25,2017,1,0.0806
MT,C,2017,1,0.13570000000000002
MT,C16-C18,2017,1,0.1107
MT,C24_C25,2017,1,0.1844
NL,C,2017,1,0.3602
NL,C16-C18,2017,1,0.3215
NL,C24_C25,2017,1,0.28650000000000003
NO,C,2017,1,0.276
NO,C16-C18,2017,1,0.27790000000000004
NO,C24_C25,2017,1,0.24710000000000001
PL,C,2017,1,0.08560000000000001
PL,C16-C18,2017,1,0.07429999999999999
PL,C24_C25,2017,1,0.054900000000000004
PT,C,2017,1,0.16419999999999998
PT,C16-C18,2017,1,0.1233
PT,C24_C25,2017,1,0.17
RO,C,2017,1,0.0747
RO,C16-C18,2017,1,0.1025
RO,C24_C25,2017,1,0.0733
RS,C,2017,1,0.1787
RS,C16-C18,2017,1,0.1773
RS,C24_C25,2017,1,0.11449999999999999
SE,C,2017,1,0.2755
SE,C16-C18,2017,1,0.25220000000000004
SE,C24_C25,2017,1,0.12179999999999999
SI,C16-C18,2017,1,0.078
SI,C24_C25,2017,1,0.0989
SK,C,2017,1,0.09889999999999999
SK,C16-C18,2017,1,0.060899999999999996
SK,C24_C25,2017,1,0.0245
TR,C,2017,1,0.0504
TR,C24_C25,2017,1,0.0364
UK,C,2017,1,0.13019999999999998
UK,C16-C18,2017,1,0.1649
UK,C24_C25,2017,1,0.053
AT,C,2018,1,0.1522
AT,C24_C25,2018,1,0.1023
BE,C16-C18,2018,1,0.15460000000000002
BE,C24_C25,2018,1,0.09359999999999999
BG,C24_C25,2018,1,0.0151
CY,C,2018,1,0.046000000000000006
CY,C16-C18,2018,1,0.0
CY,C24_C25,2018,1,0.0434
CZ,C,2018,1,0.10700000000000001
CZ,C16-C18,2018,1,0.1193
CZ,C24_C25,2018,1,0.0487
DE,C,2018,1,0.1088
DE,C16-C18,2018,1,0.1324
DE,C24_C25,2018,1,0.06649999999999999
DK,C,2018,1,0.3398
DK,C16-C18,2018,1,0.47609999999999997
DK,C24_C25,2018,1,0.125
EE,C,2018,1,0.1097
EE,C16-C18,2018,1,0.08839999999999999
EE,C24_C25,2018,1,0.07239999999999999
EL,C,2018,1,0.067
EL,C16-C18,2018,1,0.0103
EL,C24_C25,2018,1,0.0645
ES,C,2018,1,0.08900000000000001
ES,C24_C25,2018,1,0.0436
FI,C,2018,1,0.4757
FI,C24_C25,2018,1,0.3394
FR,C,2018,1,0.1008
FR,C24_C25,2018,1,0.030899999999999997
HR,C,2018,1,0.0673
HR,C16-C18,2018,1,0.0373
HR,C24_C25,2018,1,0.0183
HU,C,2018,1,0.0818
HU,C16-C18,2018,1,0.0581
HU,C24_C25,2018,1,0.0347
IE,C,2018,1,0.1708
IE,C16-C18,2018,1,0.26080000000000003
IE,C24_C25,2018,1,0.15760000000000002
IT,C,2018,1,0.0794
IT,C16-C18,2018,1,0.0655
IT,C24_C25,2018,1,0.0248
LT,C,2018,1,0.2051
LT,C16-C18,2018,1,0.19310000000000002
LT,C24_C25,2018,1,0.1533
LU,C,2018,1,0.1666
LU,C24_C25,2018,1,0.11420000000000002
LV,C,2018,1,0.0379
LV,C16-C18,2018,1,0.0181
LV,C24_C25,2018,1,0.0165
MT,C,2018,1,0.12300000000000001
MT,C16-C18,2018,1,0.14880000000000002
MT,C24_C25,2018,1,0.0435
NL,C,2018,1,0.2469
NL,C16-C18,2018,1,0.27790000000000004
NL,C24_C25,2018,1,0.1258
NO,C,2018,1,0.3055
NO,C16-C18,2018,1,0.39189999999999997
NO,C24_C25,2018,1,0.22549999999999998
PL,C,2018,1,0.07930000000000001
PL,C16-C18,2018,1,0.0629
PL,C24_C25,2018,1,0.0498
PT,C,2018,1,0.0684
PT,C16-C18,2018,1,0.0752
PT,C24_C25,2018,1,0.053099999999999994
RO,C,2018,1,0.0455
RO,C16-C18,2018,1,0.0316
RO,C24_C25,2018,1,0.055099999999999996
RS,C,2018,1,0.12689999999999999
RS,C16-C18,2018,1,0.10880000000000001
RS,C24_C25,2018,1,0.07769999999999999
SE,C,2018,1,0.3114
SE,C16-C18,2018,1,0.3629
SE,C24_C25,2018,1,0.204
SI,C,2018,1,0.1893
SI,C16-C18,2018,1,0.17739999999999997
SI,C24_C25,2018,1,0.063
SK,C,2018,1,0.0686
SK,C16-C18,2018,1,0.09820000000000001
SK,C24_C25,2018,1,0.0324
UK,C,2018,1,0.1411
UK,C24_C25,2018,1,0.0318
AT,C,2019,1,0.3234
AT,C24_C25,2019,1,0.1773
BE,C24_C25,2019,1,0.1545
BG,C16-C18,2019,1,0.0391
CY,C,2019,1,0.11460000000000001
CY,C16-C18,2019,1,0.183
CY,C24_C25,2019,1,0.1165
CZ,C,2019,1,0.2985
CZ,C16-C18,2019,1,0.1834
CZ,C24_C25,2019,1,0.2253
DE,C,2019,1,0.24989999999999998
DE,C16-C18,2019,1,0.2843
DE,C24_C25,2019,1,0.1791
DK,C,2019,1,0.45280000000000004
DK,C16-C18,2019,1,0.5322
DK,C24_C25,2019,1,0.33129999999999993
EE,C,2019,1,0.17
EE,C16-C18,2019,1,0.18719999999999998
EE,C24_C25,2019,1,0.0974
EL,C16-C18,2019,1,0.0182
EL,C24_C25,2019,1,0.0294
ES,C,2019,1,0.17720000000000002
ES,C24_C25,2019,1,0.0909
FI,C,2019,1,0.5317000000000001
FI,C24_C25,2019,1,0.4233
FR,C,2019,1,0.19349999999999998
FR,C16-C18,2019,1,0.1947
FR,C24_C25,2019,1,0.09519999999999999
HR,C,2019,1,0.1603
HR,C16-C18,2019,1,0.0931
HR,C24_C25,2019,1,0.0683
HU,C,2019,1,0.1015
HU,C16-C18,2019,1,0.08370000000000001
HU,C24_C25,2019,1,0.0471
IE,C,2019,1,0.2713
IE,C16-C18,2019,1,0.3856
IE,C24_C25,2019,1,0.1438
IT,C,2019,1,0.16079999999999997
IT,C16-C18,2019,1,0.1032
IT,C24_C25,2019,1,0.08289999999999999
LT,C,2019,1,0.2621
LT,C16-C18,2019,1,0.24389999999999998
LT,C24_C25,2019,1,0.2259
LU,C,2019,1,0.3496
LU,C24_C25,2019,1,0.2439
LV,C,2019,1,0.07300000000000001
LV,C16-C18,2019,1,0.057300000000000004
LV,C24_C25,2019,1,0.045
MT,C,2019,1,0.207
MT,C16-C18,2019,1,0.1268
MT,C24_C25,2019,1,0.1981
NL,C,2019,1,0.3431
NL,C16-C18,2019,1,0.3292
NL,C24_C25,2019,1,0.23800000000000002
NO,C,2019,1,0.2918
NO,C16-C18,2019,1,0.3624
NO,C24_C25,2019,1,0.22820000000000001
PL,C,2019,1,0.09390000000000001
PL,C16-C18,2019,1,0.0883
PL,C24_C25,2019,1,0.0687
PT,C,2019,1,0.1378
PT,C24_C25,2019,1,0.0992
RO,C,2019,1,0.0699
RO,C16-C18,2019,1,0.0656
RO,C24_C25,2019,1,0.042
RS,C,2019,1,0.1569
RS,C16-C18,2019,1,0.08549999999999999
RS,C24_C25,2019,1,0.0105
SE,C,2019,1,0.4445
SE,C16-C18,2019,1,0.4403
SE,C24_C25,2019,1,0.3478
SK,C,2019,1,0.12029999999999999
SK,C16-C18,2019,1,0.0592
SK,C24_C25,2019,1,0.030600000000000002
UK,C,2019,1,0.2493
UK,C24_C25,2019,1,0.11560000000000001
AT,C,2020,2,0.19119999999999998
AT,C16-C18,2020,2,0.0872
AT,C24_C25,2020,2,0.1383
BA,C24_C25,2020,2,0.0418
BE,C16-C18,2020,2,0.0981
BG,C24_C25,2020,2,0.0144
CY,C,2020,2,0.0483
CY,C16-C18,2020,2,0.0322
CY,C24_C25,2020,2,0.011399999999999999
CZ,C,2020,2,0.1447
CZ,C24_C25,2020,2,0.13140000000000002
DE,C,2020,2,0.1325
DE,C24_C25,2020,2,0.0891
DK,C,2020,2,0.40269999999999995
DK,C16-C18,2020,2,0.4653
DK,C24_C25,2020,2,0.23759999999999998
EE,C,2020,2,0.1612
EE,C16-C18,2020,2,0.1511
EE,C24_C25,2020,2,0.1284
EL,C24_C25,2020,2,0.0374
ES,C,2020,2,0.1386
ES,C24_C25,2020,2,0.1254
FI,C,2020,2,0.5037999999999999
FI,C24_C25,2020,2,0.35519999999999996
FR,C,2020,2,0.135
FR,C16-C18,2020,2,0.1308
FR,C24_C25,2020,2,0.0617
HR,C,2020,2,0.1374
HU,C,2020,2,0.0823
HU,C16-C18,2020,2,0.06630000000000001
HU,C24_C25,2020,2,0.0482
IE,C,2020,2,0.2527
IE,C16-C18,2020,2,0.2582
IE,C24_C25,2020,2,0.10779999999999999
IT,C,2020,2,0.1479
IT,C16-C18,2020,2,0.1421
IT,C24_C25,2020,2,0.0938
LT,C,2020,2,0.0653
LT,C16-C18,2020,2,0.0337
LT,C24_C25,2020,2,0.036199999999999996
LU,C,2020,2,0.1882
LU,C24_C25,2020,2,0.12209999999999999
LV,C,2020,2,0.045899999999999996
LV,C16-C18,2020,2,0.0333
LV,C24_C25,2020,2,0.059800000000000006
ME,C,2020,2,0.1507
ME,C16-C18,2020,2,0.057999999999999996
ME,C24_C25,2020,2,0.6667000000000001
MK,C,2020,2,0.0072
MK,C16-C18,2020,2,0.0
MK,C24_C25,2020,2,0.0
MT,C,2020,2,0.1275
MT,C16-C18,2020,2,0.1032
MT,C24_C25,2020,2,0.0875
NL,C,2020,2,0.2503
NL,C16-C18,2020,2,0.20509999999999998
NL,C24_C25,2020,2,0.1508
NO,C,2020,2,0.3907
NO,C16-C18,2020,2,0.42379999999999995
NO,C24_C25,2020,2,0.45099999999999996
PL,C,2020,2,0.0967
PL,C16-C18,2020,2,0.0757
PL,C24_C25,2020,2,0.0696
PT,C,2020,2,0.0875
PT,C16-C18,2020,2,0.0351
PT,C24_C25,2020,2,0.1222
RO,C,2020,2,0.0351
RO,C16-C18,2020,2,0.015
RO,C24_C25,2020,2,0.0558
RS,C,2020,2,0.0774
RS,C16-C18,2020,2,0.058600000000000006
RS,C24_C25,2020,2,0.1605
SE,C,2020,2,0.32189999999999996
SE,C16-C18,2020,2,0.27509999999999996
SE,C24_C25,2020,2,0.2618
SI,C,2020,2,0.1937
SI,C16-C18,2020,2,0.1051
SI,C24_C25,2020,2,0.105
SK,C,2020,2,0.0755
SK,C16-C18,2020,2,0.017
SK,C24_C25,2020,2,0.0389
UK,C,2020,2,0.1285
UK,C16-C18,2020,2,0.06359999999999999
UK,C24_C25,2020,2,0.0561
AT,C,2021,3,0.2748
AT,C16-C18,2021,3,0.1546
AT,C24_C25,2021,3,0.2395
BA,D35,2021,3,0.0
BE,C,2021,3,0.252
BE,C22_C23,2021,3,0.10710000000000001
BE,C24_C25,2021,3,0.10069999999999998
BG,C16-C18,2021,3,0.030299999999999997
BG,C24_C25,2021,3,0.026600000000000002
BG,D35,2021,3,0.1565
CY,C,2021,3,0.14679999999999999
CY,C16-C18,2021,3,0.10529999999999999
CY,C20,2021,3,0.27390000000000003
CY,C22_C23,2021,3,0.0666
CY,C24_C25,2021,3,0.0771
CY,D35,2021,3,0.3934
CZ,C,2021,3,0.1613
CZ,C16-C18,2021,3,0.1378
CZ,C19,2021,3,0.25
CZ,C20,2021,3,0.3665
CZ,C22_C23,2021,3,0.1493
CZ,C24_C25,2021,3,0.0806
CZ,D35,2021,3,0.17149999999999999
DE,C,2021,3,0.21650000000000003
DE,C16-C18,2021,3,0.21700000000000003
DE,C19,2021,3,0.8158
DE,C20,2021,3,0.3824
DE,C22_C23,2021,3,0.21030000000000001
DE,C24_C25,2021,3,0.1382
DE,D35,2021,3,0.502
DK,C,2021,3,0.3657
DK,C16-C18,2021,3,0.3881
DK,C19,2021,3,0.7893000000000001
DK,C20,2021,3,0.5901
DK,C22_C23,2021,3,0.373
DK,C24_C25,2021,3,0.1754
DK,D35,2021,3,0.5891000000000001
EE,C,2021,3,0.1302
EE,C16-C18,2021,3,0.1001
EE,C20,2021,3,0.2957
EE,C22_C23,2021,3,0.12719999999999998
EE,C24_C25,2021,3,0.0507
EE,D35,2021,3,0.2429
EL,C,2021,3,0.11720000000000001
EL,C16-C18,2021,3,0.049800000000000004
EL,C19,2021,3,0.16670000000000001
EL,C20,2021,3,0.2965
EL,C22_C23,2021,3,0.0874
EL,C24_C25,2021,3,0.061399999999999996
EL,D35,2021,3,0.4325
ES,C,2021,3,0.2127
ES,C24_C25,2021,3,0.1396
FI,C,2021,3,0.5431
FI,C24_C25,2021,3,0.41589999999999994
FR,C,2021,3,0.10769999999999999
FR,C16-C18,2021,3,0.1026
FR,C20,2021,3,0.1923
FR,C24_C25,2021,3,0.0639
HR,C,2021,3,0.1408
HR,C16-C18,2021,3,0.04939999999999999
HR,C20,2021,3,0.4403
HR,C24_C25,2021,3,0.0694
HR,D35,2021,3,0.2364
HU,C,2021,3,0.0822
HU,C16-C18,2021,3,0.1014
HU,C19,2021,3,0.3333
HU,C20,2021,3,0.0774
HU,C22_C23,2021,3,0.1008
HU,C24_C25,2021,3,0.0417
HU,D35,2021,3,0.17420000000000002
IE,C,2021,3,0.2951
IE,C16-C18,2021,3,0.3179
IE,C19,2021,3,0.0
IE,C20,2021,3,0.6429
IE,C22_C23,2021,3,0.27099999999999996
IE,C24_C25,2021,3,0.1928
IE,D35,2021,3,0.6667000000000001
IT,C,2021,3,0.1754
IT,C16-C18,2021,3,0.1617
IT,C22_C23,2021,3,0.11410000000000001
IT,C24_C25,2021,3,0.11349999999999999
IT,D35,2021,3,0.40299999999999997
LT,C,2021,3,0.172
LT,C16-C18,2021,3,0.1355
LT,C24_C25,2021,3,0.1144
LU,C,2021,3,0.2471
LU,C24_C25,2021,3,0.2147
LV,C,2021,3,0.1084
LV,C16-C18,2021,3,0.0429
LV,C20,2021,3,0.2343
LV,C22_C23,2021,3,0.115
LV,C24_C25,2021,3,0.11130000000000001
LV,D35,2021,3,0.09269999999999999
ME,C,2021,3,0.0341
ME,C16-C18,2021,3,0.035699999999999996
ME,C24_C25,2021,3,0.0
MK,C16-C18,2021,3,0.0285
MK,C20,2021,3,0.0256
MK,C22_C23,2021,3,0.0106
MK,D35,2021,3,0.0
MT,C,2021,3,0.22080000000000002
MT,C16-C18,2021,3,0.1574
MT,C22_C23,2021,3,0.2137
NL,C,2021,3,0.3248
NL,C16-C18,2021,3,0.3224
NL,C19,2021,3,0.775
NL,C20,2021,3,0.4618
NL,C22_C23,2021,3,0.3539
NL,C24_C25,2021,3,0.2586
NL,D35,2021,3,0.5575
NO,C,2021,3,0.3422
NO,C16-C18,2021,3,0.3089
NO,C20,2021,3,0.5097999999999999
NO,C22_C23,2021,3,0.46199999999999997
NO,C24_C25,2021,3,0.18669999999999998
NO,D35,2021,3,0.6535
PL,C,2021,3,0.1116
PL,C16-C18,2021,3,0.0885
PL,C20,2021,3,0.2579
PL,C22_C23,2021,3,0.1116
PL,C24_C25,2021,3,0.0803
PL,D35,2021,3,0.1284
PT,C,2021,3,0.1266
PT,C16-C18,2021,3,0.2009
PT,C19,2021,3,0.2858
PT,C20,2021,3,0.262
PT,C22_C23,2021,3,0.1434
PT,C24_C25,2021,3,0.1184
PT,D35,2021,3,0.3456
RO,C,2021,3,0.047299999999999995
RO,C16-C18,2021,3,0.0405
RO,C19,2021,3,0.4163
RO,C20,2021,3,0.041400000000000006
RO,C22_C23,2021,3,0.11470000000000001
RO,C24_C25,2021,3,0.0288
RO,D35,2021,3,0.3013
RS,C,2021,3,0.06
RS,C16-C18,2021,3,0.09050000000000001
RS,C20,2021,3,0.02
RS,C22_C23,2021,3,0.07790000000000001
RS,C24_C25,2021,3,0.0235
RS,D35,2021,3,0.0
SE,C,2021,3,0.4876
SE,C16-C18,2021,3,0.36119999999999997
SE,C20,2021,3,0.5588000000000001
SE,C22_C23,2021,3,0.5266
SE,C24_C25,2021,3,0.3852999999999999
SE,D35,2021,3,0.7434999999999999
SI,C,2021,3,0.1818
SI,C16-C18,2021,3,0.0711
SI,C20,2021,3,0.5967
SI,C22_C23,2021,3,0.2615
SI,C24_C25,2021,3,0.07170000000000001
SK,C,2021,3,0.11280000000000001
SK,C16-C18,2021,3,0.058899999999999994
SK,C19,2021,3,0.6666
SK,C20,2021,3,0.1501
SK,C22_C23,2021,3,0.153
SK,C24_C25,2021,3,0.054700000000000006
SK,D35,2021,3,0.146
AT,C,2023,3,0.2854
AT,C16-C18,2023,3,0.21710000000000002
AT,C22_C23,2023,3,0.21600000000000003
AT,C24_C25,2023,3,0.222
BE,C,2023,3,0.3734
BG,C,2023,3,0.0461
BG,C24_C25,2023,3,0.027999999999999997
CY,C,2023,3,0.20120000000000002
CY,C16-C18,2023,3,0.0805
CY,C20,2023,3,0.43060000000000004
CY,C22_C23,2023,3,0.1611
CY,C24_C25,2023,3,0.0216
CZ,C,2023,3,0.17420000000000002
CZ,C16-C18,2023,3,0.12389999999999998
CZ,C20,2023,3,0.5204000000000001
CZ,C22_C23,2023,3,0.18719999999999998
CZ,C24_C25,2023,3,0.1213
CZ,D35,2023,3,0.2889
DE,C,2023,3,0.2373
DE,C16-C18,2023,3,0.21350000000000002
DE,C20,2023,3,0.3791
DE,C22_C23,2023,3,0.2284
DE,C24_C25,2023,3,0.1526
DE,D35,2023,3,0.5198999999999999
DK,C,2023,3,0.3174
DK,C16-C18,2023,3,0.21050000000000002
DK,C19,2023,3,0.49829999999999997
DK,C20,2023,3,0.47909999999999997
DK,C22_C23,2023,3,0.24240000000000003
DK,C24_C25,2023,3,0.1532
DK,D35,2023,3,0.5062000000000001
EE,C,2023,3,0.16329999999999997
EE,C16-C18,2023,3,0.1631
EE,C19,2023,3,0.0
EE,C20,2023,3,0.3743
EE,C22_C23,2023,3,0.1791
EE,C24_C25,2023,3,0.0864
EE,D35,2023,3,0.2954
EL,C,2023,3,0.1432
EL,C16-C18,2023,3,0.0839
EL,C19,2023,3,0.2857
EL,C20,2023,3,0.409
EL,C22_C23,2023,3,0.1561
EL,C24_C25,2023,3,0.11870000000000001
EL,D35,2023,3,0.184
ES,C,2023,3,0.2284
ES,C24_C25,2023,3,0.1287
FI,C,2023,3,0.518
FI,C24_C25,2023,3,0.3861
HR,C,2023,3,0.20919999999999997
HR,C16-C18,2023,3,0.22
HR,C22_C23,2023,3,0.159
HR,C24_C25,2023,3,0.0873
HR,D35,2023,3,0.1311
HU,C,2023,3,0.1923
HU,C16-C18,2023,3,0.1537
HU,C19,2023,3,0.5
HU,C20,2023,3,0.278
HU,C22_C23,2023,3,0.21359999999999998
HU,C24_C25,2023,3,0.1416
HU,D35,2023,3,0.34700000000000003
IE,C,2023,3,0.3135
IE,C16-C18,2023,3,0.32289999999999996
IE,C19,2023,3,0.5
IE,C20,2023,3,0.6132
IE,C22_C23,2023,3,0.1978
IE,C24_C25,2023,3,0.18259999999999998
IE,D35,2023,3,0.5192
IT,C,2023,3,0.2027
IT,C16-C18,2023,3,0.1604
IT,C24_C25,2023,3,0.1425
LT,C,2023,3,0.21789999999999998
LT,C16-C18,2023,3,0.1711
LT,C24_C25,2023,3,0.2272
LU,C,2023,3,0.2151
LU,C24_C25,2023,3,0.0629
LV,C,2023,3,0.18280000000000002
LV,C16-C18,2023,3,0.1609
LV,C20,2023,3,0.405
LV,C22_C23,2023,3,0.1592
LV,C24_C25,2023,3,0.1276
LV,D35,2023,3,0.13570000000000002
MT,C,2023,3,0.33909999999999996
MT,C16-C18,2023,3,0.39299999999999996
MT,C22_C23,2023,3,0.2305
MT,C24_C25,2023,3,0.16699999999999998
NL,C,2023,3,0.4576
NL,C16-C18,2023,3,0.40740000000000004
NL,C19,2023,3,0.75
NL,C20,2023,3,0.6648000000000001
NL,C22_C23,2023,3,0.5019
NL,C24_C25,2023,3,0.37799999999999995
NL,D35,2023,3,0.7737
NO,C,2023,3,0.37309999999999993
NO,C16-C18,2023,3,0.38050000000000006
NO,C20,2023,3,0.5650999999999999
NO,C22_C23,2023,3,0.37199999999999994
NO,C24_C25,2023,3,0.27690000000000003
NO,D35,2023,3,0.8064999999999999
PL,C,2023,3,0.1655
PL,C16-C18,2023,3,0.1035
PL,C19,2023,3,0.17350000000000002
PL,C20,2023,3,0.2827
PL,C22_C23,2023,3,0.18330000000000002
PL,C24_C25,2023,3,0.12899999999999998
PL,D35,2023,3,0.27799999999999997
PT,C,2023,3,0.1508
PT,C16-C18,2023,3,0.0929
PT,C19,2023,3,0.44439999999999996
PT,C20,2023,3,0.3689
PT,C22_C23,2023,3,0.22939999999999997
PT,C24_C25,2023,3,0.0916
RO,C,2023,3,0.052700000000000004
RO,C16-C18,2023,3,0.0574
RO,C19,2023,3,0.1578
RO,C20,2023,3,0.10679999999999999
RO,C22_C23,2023,3,0.0642
RO,C24_C25,2023,3,0.0305
RO,D35,2023,3,0.1691
RS,C,2023,3,0.09519999999999999
RS,C16-C18,2023,3,0.0149
RS,C19,2023,3,0.75
RS,C20,2023,3,0.2149
RS,C22_C23,2023,3,0.046099999999999995
RS,C24_C25,2023,3,0.0499
RS,D35,2023,3,0.0675
SE,C,2023,3,0.3757
SE,C16-C18,2023,3,0.34369999999999995
SE,C19,2023,3,0.6
SE,C20,2023,3,0.6068
SE,C22_C23,2023,3,0.40129999999999993
SE,C24_C25,2023,3,0.26689999999999997
SE,D35,2023,3,0.7102
SI,C,2023,3,0.20799999999999996
SI,C16-C18,2023,3,0.162
SI,C22_C23,2023,3,0.20489999999999997
SI,C24_C25,2023,3,0.12319999999999999
SI,D35,2023,3,0.8469
SK,C,2023,3,0.1152
SK,C16-C18,2023,3,0.044800000000000006
SK,C19,2023,3,0.3333
SK,C20,2023,3,0.1288
SK,C22_C23,2023,3,0.1125
SK,C24_C25,2023,3,0.0672
SK,D35,2023,3,0.12440000000000001
AT,C,2025,3,0.3876
AT,C16-C18,2025,3,0.3179
AT,C24_C25,2025,3,0.33759999999999996
BA,C,2025,3,0.2156
BE,C,2025,3,0.6412
BE,C19,2025,3,1.0
BE,D35,2025,3,0.8588
BG,C,2025,3,0.08109999999999999
BG,C16-C18,2025,3,0.0508
CY,C,2025,3,0.2288
CY,C16-C18,2025,3,0.078
CY,C20,2025,3,0.39629999999999993
CY,C22_C23,2025,3,0.1679
CY,C24_C25,2025,3,0.08529999999999999
CZ,C,2025,3,0.4153
CZ,C16-C18,2025,3,0.30079999999999996
CZ,C20,2025,3,0.5777
CZ,C22_C23,2025,3,0.46950000000000003
CZ,C24_C25,2025,3,0.35339999999999994
CZ,D35,2025,3,0.4029
DE,C,2025,3,0.37200000000000005
DE,C16-C18,2025,3,0.37699999999999995
DE,C19,2025,3,0.9348000000000001
DE,C20,2025,3,0.6264
DE,C22_C23,2025,3,0.3829
DE,C24_C25,2025,3,0.2988
DE,D35,2025,3,0.7468
DK,C,2025,3,0.6401
DK,C24_C25,2025,3,0.5614
EE,C,2025,3,0.31560000000000005
EE,C16-C18,2025,3,0.3063
EE,C19,2025,3,0.6667000000000001
EE,C20,2025,3,0.6583
EE,C22_C23,2025,3,0.4633
EE,C24_C25,2025,3,0.24630000000000002
EE,D35,2025,3,0.5232
EL,C,2025,3,0.20190000000000002
EL,C16-C18,2025,3,0.2727
EL,C20,2025,3,0.45099999999999996
EL,C22_C23,2025,3,0.2554
EL,C24_C25,2025,3,0.1433
EL,D35,2025,3,0.5128
ES,C,2025,3,0.36599999999999994
ES,C16-C18,2025,3,0.3246
ES,C19,2025,3,1.0
ES,C20,2025,3,0.5538000000000001
ES,C22_C23,2025,3,0.30670000000000003
ES,C24_C25,2025,3,0.2814
FI,C24_C25,2025,3,0.6013
FR,C,2025,3,0.3393
FR,C16-C18,2025,3,0.38909999999999995
FR,C22_C23,2025,3,0.37020000000000003
FR,C24_C25,2025,3,0.2958
HR,C,2025,3,0.24380000000000002
HR,C16-C18,2025,3,0.1838
HR,C20,2025,3,0.2376
HR,C22_C23,2025,3,0.2735
HR,C24_C25,2025,3,0.1268
HR,D35,2025,3,0.6102000000000001
HU,C,2025,3,0.24790000000000004
HU,C16-C18,2025,3,0.28950000000000004
HU,C19,2025,3,1.0
HU,C20,2025,3,0.4777
HU,C22_C23,2025,3,0.2809
HU,C24_C25,2025,3,0.1697
HU,D35,2025,3,0.4437
IE,C,2025,3,0.4396
IE,C16-C18,2025,3,0.3968
IE,C19,2025,3,1.0
IE,C20,2025,3,0.7222
IE,C22_C23,2025,3,0.3393
IE,C24_C25,2025,3,0.3085
IE,D35,2025,3,0.6925
IT,C,2025,3,0.3569
IT,C16-C18,2025,3,0.37690000000000007
IT,C24_C25,2025,3,0.27130000000000004
LT,C,2025,3,0.42200000000000004
LT,C16-C18,2025,3,0.33140000000000003
LT,C22_C23,2025,3,0.40299999999999997
LT,C24_C25,2025,3,0.3333
LU,C,2025,3,0.4311
LU,C24_C25,2025,3,0.26990000000000003
LV,C,2025,3,0.2597
LV,C16-C18,2025,3,0.1605
LV,C20,2025,3,0.5251
LV,C22_C23,2025,3,0.2853
LV,C24_C25,2025,3,0.25089999999999996
LV,D35,2025,3,0.37939999999999996
MT,C,2025,3,0.45769999999999994
MT,C16-C18,2025,3,0.6194
MT,C20,2025,3,0.6667000000000001
MT,C22_C23,2025,3,0.3839
MT,C24_C25,2025,3,0.2324
MT,D35,2025,3,1.0
NL,C,2025,3,0.6564
NL,C16-C18,2025,3,0.5778
NL,C20,2025,3,0.8101999999999999
NL,C22_C23,2025,3,0.7262000000000001
NL,C24_C25,2025,3,0.6466
NL,D35,2025,3,0.856
NO,C,2025,3,0.49160000000000004
NO,C16-C18,2025,3,0.5407
NO,C20,2025,3,0.7342
NO,C22_C23,2025,3,0.51
NO,C24_C25,2025,3,0.40230000000000005
NO,D35,2025,3,0.9693
PL,C,2025,3,0.2627
PL,C16-C18,2025,3,0.2116
PL,C20,2025,3,0.5433
PL,C22_C23,2025,3,0.2445
PL,C24_C25,2025,3,0.21189999999999998
PL,D35,2025,3,0.48879999999999996
PT,C,2025,3,0.2321
PT,C16-C18,2025,3,0.18780000000000002
PT,C19,2025,3,0.5
PT,C20,2025,3,0.4988
PT,C22_C23,2025,3,0.2916
PT,C24_C25,2025,3,0.2629
RO,C,2025,3,0.1283
RO,C16-C18,2025,3,0.1079
RO,C19,2025,3,0.23070000000000002
RO,C20,2025,3,0.1685
RO,C22_C23,2025,3,0.13970000000000002
RO,C24_C25,2025,3,0.10649999999999998
RO,D35,2025,3,0.2462
RS,C,2025,3,0.10370000000000001
RS,C16-C18,2025,3,0.0639
RS,C19,2025,3,0.0
RS,C20,2025,3,0.23139999999999997
RS,C22_C23,2025,3,0.2368
RS,C24_C25,2025,3,0.044000000000000004
RS,D35,2025,3,0.075
SE,C,2025,3,0.5709
SE,C16-C18,2025,3,0.5866
SE,C19,2025,3,0.875
SE,C20,2025,3,0.7768
SE,C22_C23,2025,3,0.6786
SE,C24_C25,2025,3,0.4575
SE,D35,2025,3,0.8117
SI,C,2025,3,0.29119999999999996
SI,C16-C18,2025,3,0.1888
SI,C22_C23,2025,3,0.29359999999999997
SI,C24_C25,2025,3,0.1457
SI,D35,2025,3,0.8187000000000001
SK,C,2025,3,0.2267
SK,C16-C18,2025,3,0.1566
SK,C19,2025,3,0.3333
SK,C20,2025,3,0.2078
SK,C22_C23,2025,3,0.2815
SK,C24_C25,2025,3,0.20139999999999997
SK,D35,2025,3,0.23329999999999998
TR,C,2025,3,0.1283
TR,C16-C18,2025,3,0.11699999999999999
TR,C19,2025,3,0.3334
TR,C20,2025,3,0.2791
TR,C22_C23,2025,3,0.1623
TR,C24_C25,2025,3,0.12719999999999998
TR,D35,2025,3,0.24719999999999998
AT,C,2022,4,0.3604
AT,C16-C18,2022,4,0.1648
AT,C24_C25,2022,4,0.3319
BA,C,2022,4,0.1675
BA,C19,2022,4,0.0
BE,C,2022,4,0.41239999999999993
BE,C24_C25,2022,4,0.17129999999999998
BE,D35,2022,4,0.8977
BG,C,2022,4,0.1232
BG,D35,2022,4,0.47859999999999997
CY,C,2022,4,0.1764
CY,C16-C18,2022,4,0.1753
CY,C20,2022,4,0.47620000000000007
CY,C22_C23,2022,4,0.1151
CY,C24_C25,2022,4,0.11630000000000001
CZ,C,2022,4,0.3003
CZ,C16-C18,2022,4,0.1899
CZ,C20,2022,4,0.6121
CZ,C22_C23,2022,4,0.3077
CZ,C24_C25,2022,4,0.2339
CZ,D35,2022,4,0.3357
DE,C,2022,4,0.3603
DE,C16-C18,2022,4,0.3103
DE,C20,2022,4,0.6175
DE,C22_C23,2022,4,0.40449999999999997
DE,C24_C25,2022,4,0.26649999999999996
DE,D35,2022,4,0.8059000000000001
DK,C,2022,4,0.575
DK,C16-C18,2022,4,0.5404000000000001
DK,C19,2022,4,1.0
DK,C20,2022,4,0.677
DK,C22_C23,2022,4,0.6053999999999999
DK,D35,2022,4,1.0
EE,C,2022,4,0.2231
EE,C16-C18,2022,4,0.17509999999999998
EE,C20,2022,4,0.43920000000000003
EE,C22_C23,2022,4,0.2412
EE,C24_C25,2022,4,0.1204
EE,D35,2022,4,0.5174
EL,C,2022,4,0.14679999999999999
EL,C16-C18,2022,4,0.1291
EL,C19,2022,4,0.2857
EL,C20,2022,4,0.3353
EL,C22_C23,2022,4,0.0571
EL,C24_C25,2022,4,0.1679
EL,D35,2022,4,0.6437
ES,C,2022,4,0.2187
ES,C24_C25,2022,4,0.17149999999999999
FI,C,2022,4,0.5581999999999999
FI,C24_C25,2022,4,0.4745999999999999
FR,C,2022,4,0.23259999999999997
HR,C,2022,4,0.22700000000000004
HR,C16-C18,2022,4,0.0747
HR,C20,2022,4,0.5971
HR,C22_C23,2022,4,0.1268
HR,C24_C25,2022,4,0.2104
HU,C,2022,4,0.23009999999999997
HU,C16-C18,2022,4,0.2075
HU,C20,2022,4,0.3354
HU,C22_C23,2022,4,0.2323
HU,C24_C25,2022,4,0.1679
HU,D35,2022,4,0.5
IE,C,2022,4,0.4446
IE,C20,2022,4,0.6909000000000001
IE,C22_C23,2022,4,0.33899999999999997
IE,C24_C25,2022,4,0.35949999999999993
IT,C,2022,4,0.25439999999999996
IT,C16-C18,2022,4,0.2088
IT,C24_C25,2022,4,0.2187
LT,C,2022,4,0.2595
LT,C16-C18,2022,4,0.1746
LT,C24_C25,2022,4,0.1805
LU,C,2022,4,0.32439999999999997
LU,C24_C25,2022,4,0.1874
LV,C,2022,4,0.1574
LV,C16-C18,2022,4,0.0717
LV,C20,2022,4,0.30560000000000004
LV,C22_C23,2022,4,0.19
LV,C24_C25,2022,4,0.1558
LV,D35,2022,4,0.2582
ME,C,2022,4,0.2041
ME,C16-C18,2022,4,0.3961
ME,C20,2022,4,0.0
ME,C22_C23,2022,4,0.0
ME,D35,2022,4,0.6667000000000001
MT,C,2022,4,0.3433
MT,C16-C18,2022,4,0.4153
MT,C22_C23,2022,4,0.2554
MT,C24_C25,2022,4,0.24969999999999998
NL,C,2022,4,0.4065
NL,C16-C18,2022,4,0.3347
NL,C19,2022,4,0.9286
NL,C20,2022,4,0.6869
NL,C22_C23,2022,4,0.4349
NL,C24_C25,2022,4,0.28979999999999995
NL,D35,2022,4,0.8015000000000001
NO,C,2022,4,0.4294
NO,C16-C18,2022,4,0.4019
NO,C20,2022,4,0.8011999999999999
NO,C22_C23,2022,4,0.3414
NO,C24_C25,2022,4,0.4025
NO,D35,2022,4,0.9059999999999999
PL,C,2022,4,0.24700000000000003
PL,C16-C18,2022,4,0.19290000000000002
PL,C20,2022,4,0.37170000000000003
PL,C22_C23,2022,4,0.226
PL,C24_C25,2022,4,0.2359
PL,D35,2022,4,0.5051
PT,C,2022,4,0.256
PT,C16-C18,2022,4,0.2583
PT,C22_C23,2022,4,0.38339999999999996
PT,C24_C25,2022,4,0.23759999999999998
RO,C,2022,4,0.1311
RO,C16-C18,2022,4,0.12890000000000001
RO,C19,2022,4,0.2143
RO,C20,2022,4,0.19349999999999998
RO,C22_C23,2022,4,0.1396
RO,C24_C25,2022,4,0.1214
RO,D35,2022,4,0.424
RS,C,2022,4,0.2858
RS,C16-C18,2022,4,0.14889999999999998
RS,C19,2022,4,0.5
RS,C20,2022,4,0.37589999999999996
RS,C22_C23,2022,4,0.35259999999999997
RS,C24_C25,2022,4,0.2487
RS,D35,2022,4,0.2895
SE,C,2022,4,0.5971
SE,C16-C18,2022,4,0.5904
SE,C20,2022,4,0.785
SE,C22_C23,2022,4,0.6547999999999999
SE,C24_C25,2022,4,0.5557
SE,D35,2022,4,0.981
SI,C,2022,4,0.3258
SI,C16-C18,2022,4,0.22899999999999998
SI,C22_C23,2022,4,0.3518
SI,C24_C25,2022,4,0.2375
SI,D35,2022,4,0.6894
SK,C,2022,4,0.2181
SK,C16-C18,2022,4,0.0937
SK,C22_C23,2022,4,0.20990000000000003
SK,C24_C25,2022,4,0.16449999999999998
SK,D35,2022,4,0.4429
AT,C,2024,4,0.4034
AT,C16-C18,2024,4,0.32299999999999995
AT,C22_C23,2024,4,0.42450000000000004
AT,C24_C25,2024,4,0.3673
BA,C,2024,4,0.1383
BA,C20,2024,4,0.2774
BE,C,2024,4,0.48729999999999996
BE,C19,2024,4,1.0
BE,C20,2024,4,0.6834
BG,C,2024,4,0.1052
CY,C,2024,4,0.1656
CY,C16-C18,2024,4,0.0673
CY,C20,2024,4,0.32689999999999997
CY,C22_C23,2024,4,0.1202
CY,C24_C25,2024,4,0.068
CY,D35,2024,4,1.0
CZ,C,2024,4,0.3318
CZ,C16-C18,2024,4,0.2278
CZ,C20,2024,4,0.6784
CZ,C22_C23,2024,4,0.3333
CZ,C24_C25,2024,4,0.228
CZ,D35,2024,4,0.48129999999999995
DE,C,2024,4,0.4083
DE,C16-C18,2024,4,0.3812
DE,C19,2024,4,0.8772
DE,C20,2024,4,0.6816
DE,C22_C23,2024,4,0.46299999999999997
DE,C24_C25,2024,4,0.30060000000000003
DE,D35,2024,4,0.8390000000000001
DK,C,2024,4,0.5568
DK,C16-C18,2024,4,0.5153
DK,C19,2024,4,1.0
DK,C20,2024,4,0.5852
DK,C22_C23,2024,4,0.5492
DK,C24_C25,2024,4,0.45189999999999997
DK,D35,2024,4,0.8997999999999999
EE,C,2024,4,0.2863
EE,C16-C18,2024,4,0.24280000000000002
EE,C19,2024,4,0.6667000000000001
EE,C20,2024,4,0.49200000000000005
EE,C22_C23,2024,4,0.4077
EE,C24_C25,2024,4,0.1373
EE,D35,2024,4,0.565
EL,C,2024,4,0.1384
EL,C16-C18,2024,4,0.1821
EL,C19,2024,4,0.5714
EL,C20,2024,4,0.2498
EL,C22_C23,2024,4,0.0637
EL,C24_C25,2024,4,0.10529999999999999
EL,D35,2024,4,0.3395
ES,C,2024,4,0.2763
ES,C16-C18,2024,4,0.2481
ES,C19,2024,4,1.0
ES,C20,2024,4,0.3926
ES,C22_C23,2024,4,0.26539999999999997
ES,C24_C25,2024,4,0.1877
FI,C,2024,4,0.6236
FI,C24_C25,2024,4,0.5714
FR,C,2024,4,0.20939999999999998
FR,C16-C18,2024,4,0.18959999999999996
FR,C22_C23,2024,4,0.2996
FR,C24_C25,2024,4,0.1866
FR,D35,2024,4,0.6106
HR,C,2024,4,0.1929
HR,C16-C18,2024,4,0.1893
HR,C22_C23,2024,4,0.15439999999999998
HR,C24_C25,2024,4,0.192
HU,C,2024,4,0.187
HU,C16-C18,2024,4,0.11410000000000001
HU,C19,2024,4,1.0
HU,C20,2024,4,0.475
HU,C22_C23,2024,4,0.1821
HU,C24_C25,2024,4,0.1091
HU,D35,2024,4,0.485
IE,C,2024,4,0.4943
IE,C16-C18,2024,4,0.2504
IE,C19,2024,4,1.0
IE,C20,2024,4,0.7242000000000001
IE,C22_C23,2024,4,0.4201
IE,C24_C25,2024,4,0.3332
IE,D35,2024,4,0.775
IT,C,2024,4,0.26849999999999996
IT,C16-C18,2024,4,0.22509999999999997
IT,C24_C25,2024,4,0.1941
LT,C,2024,4,0.2507
LT,C16-C18,2024,4,0.1449
LT,C22_C23,2024,4,0.2289
LT,C24_C25,2024,4,0.22440000000000002
LU,C,2024,4,0.381
LU,C24_C25,2024,4,0.25980000000000003
LV,C,2024,4,0.1877
LV,C16-C18,2024,4,0.1283
LV,C20,2024,4,0.4858
LV,C22_C23,2024,4,0.2483
LV,C24_C25,2024,4,0.1383
LV,D35,2024,4,0.37479999999999997
MT,C,2024,4,0.3894
MT,C16-C18,2024,4,0.39379999999999993
MT,C22_C23,2024,4,0.2371
MT,C24_C25,2024,4,0.2709
NL,C,2024,4,0.4299
NL,C16-C18,2024,4,0.41370000000000007
NL,C19,2024,4,0.8571000000000001
NL,C20,2024,4,0.6845
NL,C22_C23,2024,4,0.4318
NL,C24_C25,2024,4,0.3161
NL,D35,2024,4,0.8253
NO,C,2024,4,0.444
NO,C16-C18,2024,4,0.4997
NO,C20,2024,4,0.7265999999999999
NO,C22_C23,2024,4,0.34009999999999996
NO,C24_C25,2024,4,0.4104
NO,D35,2024,4,0.8809
PL,C,2024,4,0.26770000000000005
PL,C16-C18,2024,4,0.21359999999999998
PL,C22_C23,2024,4,0.2898
PL,C24_C25,2024,4,0.21330000000000002
PL,D35,2024,4,0.6051000000000001
PT,C,2024,4,0.2717
PT,C16-C18,2024,4,0.3453
PT,C19,2024,4,0.25
PT,C20,2024,4,0.5761999999999999
PT,C22_C23,2024,4,0.3528
PT,C24_C25,2024,4,0.228
RO,C,2024,4,0.1467
RO,C16-C18,2024,4,0.1084
RO,C19,2024,4,0.33340000000000003
RO,C20,2024,4,0.1675
RO,C22_C23,2024,4,0.19950000000000004
RO,C24_C25,2024,4,0.1207
RO,D35,2024,4,0.5153
RS,C,2024,4,0.2788
RS,C16-C18,2024,4,0.1522
RS,C19,2024,4,0.75
RS,C20,2024,4,0.35350000000000004
RS,C22_C23,2024,4,0.2382
RS,C24_C25,2024,4,0.2891
RS,D35,2024,4,0.3882
SE,C,2024,4,0.595
SE,C16-C18,2024,4,0.5003
SE,C19,2024,4,1.0
SE,C20,2024,4,0.8142
SE,C22_C23,2024,4,0.5939
SE,C24_C25,2024,4,0.5837
SE,D35,2024,4,0.9311
SI,C,2024,4,0.27699999999999997
SI,C16-C18,2024,4,0.2184
SI,C22_C23,2024,4,0.24830000000000002
SI,C24_C25,2024,4,0.1616
SI,D35,2024,4,0.6459
SK,C,2024,4,0.2256
SK,C16-C18,2024,4,0.1032
SK,C19,2024,4,1.0
SK,C20,2024,4,0.3752
SK,C22_C23,2024,4,0.20129999999999998
SK,C24_C25,2024,4,0.1439
SK,D35,2024,4,0.382
