country_code,year,verified_emissions_t,log_emissions,d_log_emissions,dii_high_share_manufacturing,dii_version,dii_high_share_d35,dii_high_share_c_or_d35,eibis_digital_multi,gdp_per_capita,d_log_gdp_per_capita,energy_import_dependency_pct,eu_accession_cohort,dii_version_break_vs_prior_year
AT,2005,33373155.0,17.323262392257767,,,,,,,40270.0,0.016272733592957778,71.76,EU-15,True
AT,2006,32384372.0,17.293186518717448,-0.030075873540319265,,,,,,41370.0,0.026949205609957616,72.248,EU-15,True
AT,2007,31751260.0,17.273442967554914,-0.019743551162534345,,,,,,42790.0,0.03374844995540549,68.475,EU-15,True
AT,2008,32078974.0,17.283711357907496,0.010268390352582202,,,,,,43270.0,0.011155123808068268,68.738,EU-15,True
AT,2009,27359833.0,17.124586546898826,-0.15912481100867026,,,,,,41620.0,-0.03887873327130542,65.122,EU-15,True
AT,2010,30919711.0,17.24690443493865,0.12231788803982369,,,,,,42280.0,0.015733340036549137,62.782,EU-15,True
AT,2011,30599418.0,17.23649154713389,-0.010412887804758242,,,,,,43370.0,0.02545379684523752,69.981,EU-15,True
AT,2012,28387060.0,17.161443965495994,-0.0750475816378966,,,,,,43450.0,0.0018428938641257275,63.785,EU-15,True
AT,2013,29771753.0,17.209070616041657,0.04762665054566284,,,,,,43080.0,-0.008551999423213275,61.26,EU-15,True
AT,2014,28023947.0,17.14856995262159,-0.060500663420068435,,,,,,43070.0,-0.0002321532221678524,65.625,EU-15,True
AT,2015,29459819.0,17.19853782505592,0.04996787243432976,0.24630000000000002,1,,0.24630000000000002,,43200.0,0.003013796184045958,60.379,EU-15,True
AT,2016,28967793.0,17.181695184586008,-0.016842640469910464,0.14150000000000001,1,,0.14150000000000001,,43550.0,0.008069208048446797,62.102,EU-15,False
AT,2017,30529853.0,17.23421554976334,0.05252036517733316,0.26739999999999997,1,,0.26739999999999997,,44260.0,0.01617163132439181,63.93,EU-15,False
AT,2018,28380243.0,17.16120379202738,-0.07301175773596214,0.1522,1,,0.1522,,45140.0,0.019687436766485433,64.223,EU-15,False
AT,2019,29540448.0,17.201271000829284,0.040067208801904286,0.3234,1,,0.3234,,45730.0,0.012985766280573685,71.601,EU-15,False
AT,2020,27013522.0,17.111848113417533,-0.0894228874117502,0.19119999999999998,2,,0.19119999999999998,,42650.0,-0.06972726373227545,58.281,EU-15,True
AT,2021,28704509.0,17.172564776403615,0.06071666298608136,0.2748,3,,0.2748,,44580.0,0.044258054020035686,51.952,EU-15,True
AT,2022,26626257.0,17.097408392147052,-0.07515638425656235,0.3604,4,,0.3604,,46430.0,0.040660474074107,73.986,EU-15,True
AT,2023,24413340.0,17.010640262177258,-0.08676812996979422,0.2854,3,,0.2854,0.56,45670.0,-0.016504174834922836,60.317,EU-15,True
AT,2024,23923093.0,16.99035478470747,-0.020285477469787594,0.4034,4,,0.4034,0.6,45140.0,-0.01167285580751809,53.325,EU-15,True
AT,2025,25580873.0,17.057355481757792,0.06700069705032163,0.3876,3,,0.3876,0.6,45390.0,0.005523045078984268,,EU-15,True
BE,2005,55363232.0,17.829426249072444,,,,,,,38100.0,0.017474630523263812,79.912,EU-15,True
BE,2006,54775326.0,17.818750395048358,-0.010675854024086107,,,,,,38810.0,0.01846366324815918,79.486,EU-15,True
BE,2007,52795333.0,17.781933354618335,-0.036817040430022985,,,,,,39950.0,0.02895072683146971,76.882,EU-15,True
BE,2008,55462027.0,17.83120914634806,0.049275791729723295,,,,,,39810.0,-0.0035105352000588397,80.846,EU-15,True
BE,2009,46206938.0,17.64864051793728,-0.18256862841077748,,,,,,38740.0,-0.027245479033375375,75.921,EU-15,True
BE,2010,50103979.0,17.729610984059086,0.08097046612180492,,,,,,39420.0,0.0174006437457237,78.656,EU-15,True
BE,2011,46203055.0,17.648556479406896,-0.08105450465219022,,,,,,39670.0,0.006321932801665042,76.588,EU-15,True
BE,2012,43006980.0,17.57687298606586,-0.07168349334103397,,,,,,39510.0,-0.004041430102939003,76.673,EU-15,True
BE,2013,45231175.0,17.62729711944956,0.05042413338369656,,,,,,39440.0,-0.001773274688865456,77.858,EU-15,True
BE,2014,43853144.0,17.59635697318599,-0.03094014626356767,,,,,,39960.0,0.013098424045919543,80.19,EU-15,True
BE,2015,44713915.0,17.61579530867992,0.01943833549393048,,,,,,40310.0,0.00872062334872048,84.227,EU-15,True
BE,2016,43655728.0,17.5918450572992,-0.02395025138072171,0.1675,1,,0.1675,,40590.0,0.006922153721731661,75.982,EU-15,False
BE,2017,43772976.0,17.59452719863093,0.0026821413317321685,,,,,,41030.0,0.010781775603289745,75.318,EU-15,False
BE,2018,44182748.0,17.60384495411244,0.009317755481507817,,,,,,41610.0,0.014037016540754621,83.043,EU-15,False
BE,2019,44626399.0,17.61383614771273,0.009991193600288995,,,,,,42400.0,0.018807839243061508,77.668,EU-15,False
BE,2020,41511613.0,17.541483777380744,-0.07235237033198416,,,,,,40190.0,-0.05353015377680137,78.133,EU-15,True
BE,2021,41429547.0,17.539504879888085,-0.001978897492659115,0.252,3,,0.252,,42530.0,0.05659150080443176,70.773,EU-15,True
BE,2022,39722562.0,17.49742989657169,-0.0420749833163967,0.41239999999999993,4,0.8977,0.65505,,43890.0,0.031476794434601274,73.697,EU-15,True
BE,2023,35402662.0,17.382297573016906,-0.11513232355478209,0.3734,3,,0.3734,0.58,44190.0,0.006812015442505981,75.763,EU-15,True
BE,2024,35849295.0,17.394834459544573,0.012536886527666269,0.48729999999999996,4,,0.48729999999999996,0.71,44410.0,0.004966150161362037,75.448,EU-15,True
BE,2025,36120855.0,17.40238095732925,0.007546497784677086,0.6412,3,0.8588,0.75,0.6,44650.0,0.005389638018497678,,EU-15,True
BG,2007,39181984.0,17.483727607279256,,,,,,,6670.0,0.06984995317644405,51.233,2007,True
BG,2008,38303052.0,17.46104013766013,-0.022687469619125267,,,,,,7110.0,0.06388238388761813,52.154,2007,True
BG,2009,32014545.0,17.281700888745963,-0.17933924891416808,,,,,,6910.0,-0.028532606035572172,45.393,2007,True
BG,2010,33525096.0,17.32780485066259,0.04610396191662858,,,,,,7060.0,0.021475413725571713,40.146,2007,True
BG,2011,39997538.0,17.50432846018393,0.1765236095213396,,,,,,7390.0,0.04568268345496129,36.732,2007,True
BG,2012,35050852.0,17.372310479280678,-0.13201798090325312,,,,,,7530.0,0.018767306851691146,36.859,2007,True
BG,2013,32695619.0,17.30275165135679,-0.06955882792388834,,,,,,7600.0,0.009253205480483473,38.313,2007,True
BG,2014,34305079.0,17.35080397697578,0.048052325618989755,,,,,,7770.0,0.022121917087270404,35.171,2007,True
BG,2015,36260861.0,17.40624950818281,0.055445531207030996,,,,,,8130.0,0.045290759180163676,36.446,2007,True
BG,2016,33410834.0,17.32439077660743,-0.08185873157538026,,,,,,8490.0,0.04332807676353667,38.472,2007,False
BG,2017,34908095.0,17.368229308700847,0.04383853209341737,,,,,,8840.0,0.040397876326295545,39.362,2007,False
BG,2018,31028875.0,17.25042878053046,-0.11780052817038822,,,,,,9170.0,0.036650409618822266,36.596,2007,False
BG,2019,29194151.0,17.189478938954963,-0.06094984157549632,,,,,,9650.0,0.051020629082520585,38.457,2007,False
BG,2020,23845295.0,16.9870974812043,-0.2023814577506613,,,,,,9440.0,-0.022001935193484812,38.171,2007,True
BG,2021,28931536.0,17.180442769217287,0.1933452880129849,,,0.1565,0.1565,,10250.0,0.08232172542700766,36.178,2007,True
BG,2022,33933868.0,17.339924129673523,0.15948136045623684,0.1232,4,0.47859999999999997,0.3009,,10740.0,0.04669738349630137,37.11,2007,True
BG,2023,21639927.0,16.89005063855424,-0.4498734911192841,0.0461,3,,0.0461,0.24,10950.0,0.019364367181790243,39.512,2007,True
BG,2024,18999979.0,16.759948431866945,-0.1301022066872939,0.1052,4,,0.1052,0.26,11330.0,0.03411461877740507,41.936,2007,True
BG,2025,10285251.0,16.14622148524394,-0.6137269466230038,0.08109999999999999,3,,0.08109999999999999,0.35,11710.0,0.03298910256971155,,2007,True
CY,2005,5078877.0,15.440600732124514,,,,,,,23470.0,0.03291765374546429,100.703,2004,True
CY,2006,5259273.0,15.47550336223385,0.03490263010933603,,,,,,24170.0,0.02938918485246056,102.508,2004,True
CY,2007,5396164.0,15.501198888731547,0.025695526497697685,,,,,,24870.0,0.02855006309992092,95.894,2004,True
CY,2008,5576646.0,15.534098078370517,0.03289918963896987,,,,,,25140.0,0.010797945346787685,97.427,2004,True
CY,2009,5361633.0,15.494779150825382,-0.03931892754513555,,,,,,23980.0,-0.04724005356273331,96.13,2004,True
CY,2010,5056220.0,15.43612972652041,-0.05864942430497244,,,,,,23890.0,-0.0037601882616495885,100.636,2004,True
CY,2011,4599381.0,15.34143228718722,-0.09469743933318853,,,,,,23390.0,-0.02115138074162992,92.263,2004,True
CY,2012,4383898.0,15.293448840915964,-0.047983446271256724,,,,,,22280.0,-0.04861916553700496,96.748,2004,True
CY,2013,4024874.0,15.208004163996984,-0.08544467691898028,,,,,,20830.0,-0.06729515978620171,96.071,2004,True
CY,2014,4468556.0,15.312575871894689,0.10457170789770487,,,,,,20490.0,-0.016457293022073216,93.086,2004,True
CY,2015,4369326.0,15.290119321766966,-0.022456550127722963,0.0443,1,,0.0443,,21140.0,0.031230018191283904,97.319,2004,True
CY,2016,4649223.0,15.352210666827125,0.06209134506015879,0.0102,1,,0.0102,,22410.0,0.05834030737074336,95.841,2004,False
CY,2017,4672871.0,15.357284215908846,0.005073549081721751,0.0809,1,,0.0809,,23500.0,0.04749313333727834,95.927,2004,False
CY,2018,4585570.0,15.338424974375469,-0.018859241533377258,0.046000000000000006,1,,0.046000000000000006,,24690.0,0.04939788220697494,92.491,2004,False
CY,2019,4471662.0,15.313270709565305,-0.025154264810163696,0.11460000000000001,1,,0.11460000000000001,,25790.0,0.04358851653616469,92.792,2004,False
CY,2020,4294888.0,15.272936036226959,-0.040334673338346505,0.0483,2,,0.0483,,24630.0,-0.04602160776080666,93.179,2004,True
CY,2021,4314996.0,15.277606955500394,0.0046709192734351035,0.14679999999999999,3,0.3934,0.2701,,27030.0,0.09298214815590988,89.524,2004,True
CY,2022,4328319.0,15.280689802892109,0.003082847391715049,0.1764,4,,0.1764,,28850.0,0.06516263266575173,92.018,2004,True
CY,2023,4343281.0,15.284140611242906,0.003450808350796919,0.20120000000000002,3,,0.20120000000000002,0.29,29320.0,0.016159884064341767,92.205,2004,True
CY,2024,4346576.0,15.284898966681416,0.0007583554385099944,0.1656,4,1.0,0.5828,0.37,29950.0,0.02125944754300768,87.706,2004,True
CY,2025,4334042.0,15.282011151848284,-0.002887814833131941,0.2288,3,,0.2288,0.32,30590.0,0.021143833601353634,,2004,True
CZ,2005,82454636.0,18.227758833406128,,,,,,,16180.0,0.05919640857692521,27.846,2004,True
CZ,2006,83624960.0,18.24185259808669,0.014093764680563226,,,,,,17200.0,0.06113347218906107,27.498,2004,True
CZ,2007,87834764.0,18.290967925569973,0.049115327483281845,,,,,,18050.0,0.04823630095948239,24.989,2004,True
CZ,2008,80399099.0,18.20251352761874,-0.08845439795123156,,,,,,18330.0,0.01539337707272459,27.737,2004,True
CZ,2009,73784830.0,18.116663712885707,-0.08584981473303444,,,,,,17350.0,-0.054946555458746715,26.867,2004,True
CZ,2010,75584352.0,18.140759835598608,0.02409612271290129,,,,,,17770.0,0.02391913577369209,25.38,2004,True
CZ,2011,74187036.0,18.122099975891686,-0.018659859706922077,,,,,,18120.0,0.019504658448273204,28.832,2004,True
CZ,2012,69316470.0,18.054193098260573,-0.06790687763111336,,,,,,17970.0,-0.008312599819365829,25.413,2004,True
CZ,2013,67712131.0,18.030775909422644,-0.02341718883792865,,,,,,17970.0,0.0,27.58,2004,True
CZ,2014,66695189.0,18.0156433793489,-0.0151325300737426,,,,,,18370.0,0.02201519843156774,30.227,2004,True
CZ,2015,66648045.0,18.014936271825707,-0.0007071075231941393,0.1353,1,,0.1353,,19270.0,0.047830583199239385,32.089,2004,True
CZ,2016,67530907.0,18.0280959325285,0.01315966070279373,0.1462,1,,0.1462,,19760.0,0.025110209893448143,32.8,2004,False
CZ,2017,66975758.0,18.019841290986744,-0.00825464154175748,0.1355,1,,0.1355,,20760.0,0.04936836597796557,37.162,2004,False
CZ,2018,66913386.0,18.018909594769283,-0.0009316962174601429,0.10700000000000001,1,,0.10700000000000001,,21320.0,0.026617540999955835,36.879,2004,False
CZ,2019,62519244.0,17.950984971313922,-0.06792462345536165,0.2985,1,,0.2985,,22050.0,0.033667002595210604,40.81,2004,False
CZ,2020,54675715.0,17.816930201716403,-0.13405476959751894,0.1447,2,,0.1447,,20980.0,-0.04974299892470313,38.768,2004,True
CZ,2021,57871344.0,17.873732897748976,0.05680269603257315,0.1613,3,0.17149999999999999,0.1664,,21830.0,0.039715567593701095,39.958,2004,True
CZ,2022,57044774.0,17.859347026220203,-0.014385871528773464,0.3003,4,0.3357,0.318,,21910.0,0.0036579830455227835,41.772,2004,True
CZ,2023,46672102.0,17.65865715655177,-0.20068986966843383,0.17420000000000002,3,0.2889,0.23155,0.59,21680.0,-0.010552977035930056,41.679,2004,True
CZ,2024,40564392.0,17.51840119540858,-0.14025596114318972,0.3318,4,0.48129999999999995,0.40654999999999997,0.64,21950.0,0.01237696294973567,39.32,2004,True
CZ,2025,40028299.0,17.505097236935747,-0.013303958472832278,0.4153,3,0.4029,0.4091,0.48,22510.0,0.02519251539746037,,2004,True
DE,2005,475051535.0,19.97893385085063,,,,,,,35770.0,0.01011528714711396,60.74,EU-15,True
DE,2006,478074868.0,19.98527790580597,0.006344054955338407,,,,,,37230.0,0.04000533461369926,60.981,EU-15,True
DE,2007,487148432.0,20.00407942310931,0.018801517303341342,,,,,,38390.0,0.030682121128080553,58.516,EU-15,True
DE,2008,472853534.0,19.974296245226775,-0.029783177882535483,,,,,,38840.0,0.011653634410418334,60.769,EU-15,True
DE,2009,428294502.0,19.87532160570657,-0.09897463952020402,,,,,,36810.0,-0.05368109603219473,61.103,EU-15,True
DE,2010,454864599.0,19.935510348012752,0.0601887423061811,,,,,,38440.0,0.04332903671116206,59.992,EU-15,True
DE,2011,450351343.0,19.925538598314592,-0.009971749698159726,,,,,,39890.0,0.037027081815223184,61.801,EU-15,True
DE,2012,452594544.0,19.93050723629653,0.004968637981939139,,,,,,40040.0,0.0037532885297046903,61.215,EU-15,True
DE,2013,481031920.0,19.991444187614555,0.06093695131802335,,,,,,40160.0,0.0029925209364538574,62.411,EU-15,True
DE,2014,461239388.0,19.949427746008276,-0.04201644160627893,,,,,,40930.0,0.01899181512083814,61.779,EU-15,True
DE,2015,455614228.0,19.937157018198057,-0.012270727810218318,0.18489999999999998,1,,0.18489999999999998,,41360.0,0.01045093969586297,62.132,EU-15,True
DE,2016,452813442.0,19.930990770808375,-0.006166247389682411,0.08530000000000001,1,,0.08530000000000001,,42030.0,0.01606941881685131,63.752,EU-15,False
DE,2017,437612723.0,19.89684488314665,-0.03414588766172599,0.2591,1,,0.2591,,43160.0,0.02653049137290786,63.959,EU-15,False
DE,2018,422846329.0,19.86251938258925,-0.03432550055739725,0.1088,1,,0.1088,,43630.0,0.01083084674558421,63.478,EU-15,False
DE,2019,363338408.0,19.710845211394293,-0.15167417119495852,0.24989999999999998,1,,0.24989999999999998,,44080.0,0.010261177709141478,67.055,EU-15,False
DE,2020,320733883.0,19.58612231234097,-0.12472289905332445,0.1325,2,,0.1325,,42350.0,-0.040037743746594856,63.676,EU-15,True
DE,2021,355120201.0,19.68796688449575,0.10184457215478204,0.21650000000000003,3,0.502,0.35925,,44090.0,0.04026457827178298,63.395,EU-15,True
DE,2022,353901034.0,19.684527867040725,-0.003439017455026061,0.3603,4,0.8059000000000001,0.5831000000000001,,44620.0,0.011949189634538726,68.652,EU-15,True
DE,2023,289340809.0,19.483115821180334,-0.20141204586039052,0.2373,3,0.5198999999999999,0.37859999999999994,0.41,43770.0,-0.019233537801582656,66.831,EU-15,True
DE,2024,272950271.0,19.42480017904738,-0.05831564213295337,0.4083,4,0.8390000000000001,0.62365,0.5,43650.0,-0.002745368917192792,66.812,EU-15,True
DE,2025,263564247.0,19.389807717857906,-0.034992461189474966,0.37200000000000005,3,0.7468,0.5594,0.56,43750.0,0.0022883305180130264,,EU-15,True
DK,2005,26475718.0,17.091738569008463,,,,,,,49780.0,0.020497927217485667,-50.618,EU-15,True
DK,2006,34199588.0,17.347724155176646,0.25598558616818323,,,,,,51510.0,0.03416266663804812,-35.492,EU-15,True
DK,2007,29407401.0,17.196756935322927,-0.15096721985371886,,,,,,51790.0,0.005421116858306263,-24.247,EU-15,True
DK,2008,26548563.0,17.094486179893664,-0.102270755429263,,,,,,51270.0,-0.010091294640192316,-21.129,EU-15,True
DK,2009,25461124.0,17.052663297801693,-0.041822882091970826,,,,,,48460.0,-0.056367070407228326,-18.8,EU-15,True
DK,2010,25266362.0,17.0449845038243,-0.007678793977394349,,,,,,49010.0,0.011285643533076595,-16.235,EU-15,True
DK,2011,21465658.0,16.881964913724882,-0.1630195900994167,,,,,,49440.0,0.008735454227977613,-6.315,EU-15,True
DK,2012,18185550.0,16.71613788065304,-0.16582703307184232,,,,,,49260.0,-0.0036474204570424718,-3.175,EU-15,True
DK,2013,21601954.0,16.88829433152583,0.17215645087279086,,,,,,49750.0,0.009898070912209178,12.312,EU-15,True
DK,2014,18388751.0,16.72724967692763,-0.16104465459820005,,,,,,50110.0,0.007210125367032916,12.225,EU-15,True
DK,2015,15795936.0,16.57526324972182,-0.15198642720580935,0.39370000000000005,1,,0.39370000000000005,,50810.0,0.013872596634007195,13.078,EU-15,True
DK,2016,17220334.0,16.66160145282686,0.08633820310503992,0.3618,1,,0.3618,,51950.0,0.02218853193959447,13.57,EU-15,False
DK,2017,15062601.0,16.52772547458686,-0.13387597824000252,0.33909999999999996,1,,0.33909999999999996,,53200.0,0.02377667880236345,11.344,EU-15,False
DK,2018,14954342.0,16.52051225041556,-0.007213224171298549,0.3398,1,,0.3398,,53920.0,0.013443070256451861,22.704,EU-15,False
DK,2019,12040553.0,16.303790927022746,-0.21672132339281447,0.45280000000000004,1,,0.45280000000000004,,54630.0,0.013081715803574312,38.882,EU-15,False
DK,2020,10832424.0,16.198054416647288,-0.10573651037545773,0.40269999999999995,2,,0.40269999999999995,,53540.0,-0.020154144315419842,44.89,EU-15,True
DK,2021,11618665.0,16.268123414663968,0.07006899801667998,0.3657,3,0.5891000000000001,0.47740000000000005,,56780.0,0.05875511295261937,32.225,EU-15,True
DK,2022,11214879.0,16.232751936756532,-0.03537147790743589,0.575,4,1.0,0.7875,,56530.0,-0.004412680357624765,43.142,EU-15,True
DK,2023,9244100.0,16.039496068145677,-0.19325586861085498,0.3174,3,0.5062000000000001,0.41180000000000005,0.53,56770.0,0.004236546495434368,39.705,EU-15,True
DK,2024,8268287.0,15.927937911324547,-0.1115581568211308,0.5568,4,0.8997999999999999,0.7283,0.64,58670.0,0.0329205057551345,38.229,EU-15,True
DK,2025,6842939.0,15.738727875675993,-0.18921003564855354,0.6401,3,,0.6401,0.72,60390.0,0.02889500538204004,,EU-15,True
EE,2005,12621824.0,16.350937937121643,,,,,,,15400.0,0.09673977261392075,26.878,2004,True
EE,2006,12104433.0,16.309082307108564,-0.04185563001307813,,,,,,17010.0,0.09943389698818628,30.03,2004,True
EE,2007,15329934.0,16.54531794555497,0.23623563844640572,,,,,,18400.0,0.07854925820717007,24.288,2004,True
EE,2008,13540891.0,16.421224628305506,-0.12409331724946426,,,,,,17510.0,-0.04957851831717974,27.215,2004,True
EE,2009,10378346.0,16.155232078111244,-0.2659925501942624,,,,,,14980.0,-0.1560561682086874,27.175,2004,True
EE,2010,14514390.0,16.4906511290669,0.3354190509556574,,,,,,15380.0,0.02635198598842514,14.68,2004,True
EE,2011,14809461.0,16.510776791253534,0.02012566218663281,,,,,,16590.0,0.0757321401248543,13.646,2004,True
EE,2012,13543879.0,16.421445268909956,-0.08933152234357777,,,,,,17260.0,0.03959158145292818,20.648,2004,True
EE,2013,15921498.0,16.583180829431196,0.16173556052124027,,,,,,17630.0,0.02121031075449764,14.522,2004,True
EE,2014,14967813.0,16.52141265353894,-0.061768175892257915,,,,,,18280.0,0.03620556961622512,11.562,2004,True
EE,2015,11894068.0,16.291550346400655,-0.22986230713828348,0.13649999999999998,1,,0.13649999999999998,,18650.0,0.020038580063820532,11.182,2004,True
EE,2016,13447175.0,16.414279604776503,0.12272925837584836,0.12050000000000001,1,,0.12050000000000001,,19190.0,0.0285431639297844,8.069,2004,False
EE,2017,14670571.0,16.501354072333736,0.08707446755723325,0.154,1,,0.154,,20270.0,0.05475265044429989,4.584,2004,False
EE,2018,13853417.0,16.444042474969972,-0.05731159736376412,0.1097,1,,0.1097,,20970.0,0.03395088444992034,1.229,2004,False
EE,2019,8486473.0,15.953984042055065,-0.4900584329149069,0.17,1,,0.17,,21650.0,0.03191260953467001,4.724,2004,False
EE,2020,5617417.0,15.54138250767657,-0.41260153437849567,0.1612,2,,0.1612,,20960.0,-0.0323895949956583,10.528,2004,True
EE,2021,6850057.0,15.73976753137167,0.19838502369510103,0.1302,3,0.2429,0.18655,,22670.0,0.07842660506659627,1.412,2004,True
EE,2022,8407460.0,15.94462996492839,0.20486243355671974,0.2231,4,0.5174,0.37024999999999997,,22800.0,0.005718071440957928,6.159,2004,True
EE,2023,5260450.0,15.475727132385385,-0.46890283254300513,0.16329999999999997,3,0.2954,0.22935,0.38,21580.0,-0.05499357613040701,3.471,2004,True
EE,2024,4497104.0,15.318944192014227,-0.15678294037115847,0.2863,4,0.565,0.42565,0.4,21470.0,-0.005110347939298876,4.622,2004,True
EE,2025,4123789.0,15.232282958891544,-0.08666123312268326,0.31560000000000005,3,0.5232,0.4194,0.4,21820.0,0.016170368514234923,,2004,True
EL,2005,71267752.0,18.0819544969573,,,,,,,19590.0,0.00871576909327132,68.204,EU-15,True
EL,2006,69965151.0,18.06350783319159,-0.01844666376571169,,,,,,20790.0,0.05945286991347132,71.419,EU-15,True
EL,2007,72717011.0,18.102085904128465,0.038578070936875264,,,,,,21470.0,0.03218451002076783,70.858,EU-15,True
EL,2008,69853893.0,18.061916375829284,-0.04016952829918097,,,,,,21420.0,-0.0023315468710869425,72.915,EU-15,True
EL,2009,63661572.0,17.96909167319854,-0.09282470263074316,,,,,,20490.0,-0.04438810276879401,67.341,EU-15,True
EL,2010,59939996.0,17.90885455311939,-0.06023712007915094,,,,,,19300.0,-0.05983186633996773,68.584,EU-15,True
EL,2011,58838181.0,17.89030153887567,-0.018553014243721577,,,,,,17420.0,-0.10248612448648409,64.677,EU-15,True
EL,2012,61440385.0,17.9335779130601,0.043276374184429756,,,,,,16050.0,-0.08191012184833113,65.889,EU-15,True
EL,2013,58632976.0,17.886807826649303,-0.046770086410795386,,,,,,15800.0,-0.015698909543104378,61.75,EU-15,True
EL,2014,55372015.0,17.829584879684763,-0.05722294696454,,,,,,16030.0,0.0144520265885415,65.455,EU-15,True
EL,2015,49876100.0,17.725052488068936,-0.10453239161582673,0.0712,1,,0.0712,,16100.0,0.004357305368955622,71.047,EU-15,True
EL,2016,46299722.0,17.650646514718783,-0.07440597335015298,0.1233,1,,0.1233,,16160.0,0.003719781102532238,72.911,EU-15,False
EL,2017,49572075.0,17.718938229116617,0.06829171439783366,,,,,,16430.0,0.016569878956227413,71.282,EU-15,False
EL,2018,47105832.0,17.667907372977428,-0.051030856139188785,0.067,1,,0.067,,16810.0,0.02286501537134633,70.681,EU-15,False
EL,2019,40476026.0,17.516220406187546,-0.1516869667898817,,,,,,17210.0,0.023516662802924415,74.103,EU-15,False
EL,2020,31728304.0,17.272719711138073,-0.24350069504947314,,,,,,15660.0,-0.09438091966079121,81.415,EU-15,True
EL,2021,33250959.0,17.319594166755476,0.04687445561740233,0.11720000000000001,3,0.4325,0.27485,,17110.0,0.0885533973414443,73.819,EU-15,True
EL,2022,31630344.0,17.26962747097356,-0.04996669578191515,0.14679999999999999,4,0.6437,0.39525,,18160.0,0.05955828526904661,79.506,EU-15,True
EL,2023,25466136.0,17.052860127555196,-0.2167673434183648,0.1432,3,0.184,0.1636,0.39,18600.0,0.023940207546008452,75.447,EU-15,True
EL,2024,26549389.0,17.094517292204742,0.041657164649546274,0.1384,4,0.3395,0.23895,0.32,19020.0,0.022329476398088133,77.714,EU-15,True
EL,2025,25797702.0,17.065795976157457,-0.028721316047285228,0.20190000000000002,3,0.5128,0.35735000000000006,0.31,19400.0,0.01978200895203841,,EU-15,True
ES,2005,183627216.0,19.028418260459016,,,,,,,25000.0,0.016535968640098986,81.534,EU-15,True
ES,2006,179724889.0,19.00693784522378,-0.02148041523523503,,,,,,25600.0,0.02371652661731538,81.304,EU-15,True
ES,2007,186573449.0,19.044335547936317,0.03739770271253562,,,,,,25990.0,0.015119497167882301,79.56,EU-15,True
ES,2008,163462312.0,18.91209301408535,-0.13224253385096674,,,,,,25760.0,-0.008888947417245774,81.605,EU-15,True
ES,2009,136935766.0,18.735022512528694,-0.17707050155665627,,,,,,24590.0,-0.046483045008050894,79.549,EU-15,True
ES,2010,121483473.0,18.615288786801322,-0.11973372572737162,,,,,,24510.0,-0.003258658688080729,77.003,EU-15,True
ES,2011,132687966.0,18.70351080943289,0.08822202263156598,,,,,,24260.0,-0.010252294024116537,76.012,EU-15,True
ES,2012,135639644.0,18.72551225062375,0.02200144119086289,,,,,,23560.0,-0.02927854473251834,72.798,EU-15,True
ES,2013,122808166.0,18.626134069837732,-0.09937818078601879,,,,,,23310.0,-0.01066790573572085,69.997,EU-15,True
ES,2014,124851227.0,18.642633402435116,0.016499332597383898,,,,,,23730.0,0.01785761740000602,72.557,EU-15,True
ES,2015,137270031.0,18.73746057306012,0.09482717062500257,0.2061,1,,0.2061,,24720.0,0.04087256214181956,72.741,EU-15,True
ES,2016,123556983.0,18.6322130084294,-0.10524756463071938,0.1642,1,,0.1642,,25420.0,0.027923633171816675,71.486,EU-15,False
ES,2017,136316842.0,18.73049245469713,0.09827944626773188,0.2112,1,,0.2112,,26110.0,0.02678211694973065,73.886,EU-15,False
ES,2018,127373884.0,18.66263728793787,-0.06785516675926218,0.08900000000000001,1,,0.08900000000000001,,26620.0,0.019344430255927136,73.613,EU-15,False
ES,2019,109522705.0,18.51164243732463,-0.15099485061323747,0.17720000000000002,1,,0.17720000000000002,,26930.0,0.011578093856542182,75.034,EU-15,False
ES,2020,89044166.0,18.30464305179751,-0.20699938552712283,0.1386,2,,0.1386,,23850.0,-0.12145668948915755,67.892,EU-15,True
ES,2021,91665975.0,18.333661821479723,0.02901876968221373,0.2127,3,,0.2127,,25440.0,0.06453852113757108,69.38,EU-15,True
ES,2022,96302882.0,18.38300880363103,0.04934698215130595,0.2187,4,,0.2187,,26820.0,0.0528251393816106,74.202,EU-15,True
ES,2023,81133557.0,18.211607206624755,-0.17140159700627322,0.2284,3,,0.2284,0.56,27150.0,0.012229168526411982,68.261,EU-15,True
ES,2024,76911171.0,18.15816169050568,-0.05344551611907633,0.2763,4,,0.2763,0.59,27800.0,0.023658974316647985,68.871,EU-15,True
ES,2025,78478629.0,18.17833690364983,0.020175213144149495,0.36599999999999994,3,,0.36599999999999994,0.66,28320.0,0.01853224812892762,,EU-15,True
FI,2005,33099647.0,17.315033175637854,,,,,,,40680.0,0.023881732003387057,54.459,EU-15,True
FI,2006,44621436.0,17.613724929328438,0.29869175369058354,,,,,,42150.0,0.035498113267504294,54.073,EU-15,True
FI,2007,42541345.0,17.56598698453791,-0.0477379447905264,,,,,,44210.0,0.047716323390288196,53.32,EU-15,True
FI,2008,36163966.0,17.403573766677464,-0.16241321786044693,,,,,,44350.0,0.003161700917436505,54.483,EU-15,True
FI,2009,34354708.0,17.352249626920578,-0.05132413975688621,,,,,,40570.0,-0.08908383153723243,54.795,EU-15,True
FI,2010,41297856.0,17.536321143750815,0.1840715168302367,,,,,,41660.0,0.02651255861447055,48.852,EU-15,True
FI,2011,35089924.0,17.373424581697833,-0.16289656205298186,,,,,,42460.0,0.019021020442282932,53.897,EU-15,True
FI,2012,29504184.0,17.200042641761527,-0.17338193993630568,,,,,,41620.0,-0.01998163530962138,47.103,EU-15,True
FI,2013,31344451.0,17.260547807781677,0.06050516602014966,,,,,,41020.0,-0.014521068321252883,49.64,EU-15,True
FI,2014,28630675.0,17.169989253464202,-0.09055855431747517,,,,,,40650.0,-0.009060916650415862,49.89,EU-15,True
FI,2015,25345406.0,17.048108048698932,-0.12188120476526976,0.3405,1,,0.3405,,40700.0,0.0012292564547298213,47.901,EU-15,True
FI,2016,27121173.0,17.115825272313508,0.06771722361457577,0.40659999999999996,1,,0.40659999999999996,,41640.0,0.022833151298218723,46.104,EU-15,False
FI,2017,25043551.0,17.036126907240686,-0.07969836507282224,0.2702,1,,0.2702,,42910.0,0.030043655256665858,43.868,EU-15,False
FI,2018,26170972.0,17.08016141558197,0.04403450834128364,0.4757,1,,0.4757,,43360.0,0.010432458127956679,45.23,EU-15,False
FI,2019,23242612.0,16.96149787605928,-0.11866353952268938,0.5317000000000001,1,,0.5317000000000001,,43910.0,0.012604727442235841,42.894,EU-15,False
FI,2020,19580017.0,16.790020063299153,-0.17147781276012708,0.5037999999999999,2,,0.5037999999999999,,42740.0,-0.027006834682625325,43.031,EU-15,True
FI,2021,20312533.0,16.826748642668296,0.03672857936914298,0.5431,3,,0.5431,,43800.0,0.024498567491399115,37.933,EU-15,True
FI,2022,19020708.0,16.761038838363486,-0.06570980430480944,0.5581999999999999,4,,0.5581999999999999,,44010.0,0.004783063440600088,40.919,EU-15,True
FI,2023,15359928.0,16.547272598172814,-0.21376624019067236,0.518,3,,0.518,0.54,43280.0,-0.01672624628477415,29.709,EU-15,True
FI,2024,13267526.0,16.400829953358166,-0.1464426448146483,0.6236,4,,0.6236,0.62,43330.0,0.0011546012135923434,32.973,EU-15,True
FI,2025,11870873.0,16.28959831063795,-0.11123164272021668,,,,,0.58,43450.0,0.002765615959582135,,EU-15,True
FR,2005,131263794.0,18.69271955105655,,,,,,,33680.0,0.011346792387726623,51.698,EU-15,True
FR,2006,126979057.0,18.659532725312644,-0.03318682574390408,,,,,,34360.0,0.019988907741929296,51.518,EU-15,True
FR,2007,126634815.0,18.65681802986878,-0.0027146954438634907,,,,,,35010.0,0.01874063785052016,50.42,EU-15,True
FR,2008,124129806.0,18.636838398613282,-0.01997963125549873,,,,,,34960.0,-0.0014291841792406501,50.748,EU-15,True
FR,2009,111092554.0,18.5258742316618,-0.11096416695148292,,,,,,33800.0,-0.033743748298361353,50.652,EU-15,True
FR,2010,115543172.0,18.565154801636236,0.039280569974437185,,,,,,34310.0,0.014976054381385495,48.668,EU-15,True
FR,2011,105575300.0,18.47493500036206,-0.09021980127417706,,,,,,34990.0,0.01962544950923828,49.012,EU-15,True
FR,2012,103660840.0,18.456634974108013,-0.01830002625404603,,,,,,34880.0,-0.003148707338818113,48.133,EU-15,True
FR,2013,114589342.0,18.556865356174782,0.10023038206676915,,,,,,34990.0,0.003148707338818113,47.934,EU-15,True
FR,2014,100273317.0,18.423410185635113,-0.13345517053966915,,,,,,35150.0,0.004562311877077008,46.215,EU-15,True
FR,2015,99694769.0,18.417623766153397,-0.0057864194817156545,0.1507,1,,0.1507,,35370.0,0.006239384960716521,45.895,EU-15,True
FR,2016,101715243.0,18.437687731793503,0.020063965640105152,0.0861,1,,0.0861,,35540.0,0.0047948195091152,47.327,EU-15,False
FR,2017,106842018.0,18.486861834084564,0.04917410229106167,0.1487,1,,0.1487,,36140.0,0.01674146243757768,48.703,EU-15,False
FR,2018,97489683.0,18.395257114984616,-0.09160471909994783,0.1008,1,,0.1008,,36570.0,0.01182794699720624,46.735,EU-15,False
FR,2019,94310187.0,18.36209976934071,-0.03315734564390738,0.19349999999999998,1,,0.19349999999999998,,37160.0,0.016004681784348662,47.584,EU-15,False
FR,2020,82145955.0,18.224008162038672,-0.1380916073020373,0.135,2,,0.135,,34230.0,-0.08213046140354407,44.424,EU-15,True
FR,2021,87869606.0,18.291364523565306,0.0673563615266346,0.10769999999999999,3,,0.10769999999999999,,36460.0,0.06311331670842257,44.036,EU-15,True
FR,2022,84935550.0,18.257403291554702,-0.03396123201060419,0.23259999999999997,4,,0.23259999999999997,,37280.0,0.022241220566874276,51.819,EU-15,True
FR,2023,70652409.0,18.073282764178042,-0.18412052737665974,,,,,0.23,37730.0,0.011998544158828395,44.773,EU-15,True
FR,2024,63827920.0,17.971701270143242,-0.1015814940348001,0.20939999999999998,4,0.6106,0.41000000000000003,0.33,38180.0,0.011856284321382304,41.672,EU-15,True
FR,2025,52360859.0,17.77366990452457,-0.19803136561867163,0.3393,3,,0.3393,0.29,38360.0,0.0047034317176368745,,EU-15,True
HR,2013,8785904.0,15.988659176984232,,,,,,,11340.0,0.006191970247922285,47.436,2013,True
HR,2014,8387121.0,15.942207872952022,-0.04645130403221032,,,,,,11370.0,0.0026420094628374358,44.206,2013,True
HR,2015,8386120.0,15.942088516174023,-0.00011935677799890243,0.13799999999999998,1,,0.13799999999999998,,11760.0,0.03372563470803591,48.791,2013,True
HR,2016,8267141.0,15.927799299853245,-0.014289216320777953,0.1392,1,,0.1392,,12320.0,0.0465200156348935,48.43,2013,False
HR,2017,8367776.0,15.939898696286107,0.012099396432862619,0.11599999999999999,1,,0.11599999999999999,,12910.0,0.046778246753177655,53.157,2013,False
HR,2018,7444621.0,15.823002316155701,-0.11689638013040593,0.0673,1,,0.0673,,13460.0,0.04172011935803077,52.695,2013,False
HR,2019,7514711.0,15.832373124009253,0.00937080785355171,0.1603,1,,0.1603,,14020.0,0.04076255738986134,56.216,2013,False
HR,2020,7323810.0,15.806641242331898,-0.025731881677355517,0.1374,2,,0.1374,,12980.0,-0.07707517033049882,53.564,2013,True
HR,2021,6996696.0,15.760948595592524,-0.0456926467393739,0.1408,3,0.2364,0.1886,,14750.0,0.12783337150988494,54.539,2013,True
HR,2022,6455403.0,15.680428012537153,-0.08052058305537102,0.22700000000000004,4,,0.22700000000000004,,15900.0,0.07507602644035671,60.303,2013,True
HR,2023,6567049.0,15.697575126695448,0.01714711415829484,0.20919999999999997,3,0.1311,0.17014999999999997,0.32,16490.0,0.03643502734532156,55.721,2013,True
HR,2024,5513270.0,15.522668471522223,-0.17490665517322412,0.1929,4,,0.1929,0.33,17060.0,0.03398240549202569,59.929,2013,True
HR,2025,5740215.0,15.563007224040266,0.04033875251804275,0.24380000000000002,3,0.6102000000000001,0.42700000000000005,0.29,17590.0,0.030594016685933312,,2013,True
HU,2005,26161642.0,17.079804850167566,,,,,,,11050.0,0.04441062808161611,62.254,2004,True
HU,2006,25845908.0,17.06766284851594,-0.012142001651625378,,,,,,11500.0,0.03991660740544134,61.819,2004,True
HU,2007,26836758.0,17.1052830729062,0.03762022439025969,,,,,,11550.0,0.004338401598598551,60.362,2004,True
HU,2008,27236610.0,17.120072582161917,0.014789509255717093,,,,,,11690.0,0.01204833851617515,62.589,2004,True
HU,2009,22401259.0,16.92462772060295,-0.19544486155896834,,,,,,10920.0,-0.06813780516721835,57.574,2004,True
HU,2010,22991711.0,16.950644317632523,0.026016597029574484,,,,,,11060.0,0.012739025777429802,56.93,2004,True
HU,2011,22469975.0,16.927690531566324,-0.02295378606619991,,,,,,11300.0,0.02146772962410637,50.273,2004,True
HU,2012,21265823.0,16.872611788013604,-0.0550787435527198,,,,,,11220.0,-0.00710482562374537,50.146,2004,True
HU,2013,19132898.0,16.7669198197496,-0.10569196826400429,,,,,,11490.0,0.023779191766113428,50.122,2004,True
HU,2014,18820042.0,16.750432923787454,-0.01648689596214581,,,,,,12040.0,0.046757348020010525,59.845,2004,True
HU,2015,19649901.0,16.793582858098915,0.043149934311461635,0.0767,1,,0.0767,,12530.0,0.03989132902730219,53.875,2004,True
HU,2016,19400528.0,16.78081084015804,-0.012772017940875457,0.06520000000000001,1,,0.06520000000000001,,12880.0,0.02754995176823094,55.823,2004,False
HU,2017,20642090.0,16.84284275314114,0.062031912983101734,0.08839999999999999,1,,0.08839999999999999,,13460.0,0.04404660354037482,62.645,2004,False
HU,2018,20054307.0,16.81395450161543,-0.02888825152571073,0.0818,1,,0.0818,,14240.0,0.05633258176724709,58.123,2004,False
HU,2019,19527471.0,16.78733280138035,-0.02662170023507926,0.1015,1,,0.1015,,14980.0,0.05066107210524429,69.712,2004,False
HU,2020,18904209.0,16.75489515364896,-0.032437647731391905,0.0823,2,,0.0823,,14370.0,-0.0415732779981397,56.618,2004,True
HU,2021,17611523.0,16.68406396168451,-0.07083119196444798,0.0822,3,0.17420000000000002,0.1282,,15470.0,0.07375996449404099,54.121,2004,True
HU,2022,15558989.0,16.56014910031054,-0.12391486137397223,0.23009999999999997,4,0.5,0.36505,,16160.0,0.043636388507975354,64.206,2004,True
HU,2023,13436680.0,16.41349883873435,-0.1466502615761911,0.1923,3,0.34700000000000003,0.26965,0.28,16050.0,-0.006830203516924982,62.087,2004,True
HU,2024,12799176.0,16.364891351817686,-0.04860748691666217,0.187,4,0.485,0.33599999999999997,0.25,16210.0,0.00991948617155991,48.943,2004,True
HU,2025,11063058.0,16.2191220077042,-0.14576934411348574,0.24790000000000004,3,0.4437,0.3458,0.37,16370.0,0.009822055635458682,,2004,True
IE,2005,22441091.0,16.92640425597525,,,,,,,47240.0,0.03336153575398093,89.647,EU-15,True
IE,2006,21705439.0,16.893073432265727,-0.033330823709523116,,,,,,48320.0,0.022604562297399156,90.745,EU-15,True
IE,2007,21246399.0,16.871697980151403,-0.02137545211432368,,,,,,49380.0,0.0216999302904739,87.548,EU-15,True
IE,2008,20382527.0,16.830188572184092,-0.04150940796731106,,,,,,46160.0,-0.06743186171718918,89.991,EU-15,True
IE,2009,17216080.0,16.661354388773,-0.1688341834110929,,,,,,43390.0,-0.06188462238958614,87.797,EU-15,True
IE,2010,17374051.0,16.67048832921844,0.009133940445440913,,,,,,43920.0,0.012140797391015923,87.462,EU-15,True
IE,2011,15770748.0,16.57366738964696,-0.09682093957147941,,,,,,44450.0,0.011995164758639376,90.312,EU-15,True
IE,2012,16896866.0,16.642638718909495,0.06897132926253491,,,,,,44090.0,-0.008131962590066877,83.677,EU-15,True
IE,2013,15694759.0,16.568837392931634,-0.07380132597786115,,,,,,44830.0,0.016644558797500153,91.506,EU-15,True
IE,2014,15962536.0,16.585755034606215,0.01691764167458132,,,,,,48700.0,0.08280147192119713,86.012,EU-15,True
IE,2015,16828719.0,16.63859744918817,0.052842414581952823,0.1493,1,,0.1493,,60150.0,0.2111624123321434,88.653,EU-15,True
IE,2016,17738632.0,16.691255418005312,0.052657968817143797,0.1233,1,,0.1233,,60160.0,0.00016623722089725845,68.951,EU-15,False
IE,2017,16895726.0,16.64257124850057,-0.048684169504742414,0.1825,1,,0.1825,,65290.0,0.08183120555695744,66.021,EU-15,False
IE,2018,15527076.0,16.558095896650883,-0.08447535184968658,0.1708,1,,0.1708,,69310.0,0.059750310731351064,67.576,EU-15,False
IE,2019,14162311.0,16.46609483912785,-0.09200105752303145,0.2713,1,,0.2713,,71640.0,0.03306438126261746,68.673,EU-15,False
IE,2020,13296424.0,16.403005684858925,-0.06308915426892625,0.2527,2,,0.2527,,75620.0,0.05406722127027663,71.125,EU-15,True
IE,2021,15320020.0,16.544671027758895,0.14166534289996946,0.2951,3,0.6667000000000001,0.4809,,87150.0,0.14190997350324253,76.997,EU-15,True
IE,2022,14686224.0,16.50242046949892,-0.042250558259976145,0.4446,4,,0.4446,,92300.0,0.05741336954277543,79.086,EU-15,True
IE,2023,12193816.0,16.31643949594783,-0.18598097355108933,0.3135,3,0.5192,0.41635,0.48,87630.0,-0.05192073644104589,77.761,EU-15,True
IE,2024,11294199.0,16.239799789034898,-0.07663970691293187,0.4943,4,0.775,0.63465,0.47,89300.0,0.01887808281469283,79.533,EU-15,True
IE,2025,10670686.0,16.18301091361989,-0.05678887541500899,0.4396,3,0.6925,0.5660499999999999,0.45,94930.0,0.061138290011253815,,EU-15,True
IS,2013,1779881.0,14.39205706610086,,,,,,,52880.0,0.025085087480563928,13.505,,True
IS,2014,1754945.0,14.377948075359686,-0.014108990741172889,,,,,,53280.0,0.0075358306887025606,13.955,,True
IS,2015,1812042.0,14.409964944124384,0.032016868764698,,,,,,54760.0,0.027398974188114877,16.418,,True
IS,2016,1780965.0,14.392665910197731,-0.017299033926652996,,,,,,57320.0,0.04568960253972243,18.941,,False
IS,2017,1831667.0,14.420737039135354,0.028071128937622092,,,,,,57910.0,0.010240478277728116,18.37,,False
IS,2018,1854685.0,14.433225428283343,0.012488389147989665,,,,,,59120.0,0.02067919540224672,19.143,,False
IS,2019,1796154.0,14.401158270270745,-0.032067158012598185,,,,,,58770.0,-0.005937756015386597,16.106,,False
IS,2020,1759642.0,14.38062093723299,-0.020537333037754735,,,,,,54190.0,-0.08113513104653691,11.966,,True
IS,2021,1828020.0,14.418743971855418,0.038123034622428165,,,,,,56150.0,0.03553029160642929,15.132,,True
IS,2022,1875076.0,14.444159749898528,0.025415778043109682,,,,,,59720.0,0.0616402914865386,17.336,,True
IS,2023,1812530.0,14.410234217298127,-0.0339255326004011,,,,,,61170.0,0.023989900583483603,16.978,,True
IS,2024,1889154.0,14.451639667776895,0.0414054504787682,,,,,,59270.0,-0.0315535974547263,16.807,,True
IS,2025,1676585.0,14.332269544468073,-0.11937012330882268,,,,,,59220.0,-0.000843953126302921,,,True
IT,2005,225989455.0,19.235998896855946,,,,,,,31850.0,0.0018856070954615944,83.348,EU-15,True
IT,2006,227439469.0,19.242394690622618,0.0063957937666714315,,,,,,32290.0,0.0137202027520118,85.867,EU-15,True
IT,2007,226405990.0,19.237840361540478,-0.00455432908213993,,,,,,32570.0,0.00863403451795719,83.002,EU-15,True
IT,2008,220676325.0,19.21220759315752,-0.025632768382958915,,,,,,31990.0,-0.017968265326715027,82.804,EU-15,True
IT,2009,184881602.0,19.03522618897291,-0.17698140418460895,,,,,,30110.0,-0.06056601146778462,80.777,EU-15,True
IT,2010,191489539.0,19.070343738461034,0.035117549488123956,,,,,,30440.0,0.010900190499842921,82.571,EU-15,True
IT,2011,189958180.0,19.062314500634884,-0.008029237826150393,,,,,,30550.0,0.003607152624120147,81.353,EU-15,True
IT,2012,179069626.0,19.003285260242045,-0.059029240392838744,,,,,,29510.0,-0.03463549666275689,79.109,EU-15,True
IT,2013,164499980.0,18.918421006589146,-0.08486425365289918,,,,,,28920.0,-0.020195791664283647,76.736,EU-15,True
IT,2014,152581871.0,18.84321186897089,-0.07520913761825554,,,,,,28910.0,-0.0003458412623089657,75.811,EU-15,True
IT,2015,156206307.0,18.866688172275573,0.0234763033046832,0.0944,1,,0.0944,,29210.0,0.01032356037139337,77.03,EU-15,True
IT,2016,154956291.0,18.858653641567475,-0.008034530708098231,0.0699,1,,0.0699,,29630.0,0.014276245185824266,77.653,EU-15,False
IT,2017,155331759.0,18.861073768177317,0.0024201266098415886,0.09399999999999999,1,,0.09399999999999999,,30160.0,0.017729181554281936,76.979,EU-15,False
IT,2018,146482048.0,18.802413439663702,-0.058660328513614246,0.0794,1,,0.0794,,30470.0,0.010226049857863018,76.338,EU-15,False
IT,2019,140942002.0,18.763859030388346,-0.03855440927535625,0.16079999999999997,1,,0.16079999999999997,,30680.0,0.006868383501437592,77.484,EU-15,False
IT,2020,126028578.0,18.65201924872217,-0.11183978166617692,0.1479,2,,0.1479,,28100.0,-0.08784140015935549,73.454,EU-15,True
IT,2021,131474799.0,18.694325748630757,0.04230649990858737,0.1754,3,0.40299999999999997,0.2892,,30760.0,0.09044556829774386,73.416,EU-15,True
IT,2022,136294721.0,18.730330165175694,0.03600441654493736,0.25439999999999996,4,,0.25439999999999996,,32310.0,0.04916163519896344,79.49,EU-15,True
IT,2023,114784026.0,18.558562885826525,-0.1717672793491687,0.2027,3,,0.2027,0.42,32630.0,0.009855330768822057,75.356,EU-15,True
IT,2024,101392574.0,18.43451041172556,-0.12405247410096365,0.26849999999999996,4,,0.26849999999999996,0.44,32900.0,0.008240547166096235,73.884,EU-15,True
IT,2025,101173099.0,18.432343459323096,-0.0021669524024652276,0.3569,3,,0.3569,0.45,33080.0,0.005456212384164161,,EU-15,True
LI,2008,19883.0,9.89762037425808,,,,,,,,,,,True
LI,2009,13379.0,9.50144159247362,-0.3961787817844602,,,,,,,,,,True
LI,2010,1796.0,7.493317248862145,-2.008124343611475,,,,,,,,,,True
LI,2011,1546.0,7.343426229147367,-0.14989101971477847,,,,,,,,,,True
LI,2012,1096.0,6.999422467507961,-0.3440037616394056,,,,,,,,,,True
LI,2013,943.0,6.849066282633458,-0.15035618487450364,,,,,,,,,,True
LI,2014,309.0,5.733341276897746,-1.1157250057357118,,,,,,,,,,True
LI,2015,290.0,5.66988092298052,-0.06346035391722626,,,,,,,,,,True
LI,2016,151.0,5.017279836814924,-0.6526010861655953,,,,,,,,,,False
LI,2017,516.0,6.246106765481563,1.2288269286666385,,,,,,,,,,False
LI,2018,341.0,5.831882477283517,-0.4142242881980458,,,,,,,,,,False
LI,2019,198.0,5.288267030694535,-0.5436154465889818,,,,,,,,,,False
LI,2020,600.0,6.396929655216146,1.1086626245216111,,,,,,,,,,True
LT,2005,6603869.0,15.703166247362661,,,,,,,9940.0,0.09049282805528058,55.332,2004,True
LT,2006,6516911.0,15.68991104863081,-0.013255198731851436,,,,,,10850.0,0.08759805931798503,60.351,2004,True
LT,2007,5998744.0,15.607060671945716,-0.08285037668509432,,,,,,12190.0,0.11645086350671185,59.111,2004,True
LT,2008,6103720.0,15.624408979334666,0.01734830738894999,,,,,,12640.0,0.03625044522553189,56.016,2004,True
LT,2009,5786742.0,15.57107999687681,-0.053328982457856,,,,,,10880.0,-0.14994014729091454,48.045,2004,True
LT,2010,6393952.0,15.670863101535899,0.0997831046590889,,,,,,11160.0,0.02540971552536675,79.045,2004,True
LT,2011,5606425.0,15.53942381946371,-0.13143928207218813,,,,,,12140.0,0.08416982867818845,78.604,2004,True
LT,2012,5718037.0,15.559136122637442,0.019712303173731627,,,,,,12830.0,0.05528039299619181,77.534,2004,True
LT,2013,7464155.0,15.825622787638823,0.26648666500138063,,,,,,13480.0,0.04942092685661592,75.556,2004,True
LT,2014,6864234.0,15.741835010477944,-0.08378777716087882,,,,,,14100.0,0.04496769189996286,74.935,2004,True
LT,2015,6844943.0,15.73902068942385,-0.002814321054094293,0.24309999999999998,1,,0.24309999999999998,,14630.0,0.03689941764790916,75.452,2004,True
LT,2016,6159573.0,15.633518014925269,-0.10550267449858097,0.1542,1,,0.1542,,15200.0,0.03822121282019886,74.784,2004,False
LT,2017,6283336.0,15.653411607593277,0.01989359266800861,0.22519999999999998,1,,0.22519999999999998,,16090.0,0.056902533152060286,71.965,2004,False
LT,2018,5952939.0,15.599395605148707,-0.05401600244456972,0.2051,1,,0.2051,,17030.0,0.05677853367030572,73.897,2004,False
LT,2019,6066873.0,15.618353873789564,0.0189582686408567,0.2621,1,,0.2621,,17870.0,0.04814683449673929,75.202,2004,False
LT,2020,6137662.0,15.629954445848584,0.011600572059020209,0.0653,2,,0.0653,,17890.0,0.001118568349291138,74.909,2004,True
LT,2021,5976002.0,15.603262340466756,-0.026692105381828313,0.172,3,,0.172,,19040.0,0.06230013184259242,73.272,2004,True
LT,2022,5066303.0,15.438121918256563,-0.1651404222101931,0.2595,4,,0.2595,,19350.0,0.016150390112571245,72.434,2004,True
LT,2023,4752053.0,15.374087293161075,-0.06403462509548774,0.21789999999999998,3,,0.21789999999999998,0.36,19220.0,-0.0067410159336454,69.498,2004,True
LT,2024,4961894.0,15.417298080651815,0.04321078749073948,0.2507,4,,0.2507,0.34,19690.0,0.024159489108887655,66.014,2004,True
LT,2025,4612455.0,15.344270811185767,-0.07302726946604743,0.42200000000000004,3,,0.42200000000000004,0.44,20260.0,0.02853760616950396,,2004,True
LU,2005,2603349.0,14.772309251055388,,,,,,,98260.0,0.008893490767395207,97.376,EU-15,True
LU,2006,2712972.0,14.813555270909594,0.041246019854206395,,,,,,102580.0,0.04302595522061914,98.232,EU-15,True
LU,2007,2567231.0,14.758338444117777,-0.05521682679181694,,,,,,109100.0,0.061621910877903474,96.668,EU-15,True
LU,2008,2098895.0,14.55692157373067,-0.2014168703871082,,,,,,106870.0,-0.02065175030221944,97.446,EU-15,True
LU,2009,2181694.0,14.595612197227368,0.038690623496698606,,,,,,101540.0,-0.051160333017557846,97.514,EU-15,True
LU,2010,2252662.0,14.627623185967295,0.032010988739926916,,,,,,103430.0,0.018442245870463836,97.069,EU-15,True
LU,2011,2052211.0,14.534428306497235,-0.09319487947005989,,,,,,102120.0,-0.012746463016428677,97.293,EU-15,True
LU,2012,1989537.0,14.503412506313785,-0.031015800183450182,,,,,,101440.0,-0.006681101684367974,97.51,EU-15,True
LU,2013,1847117.0,14.429136603141538,-0.07427590317224642,,,,,,102010.0,0.005603357005512066,97.1,EU-15,True
LU,2014,1931704.0,14.473913072907155,0.04477646976561722,,,,,,102250.0,0.0023499472284846945,96.626,EU-15,True
LU,2015,1660832.0,14.32282923959082,-0.1510838333163349,0.2112,1,,0.2112,,102530.0,0.002734643759087163,95.958,EU-15,True
LU,2016,1503325.0,14.223189879558136,-0.09963936003268437,0.15109999999999998,1,,0.15109999999999998,,104920.0,0.02304271631667376,96.28,EU-15,False
LU,2017,1492043.0,14.215656879705879,-0.007532999852257305,0.2082,1,,0.2082,,104020.0,-0.008614966653746947,95.558,EU-15,False
LU,2018,1468882.0,14.200012125176755,-0.015644754529123617,0.1666,1,,0.1666,,103640.0,-0.003659832651017325,95.156,EU-15,False
LU,2019,1496130.0,14.218392332136835,0.018380206960079803,0.3496,1,,0.3496,,104310.0,0.006443878993971808,95.009,EU-15,False
LU,2020,1376500.0,14.135054603564798,-0.0833377285720367,0.1882,2,,0.1882,,102190.0,-0.020533409063762775,92.342,EU-15,True
LU,2021,1316802.0,14.090716627737326,-0.044337975827472675,0.2471,3,,0.2471,,107570.0,0.05130797281979582,92.374,EU-15,True
LU,2022,1133340.0,13.940679583253921,-0.1500370444834047,0.32439999999999997,4,,0.32439999999999997,,104100.0,-0.03278982282298948,91.483,EU-15,True
LU,2023,883632.0,13.691795965354453,-0.24888361789946778,0.2151,3,,0.2151,0.36,102250.0,-0.017931180698012028,91.448,EU-15,True
LU,2024,831051.0,13.630446443795567,-0.06134952155888662,0.381,4,,0.381,0.3,101000.0,-0.012300278081651683,91.034,EU-15,True
LU,2025,667686.0,13.411573282125765,-0.21887316166980142,0.4311,3,,0.4311,0.36,100380.0,-0.006157532614473382,,EU-15,True
LV,2005,2854492.0,14.864404451790126,,,,,,,10430.0,0.1211443833590895,63.841,2004,True
LV,2006,2940685.0,14.894153105373444,0.029748653583318685,,,,,,11870.0,0.12932793960889555,66.707,2004,True
LV,2007,2849210.0,14.8625523208373,-0.03160078453614368,,,,,,13220.0,0.10771662580196306,62.478,2004,True
LV,2008,2742918.0,14.824532875196558,-0.03801944564074233,,,,,,12900.0,-0.0245035230559143,58.825,2004,True
LV,2009,2489805.0,14.727714952121236,-0.09681792307532255,,,,,,11020.0,-0.1575155076428576,60.411,2004,True
LV,2010,3240172.0,14.99113697277923,0.2634220206579947,,,,,,10840.0,-0.01646880771326842,45.545,2004,True
LV,2011,2923455.0,14.888276693970417,-0.10286027880881399,,,,,,11380.0,0.048614432686685305,59.863,2004,True
LV,2012,2740013.0,14.823473222878546,-0.06480347109187079,,,,,,12360.0,0.08260802333136041,56.388,2004,True
LV,2013,2649814.0,14.790000006819819,-0.03347321605872722,,,,,,12750.0,0.03106581957488963,55.883,2004,True
LV,2014,2354247.0,14.671731489080322,-0.1182685177394962,,,,,,13140.0,0.03012974145202918,40.592,2004,True
LV,2015,2312538.0,14.65385618066614,-0.017875308414183166,,,,,,13750.0,0.04537781105611671,51.179,2004,True
LV,2016,2197000.0,14.602603351366747,-0.05125282929939168,,,,,,14230.0,0.03431358798918005,47.152,2004,False
LV,2017,2049810.0,14.533257663892433,-0.06934568747431413,,,,,,14850.0,0.04264745314694807,44.055,2004,False
LV,2018,2612632.0,14.775868700294582,0.24261103640214898,0.0379,1,,0.0379,,15610.0,0.049911869278631116,44.316,2004,False
LV,2019,2493060.0,14.729021429604769,-0.046847270689813314,0.07300000000000001,1,,0.07300000000000001,,15820.0,0.013363227812167366,43.917,2004,False
LV,2020,2021990.0,14.519592732951907,-0.20942869665286246,0.045899999999999996,2,,0.045899999999999996,,15370.0,-0.028857404789002672,45.485,2004,True
LV,2021,2064880.0,14.540582671308593,0.02098993835668672,0.1084,3,0.09269999999999999,0.10055,,16580.0,0.07577959215664443,38.335,2004,True
LV,2022,1689971.0,14.340221926988713,-0.20036074431988027,0.1574,4,0.2582,0.20779999999999998,,16890.0,0.018524581112560057,38.213,2004,True
LV,2023,1739119.0,14.368889221127445,0.02866729413873159,0.18280000000000002,3,0.13570000000000002,0.15925,0.39,16770.0,-0.007130154984592352,32.716,2004,True
LV,2024,1600151.0,14.28560855775697,-0.08328066337047524,0.1877,4,0.37479999999999997,0.28125,0.35,16910.0,0.008313587075372553,29.26,2004,True
LV,2025,1659267.0,14.321886496548574,0.03627793879160457,0.2597,3,0.37939999999999996,0.31955,0.6,17520.0,0.035437922597756355,,2004,True
MT,2005,1971258.0,14.494182475589767,,,,,,,18120.0,0.022322355437898622,99.967,2004,True
MT,2006,1985765.0,14.501514788287823,0.007332312698055787,,,,,,18480.0,0.019672765598704345,99.962,2004,True
MT,2007,2027364.0,14.522246985040022,0.020732196752199172,,,,,,19340.0,0.045486423811610166,99.956,2004,True
MT,2008,2018585.0,14.517907328866588,-0.004339656173433681,,,,,,20060.0,0.03655229250864167,99.952,2004,True
MT,2009,1897113.0,14.455843814881598,-0.06206351398498988,,,,,,19630.0,-0.021668774245419797,99.926,2004,True
MT,2010,1878307.0,14.445881397168778,-0.009962417712820582,,,,,,20750.0,0.0554872383883378,99.036,2004,True
MT,2011,1931566.0,14.473841630838617,0.02796023366983924,,,,,,20860.0,0.005287202895919663,101.3,2004,True
MT,2012,2052430.0,14.534535014976836,0.060693384138218676,,,,,,21540.0,0.032078222155615066,100.973,2004,True
MT,2013,1697304.0,14.344551667830991,-0.1899833471458443,,,,,,22600.0,0.048038234549999004,104.139,2004,True
MT,2014,1659118.0,14.321796693828215,-0.02275497400277615,,,,,,23840.0,0.05341493591890867,97.657,2004,True
MT,2015,889614.0,13.698542939764696,-0.6232537540635192,0.1628,1,,0.1628,,25520.0,0.06809761627943978,97.296,2004,True
MT,2016,579539.0,13.269988238893472,-0.42855470087122427,0.1091,1,,0.1091,,25960.0,0.01709443335930061,101.076,2004,False
MT,2017,723997.0,13.49254252771286,0.22255428881938855,0.13570000000000002,1,,0.13570000000000002,,28530.0,0.09439927338951826,103.052,2004,False
MT,2018,698028.0,13.45601449555312,-0.03652803215974032,0.12300000000000001,1,,0.12300000000000001,,29510.0,0.0337730237294398,97.527,2004,False
MT,2019,739362.0,13.513542931142632,0.05752843558951248,0.207,1,,0.207,,29480.0,-0.001017121633712037,97.274,2004,False
MT,2020,810207.0,13.605045049555418,0.09150211841278555,0.1275,2,,0.1275,,27870.0,-0.05616122582727989,97.555,2004,True
MT,2021,771044.0,13.555500719659001,-0.04954432989641688,0.22080000000000002,3,,0.22080000000000002,,31410.0,0.11957547205669883,97.042,2004,True
MT,2022,796530.0,13.588020072406367,0.03251935274736617,0.3433,4,,0.3433,,31830.0,0.013282927743446749,98.965,2004,True
MT,2023,797185.0,13.588842051288262,0.0008219788818948359,0.33909999999999996,3,,0.33909999999999996,0.55,32760.0,0.02879901769086679,97.553,2004,True
MT,2024,736465.0,13.509616991691798,-0.07922505959646386,0.3894,4,,0.3894,0.54,33540.0,0.023530497410193973,98.388,2004,True
MT,2025,718878.0,13.485446942194619,-0.02417004949717949,0.45769999999999994,3,1.0,0.72885,0.6,34360.0,0.024154340720992096,,2004,True
NL,2005,80351292.0,18.201918729670044,,,,,,,42160.0,0.017708048265667742,37.784,EU-15,True
NL,2006,76702137.0,18.15544012774857,-0.046478601921474905,,,,,,43590.0,0.03335586201719387,38.561,EU-15,True
NL,2007,79872395.0,18.195940856671612,0.04050072892304257,,,,,,45180.0,0.035826744789556386,37.407,EU-15,True
NL,2008,83510582.0,18.24048391233037,0.044543055658756714,,,,,,45960.0,0.017116941940697572,33.555,EU-15,True
NL,2009,81030700.0,18.210338653175356,-0.030145259155013093,,,,,,44050.0,-0.04244610059836518,34.059,EU-15,True
NL,2010,84735599.0,18.2550463664824,0.04470771330704437,,,,,,44400.0,0.007914117055989323,28.279,EU-15,True
NL,2011,79966837.0,18.197122569193734,-0.057923797288665924,,,,,,44980.0,0.01297847709299127,29.357,EU-15,True
NL,2012,76425922.0,18.151832489783548,-0.04529007941018648,,,,,,44370.0,-0.013654381140352001,30.635,EU-15,True
NL,2013,86946145.0,18.28079946195652,0.1289669721729716,,,,,,44230.0,-0.0031602735105824564,23.738,EU-15,True
NL,2014,89044478.0,18.30464655567056,0.023847093714039147,,,,,,44780.0,0.012358319290372677,30.948,EU-15,True
NL,2015,94087699.0,18.359737873375167,0.0550913177046084,0.3543,1,,0.3543,,45530.0,0.016609838176082192,48.372,EU-15,True
NL,2016,93871917.0,18.35744182596467,-0.0022960474104962714,0.1991,1,,0.1991,,46380.0,0.018496882480695476,45.874,EU-15,False
NL,2017,91409751.0,18.33086271563548,-0.026579110329191025,0.3602,1,,0.3602,,47390.0,0.021542904152111575,51.699,EU-15,False
NL,2018,87394669.0,18.285944843342126,-0.04491787229335387,0.2469,1,,0.2469,,48180.0,0.016532761207228575,59.517,EU-15,False
NL,2019,83726614.0,18.243067453854973,-0.042877389487152584,0.3431,1,,0.3431,,48970.0,0.016263868527500946,64.304,EU-15,False
NL,2020,74121865.0,18.1212211209645,-0.12184633289047397,0.2503,2,,0.2503,,46810.0,-0.0451110104022483,68.023,EU-15,True
NL,2021,74153581.0,18.12164891938075,0.0004277984162506243,0.3248,3,0.5575,0.44115,,49490.0,0.055673773651816916,58.451,EU-15,True
NL,2022,68522183.0,18.042668090223845,-0.07898082915690452,0.4065,4,0.8015000000000001,0.6040000000000001,,51480.0,0.03942275376413029,80.242,EU-15,True
NL,2023,58888869.0,17.891162649438318,-0.1515054407855274,0.4576,3,0.7737,0.61565,0.56,50660.0,-0.01605673815439701,70.411,EU-15,True
NL,2024,59865342.0,17.907608297970683,0.016445648532364743,0.4299,4,0.8253,0.6276,0.57,50870.0,0.004136714261145258,70.564,EU-15,True
NL,2025,61854185.0,17.940290318216192,0.03268202024550959,0.6564,3,0.856,0.7562,0.65,51400.0,0.010364813626445368,,EU-15,True
NO,2008,19342443.0,16.77781235852277,,,,,,,61200.0,-0.004239367184057485,-592.319,,True
NO,2009,19215690.0,16.771237690782097,-0.006574667740672169,,,,,,59450.0,-0.02901156638148983,-601.253,,True
NO,2010,19274275.0,16.774281863217286,0.003044172435188841,,,,,,59310.0,-0.0023576972861558687,-536.301,,True
NO,2011,19083018.0,16.764309387576525,-0.009972475640761758,,,,,,59350.0,0.0006741952050415279,-590.038,,True
NO,2012,18560346.0,16.736537927389943,-0.02777146018658172,,,,,,60230.0,0.014718445999953644,-568.081,,True
NO,2013,24687895.0,17.021823600497616,0.2852856731076727,,,,,,60260.0,0.0004979666465256827,-508.738,,True
NO,2014,24975363.0,17.0334004169278,0.011576816430185488,,,,,,60840.0,0.009578933688935365,-566.17,,True
NO,2015,25706419.0,17.062251285215943,0.028850868288142095,0.3109,1,,0.3109,,61450.0,0.009976368620952414,-678.008,,True
NO,2016,25215836.0,17.042982767811488,-0.019268517404455565,0.3292,1,,0.3292,,61700.0,0.00406009489929815,-608.666,,False
NO,2017,25414470.0,17.050829254819217,0.007846487007729053,0.276,1,,0.276,,62850.0,0.018467004124914865,-595.383,,False
NO,2018,25158775.0,17.04071730021692,-0.010111954602297857,0.3055,1,,0.3055,,63130.0,0.004445157343276662,-563.803,,False
NO,2019,24641834.0,17.019956125677865,-0.020761174539053684,0.2918,1,,0.2918,,63630.0,0.00788896486516677,-561.944,,False
NO,2020,23727592.0,16.982149148336763,-0.037806977341102055,0.3907,2,,0.3907,,62400.0,-0.019519781869318464,-603.999,,True
NO,2021,22988107.0,16.950487553201338,-0.0316615951354251,0.3422,3,0.6535,0.49785,,64640.0,0.035268138837457386,-622.175,,True
NO,2022,22522445.0,16.930022925502307,-0.020464627699031013,0.4294,4,0.9059999999999999,0.6677,,66670.0,0.030921662417130236,-682.103,,True
NO,2023,21327464.0,16.87550618980201,-0.05451673570029669,0.37309999999999993,3,0.8064999999999999,0.5897999999999999,,66140.0,-0.007981369076322409,-655.137,,True
NO,2024,20451375.0,16.833560675356583,-0.041945514445426824,0.444,4,0.8809,0.66245,,66460.0,0.004826555372801522,-677.196,,True
NO,2025,20558860.0,16.838802549543153,0.005241874186570072,0.49160000000000004,3,0.9693,0.73045,,66720.0,0.00390449512404345,,,True
PL,2005,203149576.0,19.129453093268094,,,,,,,8080.0,0.03270731797578463,17.748,2004,True
PL,2006,209616290.0,19.16078922685681,0.031336133588716564,,,,,,8590.0,0.06120686346315907,20.149,2004,True
PL,2007,209618357.0,19.16079908768303,9.860826221341767e-06,,,,,,9170.0,0.06533855027221058,25.79,2004,True
PL,2008,204107419.0,19.13415697694795,-0.02664211073508227,,,,,,9570.0,0.042695919196487964,30.862,2004,True
PL,2009,191174249.0,19.068695868548936,-0.06546110839901331,,,,,,9810.0,0.024769068112409087,32.041,2004,True
PL,2010,199726907.0,19.112461526415473,0.043765657866536856,,,,,,10150.0,0.0340714319105242,31.559,2004,True
PL,2011,203026525.0,19.12884719349476,0.016385667079287458,,,,,,10680.0,0.05089912804425367,34.008,2004,True
PL,2012,196636280.0,19.09686628578369,-0.03198090771106976,,,,,,10840.0,0.0148701624794505,31.613,2004,True
PL,2013,205735395.0,19.142101410797824,0.04523512501413407,,,,,,10930.0,0.00826830617694796,26.236,2004,True
PL,2014,197129387.0,19.099370857914234,-0.04273055288359018,,,,,,11360.0,0.03858711110455815,29.395,2004,True
PL,2015,198700536.0,19.107309405052376,0.007938547138142127,0.1033,1,,0.1033,,11870.0,0.04391579532857115,29.829,2004,True
PL,2016,198051726.0,19.10403879696519,-0.003270608087184712,0.0771,1,,0.0771,,12240.0,0.030695068462602393,30.744,2004,False
PL,2017,202166696.0,19.124603142775065,0.02056434580987343,0.08560000000000001,1,,0.08560000000000001,,12870.0,0.050189744523855495,38.255,2004,False
PL,2018,199974539.0,19.11370061140834,-0.010902531366724588,0.07930000000000001,1,,0.07930000000000001,,13680.0,0.06103589058636949,43.52,2004,False
PL,2019,183690533.0,19.02876301374578,-0.08493759766255948,0.09390000000000001,1,,0.09390000000000001,,14310.0,0.04502368137395507,45.251,2004,False
PL,2020,171729419.0,18.961430650736478,-0.06733236300930301,0.0967,2,,0.0967,,14310.0,0.0,42.775,2004,True
PL,2021,192032908.0,19.073177311138803,0.11174666040232495,0.1116,3,0.1284,0.12,,15380.0,0.07210937050913913,40.464,2004,True
PL,2022,184145848.0,19.031238653764348,-0.041938657374455346,0.24700000000000003,4,0.5051,0.37605,,15840.0,0.029470422308781608,46.115,2004,True
PL,2023,153018903.0,18.846072020744767,-0.18516663301958047,0.1655,3,0.27799999999999997,0.22175,0.32,15950.0,0.006920442844572605,47.996,2004,True
PL,2024,148707821.0,18.8174940058778,-0.028578014866965873,0.26770000000000005,4,0.6051000000000001,0.43640000000000007,0.41,16510.0,0.034507428701184395,45.669,2004,True
PL,2025,113915915.0,18.550971146487818,-0.2665228593899833,0.2627,3,0.48879999999999996,0.37575,0.42,17170.0,0.03919741697734658,,2004,True
PT,2005,36425933.0,17.410791523993414,,,,,,,19000.0,0.005806297653021986,88.561,EU-15,True
PT,2006,33061969.0,17.313894206962328,-0.09689731703108606,,,,,,19280.0,0.014629310015958907,83.967,EU-15,True
PT,2007,31197278.0,17.255841405384025,-0.05805280157830239,,,,,,19720.0,0.022565059992089687,81.519,EU-15,True
PT,2008,29911640.0,17.213758260263106,-0.042083145120919596,,,,,,19760.0,0.0020263431452338665,83.623,EU-15,True
PT,2009,28261960.0,17.157027288795824,-0.05673097146728168,,,,,,19120.0,-0.03292478469646731,81.434,EU-15,True
PT,2010,24167190.0,17.000506486094736,-0.15652080270108826,,,,,,19440.0,0.016597891409038112,75.22,EU-15,True
PT,2011,25010518.0,17.03480701435463,0.03430052825989449,,,,,,19110.0,-0.01712104078011123,77.792,EU-15,True
PT,2012,25254395.0,17.044510757945,0.009703743590371516,,,,,,18410.0,-0.037317763007195026,79.461,EU-15,True
PT,2013,24660693.0,17.020721157495394,-0.023789600449607207,,,,,,18330.0,-0.004354933393372562,73.347,EU-15,True
PT,2014,24196794.0,17.00173070301191,-0.01899045448348602,,,,,,18560.0,0.012469665506440464,70.234,EU-15,True
PT,2015,27957283.0,17.14618829607308,0.14445759306117267,0.1051,1,,0.1051,,18920.0,0.019210836265676434,76.293,EU-15,True
PT,2016,25755477.0,17.064157861485914,-0.08203043458716763,0.08200000000000002,1,,0.08200000000000002,,19350.0,0.022472855852059936,72.241,EU-15,False
PT,2017,30076001.0,17.219238102729157,0.15508024124324393,0.16419999999999998,1,,0.16419999999999998,,20020.0,0.034039354411282474,77.965,EU-15,False
PT,2018,26296307.0,17.08493906903748,-0.13429903369167917,0.0684,1,,0.0684,,20620.0,0.029529704701740656,75.657,EU-15,False
PT,2019,21604075.0,16.88839251226823,-0.19654655676924904,0.1378,1,,0.1378,,21150.0,0.025378426903472473,73.875,EU-15,False
PT,2020,18733777.0,16.745838709189385,-0.1425538030788438,0.0875,2,,0.0875,,19360.0,-0.08843082364385602,65.282,EU-15,True
PT,2021,16037219.0,16.590422766318387,-0.1554159428709987,0.1266,3,0.3456,0.2361,,20390.0,0.05183550273793358,66.925,EU-15,True
PT,2022,16191278.0,16.59998326015422,0.009560493835834905,0.256,4,,0.256,,21690.0,0.06180674025241828,71.274,EU-15,True
PT,2023,12762063.0,16.36198749992857,-0.23799576022565105,0.1508,3,,0.1508,0.32,22130.0,0.020082829224175924,66.866,EU-15,True
PT,2024,11322162.0,16.24227260190245,-0.11971489802612112,0.2717,4,,0.2717,0.41,22370.0,0.01078662143907927,64.524,EU-15,True
PT,2025,11396005.0,16.24877341335028,0.00650081144782888,0.2321,3,,0.2321,0.41,22560.0,0.008457651127820043,,EU-15,True
RO,2007,69611799.0,18.058444636798832,,,,,,,7870.0,0.08481902625863746,31.46,2007,True
RO,2008,63816826.0,17.971527443951793,-0.08691719284703936,,,,,,8740.0,0.1048521272381322,27.65,2007,True
RO,2009,49061704.0,17.708589329171467,-0.2629381147803258,,,,,,8330.0,-0.04804673348869137,19.89,2007,True
RO,2010,47344119.0,17.67295316713705,-0.035636162034418106,,,,,,8050.0,-0.03419136474827944,21.386,2007,True
RO,2011,51238935.0,17.752010250233482,0.07905708309643344,,,,,,8460.0,0.049677082187660204,21.14,2007,True
RO,2012,47857377.0,17.683735833259373,-0.06827441697410919,,,,,,8660.0,0.023365548956210347,22.463,2007,True
RO,2013,42414701.0,17.563005581806223,-0.12073025145314986,,,,,,8710.0,0.005757068290067835,18.317,2007,True
RO,2014,42575226.0,17.566783092778444,0.0037775109722204547,,,,,,9100.0,0.04380262265839363,16.663,2007,True
RO,2015,42396344.0,17.56257269006938,-0.0042104027090630325,0.0713,1,,0.0713,,9430.0,0.035621683122561976,16.687,2007,True
RO,2016,39778381.0,17.49883413171824,-0.06373855835114028,0.029300000000000003,1,,0.029300000000000003,,9760.0,0.03439630377963532,21.901,2007,False
RO,2017,40617496.0,17.519709467706317,0.02087533598807667,0.0747,1,,0.0747,,10620.0,0.08444661538879039,23.295,2007,False
RO,2018,39638158.0,17.495302798132457,-0.024406669573860285,0.0455,1,,0.0455,,11260.0,0.05851760689775176,24.291,2007,False
RO,2019,36545538.0,17.414069657364408,-0.08123314076804888,0.0699,1,,0.0699,,11760.0,0.04344731975893623,30.282,2007,False
RO,2020,32665999.0,17.30184530898235,-0.11222434838205686,0.0351,2,,0.0351,,11390.0,-0.03196816501138855,28.191,2007,True
RO,2021,32302679.0,17.290660725929925,-0.011184583052425978,0.047299999999999995,3,0.3013,0.1743,,12130.0,0.0629459454968675,31.65,2007,True
RO,2022,28160835.0,17.15344274080314,-0.13721798512678518,0.1311,4,0.424,0.27754999999999996,,12690.0,0.04513255877033728,32.423,2007,True
RO,2023,23830020.0,16.986456688352792,-0.1669860524503477,0.052700000000000004,3,0.1691,0.1109,0.35,12970.0,0.021824716602056426,27.863,2007,True
RO,2024,22903082.0,16.946782044621536,-0.03967464373125651,0.1467,4,0.5153,0.33099999999999996,0.32,13090.0,0.009209581593456306,30.356,2007,True
RO,2025,21101835.0,16.864870561489543,-0.08191148313199292,0.1283,3,0.2462,0.18725,0.48,13190.0,0.007610386807414216,,2007,True
SE,2005,19381682.0,16.779838951166493,,,,,,,41330.0,0.023749433038231516,38.075,EU-15,True
SE,2006,20002497.0,16.81136767372515,0.03152872255865802,,,,,,42990.0,0.039378901984550296,38.227,EU-15,True
SE,2007,19040731.0,16.76209097944765,-0.04927669427750203,,,,,,44080.0,0.025038634336468135,36.797,EU-15,True
SE,2008,20080518.0,16.81526064926782,0.05316966982017135,,,,,,43330.0,-0.017160929092840504,38.416,EU-15,True
SE,2009,17491867.0,16.677246588010167,-0.13801406125765325,,,,,,41130.0,-0.052107453509485424,38.186,EU-15,True
SE,2010,22661193.0,16.936164460015885,0.2589178720057177,,,,,,43130.0,0.04748102841741897,37.99,EU-15,True
SE,2011,19853885.0,16.80391026383136,-0.13225419618452605,,,,,,44150.0,0.023374116390217026,36.483,EU-15,True
SE,2012,18172023.0,16.7153937715441,-0.08851649228725833,,,,,,43650.0,-0.011389644764358664,30.169,EU-15,True
SE,2013,20143270.0,16.81838079553098,0.10298702398688064,,,,,,43770.0,0.002745368917192792,32.8,EU-15,True
SE,2014,19326501.0,16.776987820831582,-0.04139297469939862,,,,,,44330.0,0.012712997554158889,32.345,EU-15,True
SE,2015,19236229.0,16.772305986070734,-0.004681834760848602,0.2332,1,,0.2332,,45790.0,0.032404077912042695,30.071,EU-15,True
SE,2016,19884726.0,16.805462457298418,0.03315647122768439,0.2813,1,,0.2813,,46220.0,0.009346878177229456,33.311,EU-15,False
SE,2017,19761991.0,16.79927100431745,-0.006191452980967682,0.2755,1,,0.2755,,46420.0,0.004317796000057328,26.668,EU-15,False
SE,2018,19999943.0,16.811239981514206,0.011968977196755048,0.3114,1,,0.3114,,46700.0,0.00601376382856067,29.072,EU-15,False
SE,2019,18895094.0,16.754412869614427,-0.056827111899778515,0.4445,1,,0.4445,,47410.0,0.015089012239174693,30.056,EU-15,False
SE,2020,16705579.0,16.631253293453693,-0.12315957616073447,0.32189999999999996,2,,0.32189999999999996,,46180.0,-0.026286372987676998,31.982,EU-15,True
SE,2021,18476247.0,16.731996519137795,0.1007432256841021,0.4876,3,0.7434999999999999,0.6155499999999999,,48300.0,0.04488475673217707,21.224,EU-15,True
SE,2022,17658168.0,16.686709010499662,-0.04528750863813258,0.5971,4,0.981,0.78905,,48390.0,0.0018616201467001048,26.961,EU-15,True
SE,2023,17234053.0,16.662397810093356,-0.024311200406305744,0.3757,3,0.7102,0.54295,0.58,47960.0,-0.008925850645914224,26.388,EU-15,True
SE,2024,16906770.0,16.64322469139384,-0.019173118699516323,0.595,4,0.9311,0.76305,0.58,48770.0,0.01674803956264803,26.504,EU-15,True
SE,2025,16181173.0,16.59935896387661,-0.04386572751722895,0.5709,3,0.8117,0.6913,0.66,49250.0,0.00979399789613744,,EU-15,True
SI,2005,8720550.0,15.981192867290615,,,,,,,18610.0,0.036108955719871716,50.826,2004,True
SI,2006,8842182.0,15.995044236734863,0.013851369444248363,,,,,,19640.0,0.05386923227216123,50.897,2004,True
SI,2007,9048634.0,16.01812436505712,0.023080128322256144,,,,,,20930.0,0.06361523353158915,50.821,2004,True
SI,2008,8860105.0,15.997069173526842,-0.021055191530276574,,,,,,21600.0,0.031509778232210905,53.587,2004,True
SI,2009,8067023.0,15.903295075036901,-0.09377409848994134,,,,,,19770.0,-0.08852767750759405,48.836,2004,True
SI,2010,8129863.0,15.9110546302135,0.007759555176598099,,,,,,19920.0,0.007558614973925515,49.28,2004,True
SI,2011,7994552.0,15.894270867658282,-0.016783762555217407,,,,,,20010.0,0.004507896439189807,48.353,2004,True
SI,2012,7610592.0,15.845051519190648,-0.049219348467634205,,,,,,19390.0,-0.0314746793410805,51.844,2004,True
SI,2013,7389985.0,15.815636263152365,-0.029415256038282322,,,,,,19210.0,-0.009326492474095005,47.475,2004,True
SI,2014,6115287.0,15.626302259771474,-0.1893340033808908,,,,,,19720.0,0.026202372394022788,45.19,2004,True
SI,2015,6109590.0,15.625370225786607,-0.0009320339848670756,,,,,,20170.0,0.022563002791631703,49.257,2004,True
SI,2016,6478662.0,15.68402456552674,0.05865433974013179,,,,,,20770.0,0.02931328592190141,48.946,2004,False
SI,2017,6570026.0,15.698028347835002,0.014003782308263268,,,,,,21830.0,0.049775532673830725,50.662,2004,False
SI,2018,6491912.0,15.686067652379954,-0.011960695455048409,0.1893,1,,0.1893,,22720.0,0.039960423291098834,51.091,2004,False
SI,2019,6253595.0,15.648667056348472,-0.037400596031481825,,,,,,23330.0,0.026494492180386686,51.971,2004,False
SI,2020,6095593.0,15.623076609027867,-0.02559044732060478,0.1937,2,,0.1937,,22230.0,-0.04829735805723345,45.671,2004,True
SI,2021,5680711.0,15.552586958919804,-0.07048965010806363,0.1818,3,,0.1818,,24040.0,0.07827638169090179,48.6,2004,True
SI,2022,4861180.0,15.396791764759836,-0.15579519415996756,0.3258,4,0.6894,0.5076,,24650.0,0.025057790821692905,53.91,2004,True
SI,2023,4582144.0,15.337677568826063,-0.05911419593377332,0.20799999999999996,3,0.8469,0.52745,0.54,25170.0,0.020875908658524622,49.26,2004,True
SI,2024,5007459.0,15.426439158770169,0.08876158994410588,0.27699999999999997,4,0.6459,0.46145,0.52,25600.0,0.016939542338292313,46.382,2004,True
SI,2025,3671417.0,15.116088249054195,-0.31035090971597334,0.29119999999999996,3,0.8187000000000001,0.55495,0.56,25940.0,0.013193827402782077,,2004,True
SK,2005,25231769.0,17.04361443310183,,,,,,,11070.0,0.06147186409366867,65.99,2004,True
SK,2006,25543243.0,17.05588337779826,0.01226894469643014,,,,,,12050.0,0.08482591321611821,64.344,2004,True
SK,2007,24516834.0,17.014870541609238,-0.041012836189022295,,,,,,13340.0,0.10170238055081349,69.736,2004,True
SK,2008,25336706.0,17.04776473230022,0.03289419069098187,,,,,,14030.0,0.05043085362689226,65.842,2004,True
SK,2009,21595209.0,16.887982042496347,-0.15978268980387256,,,,,,13230.0,-0.058710915987505885,67.692,2004,True
SK,2010,21698625.0,16.8927594524478,0.004777409951454814,,,,,,14100.0,0.06368781925725919,61.942,2004,True
SK,2011,22222534.0,16.91661737707767,0.02385792462986913,,,,,,14540.0,0.030728674721249405,63.462,2004,True
SK,2012,20937594.0,16.85705685709172,-0.05956051998595058,,,,,,14750.0,0.014339610680456971,58.952,2004,True
SK,2013,21831827.0,16.898879417190876,0.04182256009915619,,,,,,14830.0,0.005409073364011974,58.4,2004,True
SK,2014,20918069.0,16.85612388888542,-0.042755528305455925,,,,,,15220.0,0.025958196283697887,60.698,2004,True
SK,2015,21181216.0,16.86862530914294,0.012501420257517992,0.1207,1,,0.1207,,16000.0,0.04997836980624193,58.013,2004,True
SK,2016,21264045.0,16.872528176185746,0.003902867042807401,0.0702,1,,0.0702,,16280.0,0.017348638334613753,58.206,2004,False
SK,2017,22063225.0,16.909422753307673,0.03689457712192734,0.09889999999999999,1,,0.09889999999999999,,16730.0,0.02726615442433733,62.541,2004,False
SK,2018,22193396.0,16.915305325109827,0.005882571802153791,0.0686,1,,0.0686,,17380.0,0.03811660483851398,61.905,2004,False
SK,2019,19903840.0,16.806423235903523,-0.10888208920630404,0.12029999999999999,1,,0.12029999999999999,,17760.0,0.021628617726777932,69.785,2004,False
SK,2020,18169997.0,16.71528227526502,-0.09114096063850141,0.0755,2,,0.0755,,17270.0,-0.02797784540543624,56.329,2004,True
SK,2021,20898870.0,16.855205648487722,0.13992337322270032,0.11280000000000001,3,0.146,0.12940000000000002,,18320.0,0.05902246708739689,52.584,2004,True
SK,2022,17418249.0,16.673029007688964,-0.18217664079875817,0.2181,4,0.4429,0.3305,,18360.0,0.002181025946359938,69.595,2004,True
SK,2023,16994172.0,16.648381019713657,-0.024647987975306762,0.1152,3,0.12440000000000001,0.1198,0.35,18750.0,0.02101936722407416,58.41,2004,True
SK,2024,15308277.0,16.543904220477682,-0.10447679923597519,0.2256,4,0.382,0.3038,0.41,19110.0,0.019018005835762963,53.501,2004,True
SK,2025,14613054.0,16.497425796789727,-0.04647842368795452,0.2267,3,0.23329999999999998,0.22999999999999998,0.49,19270.0,0.008337724174092287,,2004,True
UK,2005,237216298.0,19.284482932676834,,,,,,,,,13.363,EU-15,True
UK,2006,245414741.0,19.31846015771165,0.03397722503481759,,,,,,,,21.132,EU-15,True
UK,2007,251884577.0,19.344481512771157,0.026021355059505424,,,,,,,,20.378,EU-15,True
UK,2008,260224618.0,19.377055731404308,0.03257421863315102,,,,,,,,26.236,EU-15,True
UK,2009,228241593.0,19.24591524434043,-0.1311404870638775,,,,,,,,27.274,EU-15,True
UK,2010,233358921.0,19.268088259755764,0.022173015415333452,,,,,,,,29.008,EU-15,True
UK,2011,217117679.0,19.19595006405265,-0.07213819570311486,,,,,,,,36.942,EU-15,True
UK,2012,227256696.0,19.2415907559343,0.04564069188165121,,,,,,,,43.387,EU-15,True
UK,2013,221146011.0,19.214333724584844,-0.027257031349456895,,,,,,,,47.758,EU-15,True
UK,2014,194141422.0,19.084097430832635,-0.13023629375220835,,,,,,,,46.773,EU-15,True
UK,2015,172184309.0,18.964076025016375,-0.12002140581626008,0.1745,1,,0.1745,,,,37.638,EU-15,True
UK,2016,143328206.0,18.780647705250914,-0.18342831976546137,0.1673,1,,0.1673,,,,35.639,EU-15,False
UK,2017,133625070.0,18.710548451163415,-0.07009925408749851,0.13019999999999998,1,,0.13019999999999998,,,,35.575,EU-15,False
UK,2018,125998614.0,18.65178146485525,-0.05876698630816435,0.1411,1,,0.1411,,,,35.513,EU-15,False
UK,2019,115856805.0,18.567865546867225,-0.08391591798802622,0.2493,1,,0.2493,,,,34.829,EU-15,False
UK,2020,102575278.0,18.44610750650089,-0.12175804036633409,0.1285,2,,0.1285,,,,,EU-15,True
XI,2005,5297128.0,15.482675344856188,,,,,,,,,,,True
XI,2006,5745420.0,15.563913573642411,0.08123822878622278,,,,,,,,,,True
XI,2007,4698519.0,15.36275791064086,-0.20115566300155052,,,,,,,,,,True
XI,2008,4831028.0,15.390569839421218,0.02781192878035732,,,,,,,,,,True
XI,2009,3704434.0,15.125041038510615,-0.2655288009106034,,,,,,,,,,True
XI,2010,3984920.0,15.198027794722632,0.07298675621201767,,,,,,,,,,True
XI,2011,3761225.0,15.140255260177815,-0.05777253454481723,,,,,,,,,,True
XI,2012,3873954.0,15.169786248846574,0.029530988668758695,,,,,,,,,,True
XI,2013,4072459.0,15.21975755188157,0.04997130303499553,,,,,,,,,,True
XI,2014,3812460.0,15.153785208039485,-0.06597234384208406,,,,,,,,,,True
XI,2015,3827742.0,15.157785631164504,0.004000423125019026,,,,,,,,,,True
XI,2016,3983703.0,15.197722346715,0.03993671555049616,,,,,,,,,,False
XI,2017,3423431.0,15.046153822527817,-0.15156852418718358,,,,,,,,,,False
XI,2018,2975664.0,14.905977765335264,-0.14017605719255322,,,,,,,,,,False
XI,2019,2747825.0,14.826320247618238,-0.07965751771702578,,,,,,,,,,False
XI,2020,2812224.0,14.84948618734609,0.023165939727851637,,,,,,,,,,True
XI,2021,3112486.0,14.950932321753017,0.10144613440692751,,,,,,,,,,True
XI,2022,2998092.0,14.91348664429859,-0.03744567745442673,,,,,,,,,,True
XI,2023,2199921.0,14.603932008592889,-0.30955463570570174,,,,,,,,,,True
XI,2024,2052694.0,14.534663634721507,-0.06926837387138107,,,,,,,,,,True
XI,2025,1942672.0,14.479574902992548,-0.05508873172895967,,,,,,,,,,True
