geo,g,country,grp,kept3,kept2
AT111,2.260435978584458,AT,EU15,True,True
AT112,3.7492586261638015,AT,EU15,True,True
AT113,1.4044056927198614,AT,EU15,True,True
AT121,3.682278423178203,AT,EU15,True,True
AT122,2.2555208614861617,AT,EU15,True,True
AT123,1.6024728377140705,AT,EU15,True,True
AT124,2.2308817408652852,AT,EU15,True,True
AT125,5.5166086448009155,AT,EU15,True,True
AT126,1.3695769907889042,AT,EU15,True,True
AT127,2.2537871784712036,AT,EU15,True,True
AT130,0.599495218131033,AT,EU15,True,True
AT211,3.607604497442615,AT,EU15,True,True
AT212,1.2836063993055877,AT,EU15,True,True
AT213,3.2750803665937793,AT,EU15,True,True
AT221,3.4809377187576502,AT,EU15,True,True
AT222,2.0548719460841487,AT,EU15,True,True
AT223,2.4795262400418028,AT,EU15,True,True
AT224,3.206427996443801,AT,EU15,True,True
AT225,3.125403289663036,AT,EU15,True,True
AT226,2.4947286539257645,AT,EU15,True,True
AT311,5.224303898588627,AT,EU15,True,True
AT312,2.595088106329183,AT,EU15,True,True
AT313,5.397625268151992,AT,EU15,True,True
AT314,1.9727788646698599,AT,EU15,True,True
AT315,2.371633446795959,AT,EU15,True,True
AT321,5.073154385137471,AT,EU15,True,True
AT322,2.0875624248513778,AT,EU15,True,True
AT323,3.100715213545532,AT,EU15,True,True
AT331,1.6590445236443723,AT,EU15,True,True
AT332,1.6759709231201165,AT,EU15,True,True
AT333,2.8565187356669943,AT,EU15,True,True
AT334,4.029272074106587,AT,EU15,True,True
AT335,3.4170987146299785,AT,EU15,True,True
AT341,3.276843113446683,AT,EU15,True,True
AT342,3.4817845236810006,AT,EU15,True,True
BE100,-1.6504150442864558,BE,EU15,True,True
BE211,0.5619816031195768,BE,EU15,True,True
BE212,1.0194412158904407,BE,EU15,True,True
BE213,3.8037295658341335,BE,EU15,True,True
BE223,0.1940186921808846,BE,EU15,True,False
BE224,0.5167618911477386,BE,EU15,False,False
BE225,1.1716718093367082,BE,EU15,False,False
BE231,1.7460078884578234,BE,EU15,True,True
BE232,2.552466338303397,BE,EU15,True,True
BE233,3.7304335334346925,BE,EU15,True,True
BE234,1.9797342228269343,BE,EU15,True,True
BE235,-2.496815973206123,BE,EU15,True,True
BE236,1.6595713355470452,BE,EU15,True,True
BE241,-0.48966950772686424,BE,EU15,True,True
BE242,2.051137843938625,BE,EU15,True,True
BE251,0.5459397951112229,BE,EU15,True,True
BE252,1.51860637301638,BE,EU15,True,True
BE253,2.3100171349588448,BE,EU15,True,True
BE254,1.8914011934125594,BE,EU15,True,True
BE255,5.863428528373602,BE,EU15,True,True
BE256,1.3263478139612341,BE,EU15,True,True
BE257,1.2393874351911638,BE,EU15,True,True
BE258,2.5660440090697523,BE,EU15,True,True
BE310,6.167377857212213,BE,EU15,True,True
BE323,0.2657235203048027,BE,EU15,True,False
BE328,4.096847032384497,BE,EU15,False,False
BE329,-6.933553243437997,BE,EU15,False,False
BE32A,6.289919948717923,BE,EU15,False,False
BE32B,-1.175453748811758,BE,EU15,False,False
BE32C,-0.7875573408628623,BE,EU15,False,False
BE32D,2.1361676281566235,BE,EU15,False,False
BE331,2.5134395642489618,BE,EU15,True,True
BE332,1.65111805245588,BE,EU15,True,True
BE334,0.7967088752786987,BE,EU15,True,True
BE335,2.5631509320120105,BE,EU15,True,True
BE336,2.481415292487218,BE,EU15,True,True
BE341,0.48343614428307496,BE,EU15,True,True
BE342,5.282986106702043,BE,EU15,True,True
BE343,-0.5966113361044721,BE,EU15,True,True
BE344,2.902582622537153,BE,EU15,True,True
BE345,-1.078620198929611,BE,EU15,True,True
BE351,3.2183397919186914,BE,EU15,True,True
BE352,0.21688756797611905,BE,EU15,True,True
BE353,2.5160755967337147,BE,EU15,True,True
BG311,4.36731250266749,BG,ACC,False,True
BG312,8.005629521482357,BG,ACC,True,True
BG313,5.203744682007378,BG,ACC,False,True
BG314,4.4567975613243584,BG,ACC,True,True
BG315,4.921775530012487,BG,ACC,True,True
BG321,5.02334240335077,BG,ACC,True,False
BG322,5.8867498714927615,BG,ACC,True,False
BG323,7.5678868355967746,BG,ACC,True,False
BG324,6.143179865486699,BG,ACC,True,False
BG325,5.078277519400513,BG,ACC,False,False
BG331,5.642706951597815,BG,ACC,True,False
BG332,8.354090578037786,BG,ACC,True,False
BG333,7.82613524965405,BG,ACC,True,False
BG334,10.314575089727054,BG,ACC,False,False
BG341,2.5073542251253005,BG,ACC,True,True
BG342,4.431975634118971,BG,ACC,True,True
BG343,10.261550661707863,BG,ACC,True,True
BG344,6.344285813688672,BG,ACC,True,True
BG411,6.2244333923763815,BG,ACC,True,True
BG412,7.4384615793560505,BG,ACC,True,True
BG413,3.4254649222576816,BG,ACC,True,True
BG414,1.9818123200156126,BG,ACC,True,True
BG415,2.360689207012261,BG,ACC,True,True
BG421,7.988192963046378,BG,ACC,True,False
BG422,5.6952374742875795,BG,ACC,True,False
BG423,6.329678594832337,BG,ACC,True,False
BG424,10.07937333955765,BG,ACC,False,False
BG425,11.499383433576298,BG,ACC,True,False
CY000,1.8032080523313112,CY,ACC,True,True
CZ010,2.9241257433516767,CZ,ACC,True,True
CZ020,5.9413770901848295,CZ,ACC,True,True
CZ031,2.932371365909387,CZ,ACC,True,True
CZ032,3.9469713632140087,CZ,ACC,True,True
CZ041,1.4141833517403692,CZ,ACC,True,True
CZ042,2.5571636679462655,CZ,ACC,True,True
CZ051,2.639474736516537,CZ,ACC,True,True
CZ052,5.1476731968616205,CZ,ACC,True,True
CZ053,4.137858490017227,CZ,ACC,True,True
CZ063,2.845550632603633,CZ,ACC,True,True
CZ064,4.267971163086935,CZ,ACC,True,True
CZ071,4.2470638040216,CZ,ACC,True,True
CZ072,4.857865604216207,CZ,ACC,True,True
CZ080,1.9589284471882478,CZ,ACC,True,True
DE111,3.084882250927658,DE,EU15,True,True
DE112,6.1185570359749955,DE,EU15,True,True
DE113,2.1731539230881607,DE,EU15,True,True
DE114,2.0412598247474483,DE,EU15,True,True
DE115,4.364336843441054,DE,EU15,True,True
DE116,2.2474212023587903,DE,EU15,True,True
DE117,-0.2524956469301731,DE,EU15,True,True
DE118,5.757265568024307,DE,EU15,True,True
DE119,4.4042962472017715,DE,EU15,True,True
DE11A,4.084861308619248,DE,EU15,True,True
DE11B,2.9419845952488237,DE,EU15,True,True
DE11C,1.5338306777747501,DE,EU15,True,True
DE11D,3.51606123662889,DE,EU15,True,True
DE121,3.5238485603762006,DE,EU15,True,True
DE122,1.538233729395934,DE,EU15,True,True
DE123,2.5784309375859977,DE,EU15,True,True
DE124,2.2396308205317794,DE,EU15,True,True
DE125,2.479079352965747,DE,EU15,True,True
DE126,1.075260219698837,DE,EU15,True,True
DE127,2.8273724459471077,DE,EU15,True,True
DE128,1.656821996927744,DE,EU15,True,True
DE129,2.6218247160779597,DE,EU15,True,True
DE12A,2.6945455416969084,DE,EU15,True,True
DE12B,1.7481601064281918,DE,EU15,True,True
DE12C,3.734635819357595,DE,EU15,True,True
DE131,1.5883976139096692,DE,EU15,True,True
DE132,4.089116360627162,DE,EU15,True,True
DE133,5.189785289447388,DE,EU15,True,True
DE134,2.65861162859981,DE,EU15,True,True
DE135,3.6938555256044454,DE,EU15,True,True
DE136,3.5927467972668277,DE,EU15,True,True
DE137,4.711843577727613,DE,EU15,True,True
DE138,2.097223582498962,DE,EU15,True,True
DE139,1.1222517845503115,DE,EU15,True,True
DE13A,2.093063305075584,DE,EU15,True,True
DE141,3.637823570931203,DE,EU15,True,True
DE142,3.7042706477419634,DE,EU15,True,True
DE143,2.6616863722776287,DE,EU15,True,True
DE144,1.401660451495904,DE,EU15,True,True
DE145,4.559767496238797,DE,EU15,True,True
DE146,4.513993881499623,DE,EU15,True,True
DE147,3.5402637202688454,DE,EU15,True,True
DE148,4.131944585240831,DE,EU15,True,True
DE149,3.5811002957376448,DE,EU15,True,True
DE211,7.319993883119099,DE,EU15,True,True
DE212,4.102078529713436,DE,EU15,True,True
DE213,-0.34631180620216134,DE,EU15,True,True
DE214,0.9830013492645039,DE,EU15,True,True
DE215,5.177672062751145,DE,EU15,True,True
DE216,2.3570127540938697,DE,EU15,True,True
DE217,1.623826549874138,DE,EU15,True,True
DE218,2.995081809301218,DE,EU15,True,True
DE219,4.206898131512408,DE,EU15,True,True
DE21A,3.7109998463015055,DE,EU15,True,True
DE21B,0.7332456101303857,DE,EU15,True,True
DE21C,5.390535415178383,DE,EU15,True,True
DE21D,3.604126948768765,DE,EU15,True,True
DE21E,6.3401705509772,DE,EU15,True,True
DE21F,7.693098964685431,DE,EU15,True,True
DE21G,3.347736343536502,DE,EU15,True,True
DE21H,3.6442431190473634,DE,EU15,True,True
DE21I,2.639668169080491,DE,EU15,True,True
DE21J,2.8531520666656354,DE,EU15,True,True
DE21K,4.662863013619445,DE,EU15,True,True
DE21L,5.074411137049622,DE,EU15,True,True
DE21M,6.18190140367714,DE,EU15,True,True
DE21N,4.517113568052286,DE,EU15,True,True
DE221,2.155523899923833,DE,EU15,True,True
DE222,1.8458268224678522,DE,EU15,True,True
DE223,4.388215057303085,DE,EU15,True,True
DE224,3.049629969745985,DE,EU15,True,True
DE225,4.3824287317710375,DE,EU15,True,True
DE226,3.4305760283321,DE,EU15,True,True
DE227,3.1467955321470447,DE,EU15,True,True
DE228,3.3539207594935734,DE,EU15,True,True
DE229,5.685413907426527,DE,EU15,True,True
DE22A,2.8068811940778753,DE,EU15,True,True
DE22B,6.275853497770071,DE,EU15,True,True
DE22C,3.097733242929593,DE,EU15,True,True
DE231,5.493873208451352,DE,EU15,True,True
DE232,2.6514263183752655,DE,EU15,True,True
DE233,1.885026939262348,DE,EU15,True,True
DE234,3.6931612500489868,DE,EU15,True,True
DE235,4.768363418515831,DE,EU15,True,True
DE236,6.929063799631572,DE,EU15,True,True
DE237,4.743107419508429,DE,EU15,True,True
DE238,2.732899256598266,DE,EU15,True,True
DE239,3.536185963490628,DE,EU15,True,True
DE23A,6.379945303054305,DE,EU15,True,True
DE241,2.156036327579087,DE,EU15,True,True
DE242,2.4398326763736335,DE,EU15,True,True
DE243,3.5981990074603103,DE,EU15,True,True
DE244,1.0249830557481727,DE,EU15,True,True
DE245,3.725846779781009,DE,EU15,True,True
DE246,3.9064414632307876,DE,EU15,True,True
DE247,2.7693102931100406,DE,EU15,True,True
DE248,8.798988111518723,DE,EU15,True,True
DE249,3.2930365654926814,DE,EU15,True,True
DE24A,1.6982043935239817,DE,EU15,True,True
DE24B,3.463964606560285,DE,EU15,True,True
DE24C,2.840566128715016,DE,EU15,True,True
DE24D,3.2820019503820346,DE,EU15,True,True
DE251,3.2814801001242793,DE,EU15,True,True
DE252,5.789981467508624,DE,EU15,True,True
DE253,3.063676312868959,DE,EU15,True,True
DE254,3.0831211107234857,DE,EU15,True,True
DE255,-0.4523605111899785,DE,EU15,True,True
DE256,4.031713171346693,DE,EU15,True,True
DE257,2.1413536301566234,DE,EU15,True,True
DE258,2.902242032189666,DE,EU15,True,True
DE259,3.0099416391088787,DE,EU15,True,True
DE25A,4.437293388452338,DE,EU15,True,True
DE25B,5.617810202699453,DE,EU15,True,True
DE25C,3.253298390056455,DE,EU15,True,True
DE261,4.654053761313832,DE,EU15,True,True
DE262,2.135640195876049,DE,EU15,True,True
DE263,2.3245842539728705,DE,EU15,True,True
DE264,2.684793121180646,DE,EU15,True,True
DE265,3.745525617604585,DE,EU15,True,True
DE266,4.487836992406713,DE,EU15,True,True
DE267,3.166722571246794,DE,EU15,True,True
DE268,4.536175983184419,DE,EU15,True,True
DE269,2.4113953318651786,DE,EU15,True,True
DE26A,3.372235625456797,DE,EU15,True,True
DE26B,-1.223882949795493,DE,EU15,True,True
DE26C,2.3240463394031514,DE,EU15,True,True
DE271,1.4257233225298624,DE,EU15,True,True
DE272,3.328825133015112,DE,EU15,True,True
DE273,3.385060908665619,DE,EU15,True,True
DE274,2.820202529250298,DE,EU15,True,True
DE275,2.958802860427096,DE,EU15,True,True
DE276,1.6925307447725326,DE,EU15,True,True
DE277,5.327578072029723,DE,EU15,True,True
DE278,2.151190015550965,DE,EU15,True,True
DE279,2.8904144362278967,DE,EU15,True,True
DE27A,4.486571395543733,DE,EU15,True,True
DE27B,5.053788120875576,DE,EU15,True,True
DE27C,6.363064553961349,DE,EU15,True,True
DE27D,4.76573788297605,DE,EU15,True,True
DE27E,6.030549587987061,DE,EU15,True,True
DE300,1.6752374945631563,DE,EU15,True,True
DE401,4.250123917792222,DE,EU15,True,True
DE402,0.09780422741153062,DE,EU15,True,True
DE403,3.13707213879482,DE,EU15,True,True
DE404,2.28874665269093,DE,EU15,False,True
DE405,4.731443802729724,DE,EU15,True,True
DE406,3.105688281404514,DE,EU15,True,True
DE407,3.9710879062803097,DE,EU15,True,True
DE408,2.76648909714223,DE,EU15,True,True
DE409,4.584380732716684,DE,EU15,True,True
DE40A,4.758521137766415,DE,EU15,True,True
DE40B,3.2720593643236393,DE,EU15,True,True
DE40C,0.5813915044595243,DE,EU15,True,True
DE40D,5.584320767467852,DE,EU15,True,True
DE40E,3.7815786928202186,DE,EU15,False,True
DE40F,3.7548173332908226,DE,EU15,True,True
DE40G,4.3281460521647706,DE,EU15,False,True
DE40H,4.543126065623072,DE,EU15,True,True
DE40I,-0.8370051764218075,DE,EU15,True,True
DE501,1.2596565233345736,DE,EU15,True,True
DE502,-0.5737035003836726,DE,EU15,True,True
DE600,2.8222592230542225,DE,EU15,True,True
DE711,3.433811146790378,DE,EU15,True,True
DE712,-0.17584152205192588,DE,EU15,True,True
DE713,-4.354793850094601,DE,EU15,True,True
DE714,2.0664954976074488,DE,EU15,True,True
DE715,-1.34533978994505,DE,EU15,True,True
DE716,3.7903430830846125,DE,EU15,True,True
DE717,3.508906284120902,DE,EU15,True,True
DE718,1.2394036706672764,DE,EU15,True,True
DE719,2.0579611246387155,DE,EU15,True,True
DE71A,0.7751839054481798,DE,EU15,True,True
DE71B,0.7742197144441195,DE,EU15,True,True
DE71C,0.7556617785605203,DE,EU15,True,True
DE71D,1.8314906947167309,DE,EU15,True,True
DE71E,2.2656992135213803,DE,EU15,True,True
DE721,2.7977559017259006,DE,EU15,True,True
DE722,1.2735355425426713,DE,EU15,True,True
DE723,3.4776414070265864,DE,EU15,True,True
DE724,3.5325031636866733,DE,EU15,True,True
DE725,2.7294519026078743,DE,EU15,True,True
DE731,1.2777543626345786,DE,EU15,True,True
DE732,2.5436722922590698,DE,EU15,True,True
DE733,2.251677530361875,DE,EU15,True,True
DE734,4.103492455387472,DE,EU15,True,True
DE735,2.779070728871767,DE,EU15,True,True
DE736,2.319758032013684,DE,EU15,True,True
DE737,1.105811243884666,DE,EU15,True,True
DE803,6.076707668337081,DE,EU15,True,False
DE804,0.48752181029554364,DE,EU15,True,False
DE80J,2.1499683339835003,DE,EU15,False,False
DE80K,3.9077744079295065,DE,EU15,False,False
DE80L,4.151418487586816,DE,EU15,False,False
DE80M,3.5590112053918914,DE,EU15,False,False
DE80N,3.1713576589972092,DE,EU15,False,False
DE80O,5.521894201755107,DE,EU15,False,False
DE911,4.464335757532124,DE,EU15,True,False
DE912,3.7954425937793843,DE,EU15,True,False
DE913,6.211053983156185,DE,EU15,True,False
DE914,0.5296243971900427,DE,EU15,True,False
DE916,0.3528184548158603,DE,EU15,True,False
DE917,-1.6493153221111698,DE,EU15,True,False
DE918,2.0055164281070175,DE,EU15,True,False
DE91A,1.347010718958622,DE,EU15,True,False
DE91B,4.329853763760015,DE,EU15,True,False
DE91C,1.6157377528172414,DE,EU15,False,False
DE922,2.9479412395681286,DE,EU15,True,True
DE923,3.607989407000512,DE,EU15,True,True
DE925,0.5530362428821053,DE,EU15,True,True
DE926,2.7695314783134313,DE,EU15,True,True
DE927,2.8971784874086026,DE,EU15,True,True
DE928,2.088938445090089,DE,EU15,True,True
DE929,1.7746342948405238,DE,EU15,True,True
DE931,4.088226319656897,DE,EU15,True,True
DE932,4.7676336513814075,DE,EU15,True,True
DE933,4.219196161754749,DE,EU15,True,True
DE934,3.141260680953747,DE,EU15,True,True
DE935,1.6641718400227086,DE,EU15,True,True
DE936,2.778037376584308,DE,EU15,True,True
DE937,4.412129679818864,DE,EU15,True,True
DE938,1.8862628313636989,DE,EU15,True,True
DE939,2.358400379127382,DE,EU15,True,True
DE93A,3.882227168111171,DE,EU15,True,True
DE93B,3.938796441912919,DE,EU15,True,True
DE941,0.07163427678897248,DE,EU15,True,True
DE942,5.455449591488153,DE,EU15,True,True
DE943,1.1613828212130655,DE,EU15,True,True
DE944,0.8938368299126103,DE,EU15,True,True
DE945,0.07014366140058062,DE,EU15,True,True
DE946,4.559100400034355,DE,EU15,True,True
DE947,4.254484086304292,DE,EU15,True,True
DE948,3.9848554781514673,DE,EU15,True,True
DE949,3.811131590245718,DE,EU15,True,True
DE94A,2.916993488178665,DE,EU15,True,True
DE94B,3.9634576585892694,DE,EU15,True,True
DE94C,3.947506854146367,DE,EU15,True,True
DE94D,3.9164991688430013,DE,EU15,True,True
DE94E,2.3876801427058436,DE,EU15,True,True
DE94F,3.837196113415071,DE,EU15,True,True
DE94G,0.5572299337851939,DE,EU15,True,True
DE94H,5.112771585781856,DE,EU15,True,True
DEA11,1.5856709827101285,DE,EU15,True,True
DEA12,-1.1985234139113692,DE,EU15,True,True
DEA13,1.9548608989196303,DE,EU15,True,True
DEA14,-0.40290866813528226,DE,EU15,True,True
DEA15,0.6102453819514115,DE,EU15,True,True
DEA16,1.1337620392873036,DE,EU15,True,True
DEA17,-0.9269288243525052,DE,EU15,True,True
DEA18,1.4469934700526694,DE,EU15,True,True
DEA19,-0.4018392420700615,DE,EU15,True,True
DEA1A,0.19707310767737493,DE,EU15,True,True
DEA1B,3.846781372244561,DE,EU15,True,True
DEA1C,0.5513554546102536,DE,EU15,True,True
DEA1D,1.426258651852473,DE,EU15,True,True
DEA1E,0.08685688958000196,DE,EU15,True,True
DEA1F,1.9324854378056486,DE,EU15,True,True
DEA22,1.7991487014572094,DE,EU15,True,True
DEA23,1.538348730670044,DE,EU15,True,True
DEA24,-0.47790694220929886,DE,EU15,True,True
DEA26,1.2177086403514827,DE,EU15,True,True
DEA27,1.6205080065079258,DE,EU15,True,True
DEA28,0.5599991805152297,DE,EU15,True,True
DEA29,2.9023886367493517,DE,EU15,True,True
DEA2A,2.362558014564994,DE,EU15,True,True
DEA2B,3.3885827538484383,DE,EU15,True,True
DEA2C,1.9399198744830695,DE,EU15,True,True
DEA2D,2.540557784583594,DE,EU15,True,True
DEA31,4.660449332125787,DE,EU15,True,True
DEA32,-0.383956144844731,DE,EU15,True,True
DEA33,0.7750431956010662,DE,EU15,True,True
DEA34,3.4340221103091015,DE,EU15,True,True
DEA35,2.8442067288459962,DE,EU15,True,True
DEA36,1.0950456223912346,DE,EU15,True,True
DEA37,3.0825751618230046,DE,EU15,True,True
DEA38,2.2655560745877095,DE,EU15,True,True
DEA41,1.8876228414234244,DE,EU15,True,True
DEA42,3.9705144997935093,DE,EU15,True,True
DEA43,1.2709136357724495,DE,EU15,True,True
DEA44,1.7033814624682897,DE,EU15,True,True
DEA45,2.2807244530690034,DE,EU15,True,True
DEA46,2.1004757097775415,DE,EU15,True,True
DEA47,2.333880836519324,DE,EU15,True,True
DEA51,-1.0591002501716786,DE,EU15,True,True
DEA52,0.5106567414153051,DE,EU15,True,True
DEA53,-0.36922247845945855,DE,EU15,True,True
DEA54,1.903001893006806,DE,EU15,True,True
DEA55,3.7764087147579,DE,EU15,True,True
DEA56,1.303618211554942,DE,EU15,True,True
DEA57,2.5809645046586307,DE,EU15,True,True
DEA58,1.9573694869075833,DE,EU15,True,True
DEA59,2.5972170979278237,DE,EU15,True,True
DEA5A,1.7722869209236223,DE,EU15,True,True
DEA5B,2.799419806775795,DE,EU15,True,True
DEA5C,0.8359979368112137,DE,EU15,True,True
DEB11,-0.3906258982581726,DE,EU15,True,False
DEB12,3.6270964193905058,DE,EU15,True,False
DEB13,2.881547507956255,DE,EU15,True,False
DEB14,1.1402358637435153,DE,EU15,True,False
DEB15,1.422042735301478,DE,EU15,True,False
DEB17,2.4382099523129925,DE,EU15,True,False
DEB18,2.7567897899367644,DE,EU15,True,False
DEB1A,1.4138773628499848,DE,EU15,True,False
DEB1B,2.0952618039397235,DE,EU15,True,False
DEB1C,0.1124775931310662,DE,EU15,False,False
DEB1D,3.7126986442881815,DE,EU15,False,False
DEB21,-0.004396369120307497,DE,EU15,True,True
DEB22,2.788538637574441,DE,EU15,True,True
DEB23,4.385813706045421,DE,EU15,True,True
DEB24,1.7430224329807928,DE,EU15,True,True
DEB25,3.1522326853540377,DE,EU15,True,True
DEB31,-0.06556529458839096,DE,EU15,True,True
DEB32,2.2850655537810423,DE,EU15,True,True
DEB33,2.2851346300660134,DE,EU15,True,True
DEB34,1.646309226681643,DE,EU15,True,True
DEB35,2.508822453348124,DE,EU15,True,True
DEB36,1.20729729256769,DE,EU15,True,True
DEB37,-0.8604799510824839,DE,EU15,True,True
DEB38,4.204818807097256,DE,EU15,True,True
DEB39,3.257405755977987,DE,EU15,True,True
DEB3A,4.837868965485243,DE,EU15,True,True
DEB3B,4.563748078267059,DE,EU15,True,True
DEB3C,-1.1686279051173492,DE,EU15,True,True
DEB3D,2.534477083280739,DE,EU15,True,True
DEB3E,2.729800085545994,DE,EU15,True,True
DEB3F,1.1749162896298617,DE,EU15,True,True
DEB3G,-0.08117801543162503,DE,EU15,True,True
DEB3H,4.543919800035117,DE,EU15,True,True
DEB3I,2.8101071359750356,DE,EU15,True,True
DEB3J,1.975966663086805,DE,EU15,True,True
DEB3K,0.3953063209067028,DE,EU15,True,True
DEC01,0.4203620134459994,DE,EU15,True,True
DEC02,0.548597681697086,DE,EU15,True,True
DEC03,0.36055928510537577,DE,EU15,True,True
DEC04,0.32211744369486134,DE,EU15,True,True
DEC05,0.44999318264071775,DE,EU15,True,True
DEC06,2.916442640498491,DE,EU15,True,True
DED21,-0.15150500855689586,DE,EU15,True,True
DED2C,3.6509266584100692,DE,EU15,True,True
DED2D,4.757503477002161,DE,EU15,True,True
DED2E,2.9703616614044046,DE,EU15,True,True
DED2F,5.10455961940671,DE,EU15,True,True
DED41,3.210492663305464,DE,EU15,True,True
DED42,2.9467419664886116,DE,EU15,True,True
DED43,2.322973952476819,DE,EU15,True,True
DED44,2.0560243147804944,DE,EU15,True,True
DED45,4.537376528081933,DE,EU15,True,True
DED51,7.116334655598194,DE,EU15,True,True
DED52,3.065246187276007,DE,EU15,True,True
DED53,3.0137153144646596,DE,EU15,True,True
DEE01,3.441668362004759,DE,EU15,True,True
DEE02,1.6745382711418408,DE,EU15,True,True
DEE03,2.721183399917835,DE,EU15,True,True
DEE04,1.1078590771870203,DE,EU15,True,True
DEE05,4.197102614055526,DE,EU15,True,True
DEE06,3.616539171001446,DE,EU15,True,True
DEE07,3.3607055890548767,DE,EU15,True,True
DEE08,3.862341517924899,DE,EU15,True,True
DEE09,1.2078020948176782,DE,EU15,True,True
DEE0A,4.412890493257,DE,EU15,True,True
DEE0B,1.2524355816867188,DE,EU15,True,True
DEE0C,3.5243486277924,DE,EU15,True,True
DEE0D,5.627541455242196,DE,EU15,True,True
DEE0E,2.0362721386967233,DE,EU15,True,True
DEF01,0.6397891127909386,DE,EU15,True,True
DEF02,2.7039027917856666,DE,EU15,True,True
DEF03,3.5424205421712047,DE,EU15,True,True
DEF04,2.1473474069854275,DE,EU15,True,True
DEF05,5.530650649239652,DE,EU15,True,True
DEF06,-0.524706844265805,DE,EU15,True,True
DEF07,4.156708310425396,DE,EU15,True,True
DEF08,2.339464702116218,DE,EU15,True,True
DEF09,1.527675096553465,DE,EU15,True,True
DEF0A,3.7903968547358273,DE,EU15,True,True
DEF0B,2.765435127916221,DE,EU15,True,True
DEF0C,6.263452334295236,DE,EU15,True,True
DEF0D,2.991231231172569,DE,EU15,True,True
DEF0E,2.8373846958039457,DE,EU15,True,True
DEF0F,1.2843548476028563,DE,EU15,True,True
DEG01,2.120352941518882,DE,EU15,True,False
DEG02,4.9604392875729895,DE,EU15,True,False
DEG03,3.456542013118564,DE,EU15,True,False
DEG05,3.5109586141867384,DE,EU15,True,False
DEG06,3.5258637037467646,DE,EU15,True,False
DEG07,5.118431394321269,DE,EU15,True,False
DEG09,4.306242759766832,DE,EU15,False,False
DEG0A,5.344695164469668,DE,EU15,True,False
DEG0C,2.6415361975578926,DE,EU15,True,False
DEG0D,0.7663066866433889,DE,EU15,True,False
DEG0E,2.840506598513188,DE,EU15,True,False
DEG0G,1.91956800278797,DE,EU15,True,False
DEG0J,3.1889135362772665,DE,EU15,True,False
DEG0K,3.028831662685905,DE,EU15,True,False
DEG0L,3.3156182387522892,DE,EU15,True,False
DEG0M,3.871162400973408,DE,EU15,True,False
DEG0Q,2.462530082643864,DE,EU15,False,False
DEG0R,1.8118422788881665,DE,EU15,False,False
DEG0S,2.0827329551487646,DE,EU15,False,False
DEG0T,5.2679080167142684,DE,EU15,False,False
DEG0U,3.4191653484191065,DE,EU15,False,False
DEG0V,2.763191758097726,DE,EU15,False,False
DK011,0.7140314135794539,DK,EU15,True,True
DK012,6.241612979380166,DK,EU15,True,True
DK013,2.9794093860937947,DK,EU15,True,True
DK014,2.2135672086049434,DK,EU15,True,True
DK021,1.7158193643181465,DK,EU15,True,True
DK022,3.846236350464251,DK,EU15,True,True
DK031,1.2286753301985063,DK,EU15,True,True
DK032,2.807550620064297,DK,EU15,True,True
DK041,2.737052618660561,DK,EU15,True,True
DK042,1.779130008099664,DK,EU15,True,True
DK050,2.154140725234629,DK,EU15,True,True
DKZZZ,-7.571587678492455,DK,EU15,False,False
EE001,5.903272752149301,EE,ACC,True,False
EE004,5.042243747784499,EE,ACC,True,False
EE008,6.078630188874743,EE,ACC,True,False
EE009,5.890711325720734,EE,ACC,False,False
EE00A,4.36552666659118,EE,ACC,False,False
EL301,-0.9397795849582494,EL,EU15,False,False
EL302,-2.439817202017241,EL,EU15,False,False
EL303,-1.7004874692832153,EL,EU15,False,False
EL304,-1.7047423048490082,EL,EU15,False,False
EL305,-0.07902328915403116,EL,EU15,False,False
EL306,-0.12623055393228277,EL,EU15,False,False
EL307,-1.962047559596991,EL,EU15,False,False
EL411,1.0088680789320696,EL,EU15,False,False
EL412,1.3497865398924647,EL,EU15,True,False
EL413,1.1534337672611201,EL,EU15,False,False
EL421,0.8230135347265514,EL,EU15,True,True
EL422,-1.8051747559609779,EL,EU15,True,True
EL431,0.9688787154260771,EL,EU15,True,True
EL432,3.4003942778185845,EL,EU15,True,True
EL433,-0.21384613436305727,EL,EU15,True,True
EL434,-0.040953507224525,EL,EU15,True,True
EL511,-0.07347171487858921,EL,EU15,True,True
EL512,-1.411026132381142,EL,EU15,True,True
EL513,0.9075141919022605,EL,EU15,True,True
EL514,0.16082712531165302,EL,EU15,True,True
EL515,-0.4844925202132216,EL,EU15,True,True
EL521,-1.051104891214941,EL,EU15,True,True
EL522,-0.614225225633864,EL,EU15,True,True
EL523,0.6614374169800374,EL,EU15,True,True
EL524,-0.46864988857611145,EL,EU15,True,True
EL525,-0.5045712231478904,EL,EU15,True,True
EL526,-0.5908902534876225,EL,EU15,True,True
EL527,-0.36609501133035216,EL,EU15,True,True
EL531,-1.761280972657404,EL,EU15,False,False
EL532,0.5958134807693265,EL,EU15,True,False
EL533,-1.7010289308588675,EL,EU15,True,False
EL541,-0.26116158044060533,EL,EU15,False,False
EL542,1.001977005457528,EL,EU15,True,False
EL543,-0.750821931004962,EL,EU15,True,False
EL611,-0.04834205825306549,EL,EU15,False,False
EL612,-1.4031102726125257,EL,EU15,True,False
EL613,-0.8043152568579411,EL,EU15,True,False
EL621,-2.068405914231256,EL,EU15,False,False
EL622,-0.7951047943251156,EL,EU15,True,False
EL623,5.210820176648715,EL,EU15,False,False
EL624,-4.1244692691991744,EL,EU15,False,False
EL631,0.7967599576628499,EL,EU15,True,True
EL632,-2.8715618615981215,EL,EU15,True,True
EL633,-1.5028548526167513,EL,EU15,True,True
EL641,1.3459492683967764,EL,EU15,True,True
EL642,-1.5405962878427928,EL,EU15,True,True
EL643,-1.3508466024131518,EL,EU15,True,True
EL644,-1.034359147658183,EL,EU15,True,True
EL645,-2.3590635542590683,EL,EU15,True,True
EL651,1.483532220283701,EL,EU15,False,False
EL652,1.4449307403052978,EL,EU15,True,False
EL653,0.41856099184095336,EL,EU15,False,False
ES111,0.8866901078432957,ES,EU15,True,True
ES112,0.3585490924710198,ES,EU15,True,True
ES113,1.5328124043322002,ES,EU15,True,True
ES114,1.0747646070057801,ES,EU15,True,True
ES120,-0.11108757084893181,ES,EU15,True,True
ES130,1.4432984145026266,ES,EU15,True,True
ES211,1.1651778024855222,ES,EU15,True,True
ES212,0.8170902027144449,ES,EU15,True,True
ES213,0.7042607775211452,ES,EU15,True,True
ES220,2.017139467683141,ES,EU15,True,True
ES230,1.3670687786280349,ES,EU15,True,True
ES241,0.707469244450909,ES,EU15,True,True
ES242,-3.06717482336987,ES,EU15,True,True
ES243,1.7975603487071088,ES,EU15,True,True
ES300,1.6181979726092952,ES,EU15,True,True
ES411,-1.359571607673368,ES,EU15,True,True
ES412,1.6535481217730488,ES,EU15,True,True
ES413,-1.6622770450838977,ES,EU15,True,True
ES414,1.5150624000000779,ES,EU15,True,True
ES415,-2.263594354717949,ES,EU15,True,True
ES416,-0.9648904275882624,ES,EU15,True,True
ES417,2.920381948019024,ES,EU15,True,True
ES418,2.4093070103553265,ES,EU15,True,True
ES419,-2.89800639496158,ES,EU15,True,True
ES421,2.7652446945167455,ES,EU15,True,True
ES422,0.9736958276203467,ES,EU15,True,True
ES423,0.8722988411063274,ES,EU15,True,True
ES424,1.7113877516270661,ES,EU15,False,True
ES425,1.5073592271541512,ES,EU15,True,True
ES431,2.2624665582066643,ES,EU15,True,True
ES432,3.459515501115064,ES,EU15,True,True
ES511,0.7028715096965042,ES,EU15,True,True
ES512,-0.5354469763149984,ES,EU15,True,True
ES513,-1.1199272729005434,ES,EU15,True,True
ES514,2.827279957042439,ES,EU15,True,True
ES521,-0.6611220059357136,ES,EU15,True,True
ES522,2.4849718295428147,ES,EU15,True,True
ES523,1.8172913395393588,ES,EU15,True,True
ES531,2.9457139190044543,ES,EU15,True,True
ES532,0.8779293024261899,ES,EU15,True,True
ES533,-0.5175568933159244,ES,EU15,True,True
ES611,2.640867777989556,ES,EU15,True,True
ES612,-0.4723631768399755,ES,EU15,True,True
ES613,-0.9092661548512927,ES,EU15,True,True
ES614,1.5286319776137829,ES,EU15,True,True
ES615,2.7978971679252354,ES,EU15,True,True
ES616,-0.056247518859471005,ES,EU15,True,True
ES617,0.27032458406154475,ES,EU15,True,True
ES618,1.1068324026073637,ES,EU15,True,True
ES620,2.3437331651978,ES,EU15,True,True
ES630,2.112615648940998,ES,EU15,False,False
ES640,2.257232707700047,ES,EU15,False,False
ES703,0.1428619050476389,ES,EU15,False,False
ES704,1.7263047443136972,ES,EU15,True,False
ES705,0.6899110988381807,ES,EU15,True,False
ES706,-3.1342966312554017,ES,EU15,False,False
ES707,-1.8456240221340499,ES,EU15,True,False
ES708,1.4888640573398655,ES,EU15,True,False
ES709,-1.4404475759022959,ES,EU15,True,False
FI196,0.4897882571971784,FI,EU15,True,False
FI198,1.1376473728641858,FI,EU15,False,False
FI199,1.6718820231181017,FI,EU15,False,False
FI19A,2.7336177576704412,FI,EU15,False,False
FI19B,-0.6936759251944606,FI,EU15,False,False
FI1B1,1.325296600305619,FI,EU15,True,True
FI1C1,-0.0864357455271073,FI,EU15,True,False
FI1C2,0.4594007818044802,FI,EU15,True,False
FI1C5,0.5516126435790866,FI,EU15,True,False
FI1C6,0.16994117540955397,FI,EU15,False,False
FI1C7,-0.028253117701052384,FI,EU15,False,False
FI1D5,2.7538545846131437,FI,EU15,True,False
FI1D7,3.0941678548692044,FI,EU15,True,False
FI1D8,1.707747355945902,FI,EU15,False,False
FI1D9,-2.0482842465848843,FI,EU15,False,False
FI1DA,0.34557907973658936,FI,EU15,False,False
FI1DB,1.5634846722057474,FI,EU15,False,False
FI1DC,0.9274332317472338,FI,EU15,False,False
FI200,4.565656114780792,FI,EU15,True,True
FR101,-1.817336441167924,FR,EU15,True,True
FR102,2.80646553330993,FR,EU15,True,True
FR103,1.7541751229134483,FR,EU15,True,True
FR104,2.801108925655996,FR,EU15,True,True
FR105,0.9876512985496966,FR,EU15,True,True
FR106,-0.36711171260134073,FR,EU15,True,True
FR107,2.1218915962831986,FR,EU15,True,True
FR108,0.13162780300284282,FR,EU15,True,True
FRB01,1.2963563920710377,FR,EU15,True,True
FRB02,0.3516954402766955,FR,EU15,True,True
FRB03,-0.16787001585454955,FR,EU15,True,True
FRB04,0.4462682639509235,FR,EU15,True,True
FRB05,0.9934129226467826,FR,EU15,True,True
FRB06,-0.2668651296912041,FR,EU15,True,True
FRC11,-1.0406923595695237,FR,EU15,True,True
FRC12,-1.998818930209437,FR,EU15,True,True
FRC13,0.6221641702804958,FR,EU15,True,True
FRC14,-0.5809882705288784,FR,EU15,True,True
FRC21,0.1273541807034841,FR,EU15,True,True
FRC22,-0.8857625316880898,FR,EU15,True,True
FRC23,0.06314238058645774,FR,EU15,True,True
FRC24,-2.8396046939914297,FR,EU15,True,True
FRD11,0.45278654091923826,FR,EU15,True,True
FRD12,0.6770314808818194,FR,EU15,True,True
FRD13,0.010607830527125424,FR,EU15,True,True
FRD21,3.283559612960341,FR,EU15,True,True
FRD22,-0.14325450868931508,FR,EU15,True,True
FRE11,-0.9362447532185085,FR,EU15,True,True
FRE12,0.5516222496453211,FR,EU15,True,True
FRE21,-0.2892240096766902,FR,EU15,True,True
FRE22,-0.2791319697059258,FR,EU15,True,True
FRE23,0.23992921844358608,FR,EU15,True,True
FRF11,0.9452154688386878,FR,EU15,True,True
FRF12,0.07905344267052124,FR,EU15,True,True
FRF21,-0.8991266642028555,FR,EU15,True,True
FRF22,-0.6714033389759637,FR,EU15,True,True
FRF23,0.5789188008816877,FR,EU15,True,True
FRF24,-0.259486688837361,FR,EU15,True,True
FRF31,-0.13493650147937686,FR,EU15,True,True
FRF32,-0.45001240676073423,FR,EU15,True,True
FRF33,-0.23400000810985336,FR,EU15,True,True
FRF34,-0.3746063727659748,FR,EU15,True,True
FRG01,2.280538760784978,FR,EU15,True,True
FRG02,1.1005749301969483,FR,EU15,True,True
FRG03,1.55337019946425,FR,EU15,True,True
FRG04,-0.17811306479721875,FR,EU15,True,True
FRG05,1.9256177781844361,FR,EU15,True,True
FRH01,2.4971088259557104,FR,EU15,True,True
FRH02,2.5488815838727166,FR,EU15,True,True
FRH03,1.3233046595123683,FR,EU15,True,True
FRH04,1.9172934028161797,FR,EU15,True,True
FRI11,-0.16343130676463552,FR,EU15,True,True
FRI12,1.9951396171030287,FR,EU15,True,True
FRI13,1.6235301773207755,FR,EU15,True,True
FRI14,0.790446943087751,FR,EU15,True,True
FRI15,1.2589014568851262,FR,EU15,True,True
FRI21,0.13297693251380163,FR,EU15,True,True
FRI22,-0.5449980099621562,FR,EU15,True,True
FRI23,0.012389064690816147,FR,EU15,True,True
FRI31,-0.6423387666557812,FR,EU15,True,True
FRI32,2.0988945454070467,FR,EU15,True,True
FRI33,0.8750598863057846,FR,EU15,True,True
FRI34,2.3185100664838667,FR,EU15,True,True
FRJ11,-2.4099171935213777,FR,EU15,True,True
FRJ12,-1.6477210274304266,FR,EU15,True,True
FRJ13,0.14836146186009305,FR,EU15,True,True
FRJ14,-3.156658785864121,FR,EU15,True,True
FRJ15,-0.5194256946761312,FR,EU15,True,True
FRJ21,-0.6637757853549634,FR,EU15,True,True
FRJ22,0.2929999622778734,FR,EU15,True,True
FRJ23,6.437719234366578,FR,EU15,True,True
FRJ24,1.175477265020002,FR,EU15,True,True
FRJ25,2.938096846119929,FR,EU15,True,True
FRJ26,1.0057970774237646,FR,EU15,True,True
FRJ27,0.3858562325802125,FR,EU15,True,True
FRJ28,0.7370755695892343,FR,EU15,True,True
FRK11,0.8677425008365817,FR,EU15,True,True
FRK12,1.5372283673729241,FR,EU15,True,True
FRK13,2.020821714356399,FR,EU15,True,True
FRK14,0.5794881106098667,FR,EU15,True,True
FRK21,1.0256200697566165,FR,EU15,True,True
FRK22,0.6649198172110246,FR,EU15,True,True
FRK23,2.5546213641195243,FR,EU15,True,True
FRK24,0.7563228495065998,FR,EU15,True,True
FRK25,0.9986496813721324,FR,EU15,True,True
FRK26,1.0715896696033869,FR,EU15,True,True
FRK27,1.003208243350213,FR,EU15,True,True
FRK28,1.2922815014408886,FR,EU15,True,True
FRL01,-0.008584134121550744,FR,EU15,True,True
FRL02,-0.4370419753376201,FR,EU15,True,True
FRL03,0.6228471168775928,FR,EU15,True,True
FRL04,-0.06674811898898117,FR,EU15,True,True
FRL05,2.777521328526099,FR,EU15,True,True
FRL06,2.6790565548508813,FR,EU15,True,True
FRM01,1.8920672979894717,FR,EU15,True,True
FRM02,4.758318688065685,FR,EU15,True,True
FRY10,4.481369170575362,FR,EU15,False,False
FRY20,1.1850328871250149,FR,EU15,True,True
FRY30,2.6772766710128133,FR,EU15,True,True
FRY40,0.17527948455986803,FR,EU15,False,False
FRY50,3.696693273956982,FR,EU15,False,False
HR021,2.860534293618398,HR,ACC,False,False
HR022,0.7352616188470115,HR,ACC,False,False
HR023,1.5397804073145125,HR,ACC,False,False
HR024,5.374895914428799,HR,ACC,False,False
HR025,3.3012239135014596,HR,ACC,False,False
HR026,3.4987133336141847,HR,ACC,False,False
HR027,3.0696693315657164,HR,ACC,False,False
HR028,0.4846989882520271,HR,ACC,False,False
HR031,2.137007484944174,HR,ACC,True,False
HR032,-1.328689685423647,HR,ACC,False,False
HR033,3.1788147778501012,HR,ACC,False,False
HR034,2.8972853915017107,HR,ACC,True,False
HR035,0.11895097584757279,HR,ACC,True,False
HR036,0.30632421000739946,HR,ACC,False,False
HR037,-2.3102890737088586,HR,ACC,True,False
HR050,0.058827979005890034,HR,ACC,False,False
HR061,5.919358880428214,HR,ACC,False,False
HR062,6.078806899840534,HR,ACC,False,False
HR063,0.11809393623801258,HR,ACC,False,False
HR064,5.078880479456872,HR,ACC,False,False
HR065,2.1098711079411765,HR,ACC,False,False
HU110,2.6324794170537507,HU,ACC,True,True
HU120,3.772883656367895,HU,ACC,True,True
HU211,6.012716227804851,HU,ACC,True,True
HU212,2.8854846503867955,HU,ACC,True,True
HU213,5.37288066076474,HU,ACC,True,True
HU221,6.716796326320106,HU,ACC,True,True
HU222,4.6890865322596635,HU,ACC,True,True
HU223,1.2082991886677543,HU,ACC,True,True
HU231,4.44149598231374,HU,ACC,True,True
HU232,5.16238611687256,HU,ACC,True,True
HU233,7.080796782215706,HU,ACC,True,True
HU311,4.8002160008531956,HU,ACC,True,True
HU312,7.0867455703200175,HU,ACC,True,True
HU313,3.3458030096119935,HU,ACC,True,True
HU321,3.006455570095604,HU,ACC,True,True
HU322,6.156325616788992,HU,ACC,True,True
HU323,6.727387122680385,HU,ACC,True,True
HU331,7.7918694827306165,HU,ACC,True,True
HU332,4.2182899413203225,HU,ACC,True,True
HU333,3.6542017497611083,HU,ACC,True,True
IE041,1.7685117880695282,IE,EU15,False,False
IE042,3.7594333079356193,IE,EU15,True,False
IE051,5.987278612982992,IE,EU15,False,False
IE052,8.389817264006945,IE,EU15,False,False
IE053,14.264106149363455,IE,EU15,True,False
IE061,4.836124168879418,IE,EU15,True,False
IE062,5.65073825667629,IE,EU15,False,False
IE063,1.6684812644423705,IE,EU15,True,False
ITC11,1.0369749890971645,IT,EU15,True,True
ITC12,2.175940219753958,IT,EU15,True,True
ITC13,0.16228056443590155,IT,EU15,True,True
ITC14,-0.27295494902938827,IT,EU15,True,True
ITC15,1.7845881172732383,IT,EU15,True,True
ITC16,2.5486607872563867,IT,EU15,True,True
ITC17,0.5569165815298823,IT,EU15,True,True
ITC18,1.448244717433443,IT,EU15,True,True
ITC20,-1.3004521674713347,IT,EU15,True,True
ITC31,0.24533651628066977,IT,EU15,True,True
ITC32,0.6855810253174864,IT,EU15,True,True
ITC33,2.5068251074913586,IT,EU15,True,True
ITC34,0.9590781369164946,IT,EU15,True,True
ITC41,-0.2719904728077768,IT,EU15,True,True
ITC42,0.31715600854990306,IT,EU15,True,True
ITC43,0.585569624069964,IT,EU15,True,True
ITC44,2.558403315729509,IT,EU15,True,True
ITC46,1.0647623616432915,IT,EU15,True,True
ITC47,1.3433769184677122,IT,EU15,True,True
ITC48,0.6947622844706925,IT,EU15,True,True
ITC49,0.5480692836481766,IT,EU15,True,True
ITC4A,1.61181161394757,IT,EU15,True,True
ITC4B,1.3260820832931866,IT,EU15,True,True
ITC4C,0.2578396339293703,IT,EU15,True,True
ITC4D,0.49838138153506556,IT,EU15,True,True
ITF11,0.9115120651743818,IT,EU15,True,True
ITF12,0.2532773758170594,IT,EU15,True,True
ITF13,0.4630286904922113,IT,EU15,True,True
ITF14,0.8255501973904344,IT,EU15,True,True
ITF21,-0.6095685838044128,IT,EU15,True,True
ITF22,0.581663849864159,IT,EU15,True,True
ITF31,-0.060444191102985,IT,EU15,True,True
ITF32,-0.6168959305901112,IT,EU15,True,True
ITF33,1.4064621029116684,IT,EU15,True,True
ITF34,-0.8869331296842452,IT,EU15,True,True
ITF35,0.6777352729811424,IT,EU15,True,True
ITF43,-4.615737982654058,IT,EU15,True,True
ITF44,-0.9952889750520745,IT,EU15,True,True
ITF45,0.6893311886389483,IT,EU15,True,True
ITF46,3.3670353637826573,IT,EU15,True,True
ITF47,-0.08175552869444301,IT,EU15,True,True
ITF48,0.5729292836147616,IT,EU15,True,True
ITF51,2.6710893919085494,IT,EU15,True,True
ITF52,-1.77696015596641,IT,EU15,True,True
ITF61,-2.9763605156811437,IT,EU15,True,True
ITF62,-3.1664628054048776,IT,EU15,True,True
ITF63,-0.10175412325425118,IT,EU15,True,True
ITF64,-0.6250103782943724,IT,EU15,True,True
ITF65,-0.2942481217561164,IT,EU15,True,True
ITG11,-1.0139876156312193,IT,EU15,True,True
ITG12,-0.0033010200739409207,IT,EU15,True,True
ITG13,-1.5058153170671622,IT,EU15,True,True
ITG14,-0.12102724552080422,IT,EU15,True,True
ITG15,-6.760096366637595,IT,EU15,True,True
ITG16,-1.2866622784886468,IT,EU15,True,True
ITG17,-0.7611040370071225,IT,EU15,True,True
ITG18,-1.1154337911091565,IT,EU15,True,True
ITG19,-6.2256721742971255,IT,EU15,True,True
ITG2D,-2.3396455583427085,IT,EU15,False,False
ITG2E,-3.5325005630693136,IT,EU15,False,False
ITG2F,0.6235573796252439,IT,EU15,False,False
ITG2G,-5.481672184559772,IT,EU15,False,False
ITG2H,-0.15459184343007415,IT,EU15,False,False
ITH10,3.3026723189781264,IT,EU15,True,True
ITH20,1.681134312303805,IT,EU15,True,True
ITH31,2.0875432001169894,IT,EU15,True,True
ITH32,2.4029441116570713,IT,EU15,True,True
ITH33,1.9967990691890591,IT,EU15,True,True
ITH34,1.541061975749474,IT,EU15,True,True
ITH35,2.00848103379041,IT,EU15,True,True
ITH36,2.2201052848124143,IT,EU15,True,True
ITH37,0.3126984652974801,IT,EU15,True,True
ITH41,0.8642665214877633,IT,EU15,True,True
ITH42,0.9919649463175187,IT,EU15,True,True
ITH43,2.729463541287101,IT,EU15,True,True
ITH44,4.525208878534994,IT,EU15,True,True
ITH51,2.1158588468661272,IT,EU15,True,True
ITH52,3.046408112431515,IT,EU15,True,True
ITH53,2.0400462830637727,IT,EU15,True,True
ITH54,2.3177300595847456,IT,EU15,True,True
ITH55,2.418500561759185,IT,EU15,True,True
ITH56,1.009809968491991,IT,EU15,True,True
ITH57,1.7113274709114026,IT,EU15,True,True
ITH58,3.2268885458569128,IT,EU15,True,True
ITH59,2.9868538419626227,IT,EU15,True,True
ITI11,1.929971050579152,IT,EU15,True,True
ITI12,0.9674943135869426,IT,EU15,True,True
ITI13,0.7683881771793276,IT,EU15,True,True
ITI14,0.34229602282841604,IT,EU15,True,True
ITI15,1.9743049514747035,IT,EU15,True,True
ITI16,-0.18154866417231044,IT,EU15,True,True
ITI17,1.0938008395471701,IT,EU15,True,True
ITI18,0.7566225478992423,IT,EU15,True,True
ITI19,2.2487864365120163,IT,EU15,True,True
ITI1A,-0.7121728842003476,IT,EU15,True,True
ITI21,-0.03872851185405019,IT,EU15,True,True
ITI22,0.2553191714759619,IT,EU15,True,True
ITI31,1.5946137975519534,IT,EU15,True,True
ITI32,1.4448104307845393,IT,EU15,True,True
ITI33,1.2334702166311955,IT,EU15,True,True
ITI34,0.5542684970084937,IT,EU15,True,True
ITI35,0.11760451033860443,IT,EU15,True,True
ITI41,-1.2960510302438675,IT,EU15,True,True
ITI42,0.5265408418808182,IT,EU15,True,True
ITI43,2.0471419701664852,IT,EU15,True,True
ITI44,0.8804175667306195,IT,EU15,True,True
ITI45,1.5045299303624557,IT,EU15,True,True
ITZZZ,0.4253479798609572,IT,EU15,False,False
LT011,5.076500030259495,LT,ACC,True,True
LT021,3.9263560571940213,LT,ACC,True,True
LT022,5.703750910669183,LT,ACC,True,True
LT023,5.1795351439848405,LT,ACC,True,True
LT024,5.408108221671006,LT,ACC,True,True
LT025,3.4531681912146746,LT,ACC,True,True
LT026,5.007474143394226,LT,ACC,True,True
LT027,6.6722371968329295,LT,ACC,True,True
LT028,2.231113839723888,LT,ACC,True,True
LT029,1.7910338998861899,LT,ACC,True,True
LU000,2.2466309797603476,LU,EU15,True,True
LV005,5.637767341164038,LV,ACC,True,False
LV009,6.093915154436992,LV,ACC,True,False
LV00A,5.296645985165085,LV,ACC,False,False
LV00B,4.677857919634455,LV,ACC,False,False
LV00C,5.039718681633459,LV,ACC,False,False
MT001,3.1045761249126107,MT,ACC,True,True
MT002,4.416382115832564,MT,ACC,True,True
NL112,-4.406603593784781,NL,EU15,True,False
NL114,1.321627988512126,NL,EU15,False,False
NL115,-2.5769972768776,NL,EU15,False,False
NL126,2.378058772760599,NL,EU15,False,False
NL127,0.08099712183986847,NL,EU15,False,False
NL128,3.0456353455830416,NL,EU15,False,False
NL131,-0.4984227828080279,NL,EU15,True,True
NL132,0.5717336262395456,NL,EU15,True,True
NL133,1.748481703080034,NL,EU15,True,True
NL211,1.1854014479120727,NL,EU15,True,True
NL212,1.9346594631231895,NL,EU15,True,True
NL213,2.9517152151752133,NL,EU15,True,True
NL221,3.1135416952064787,NL,EU15,True,True
NL224,3.1104811315140233,NL,EU15,True,True
NL225,2.5849267826395232,NL,EU15,True,True
NL226,2.080099135774319,NL,EU15,True,True
NL230,4.330874698527921,NL,EU15,True,True
NL321,2.1323065150095744,NL,EU15,True,False
NL323,-3.363558693211033,NL,EU15,True,False
NL325,2.650670986565532,NL,EU15,True,False
NL327,0.2245823273915664,NL,EU15,True,False
NL328,1.1207807304738486,NL,EU15,False,False
NL32A,6.273743813930745,NL,EU15,False,False
NL32B,2.500929318212197,NL,EU15,False,False
NL341,-0.0774720950670739,NL,EU15,True,True
NL342,4.050080112414355,NL,EU15,True,True
NL350,3.2749722047494982,NL,EU15,False,False
NL361,0.6782745620154415,NL,EU15,False,False
NL362,0.7932589374545186,NL,EU15,False,False
NL363,1.3340878754216032,NL,EU15,False,False
NL364,2.3881268863755714,NL,EU15,False,False
NL365,0.5835581530028389,NL,EU15,False,False
NL366,1.6924849210100972,NL,EU15,False,False
NL411,-0.6645746686822004,NL,EU15,True,False
NL414,6.205709273331182,NL,EU15,True,False
NL415,2.3696654277104465,NL,EU15,False,False
NL416,1.4455955613683054,NL,EU15,False,False
NL421,1.4573590614076704,NL,EU15,True,True
NL422,1.907419220682538,NL,EU15,True,True
NL423,1.3133688878338086,NL,EU15,True,True
NLZZZ,-5.895214668699447,NL,EU15,False,False
PL213,3.678674720789107,PL,ACC,True,False
PL214,8.489367322092159,PL,ACC,True,False
PL217,7.016269471273619,PL,ACC,True,False
PL218,7.801600432535574,PL,ACC,False,False
PL219,7.427460393873713,PL,ACC,False,False
PL21A,5.418646395038783,PL,ACC,False,False
PL224,4.335664778188812,PL,ACC,True,True
PL225,6.6675242586355745,PL,ACC,True,True
PL227,5.268411068781503,PL,ACC,True,True
PL228,4.716078581628759,PL,ACC,True,True
PL229,7.177620567836688,PL,ACC,True,True
PL22A,3.603146666505617,PL,ACC,True,True
PL22B,4.358210261602759,PL,ACC,True,True
PL22C,3.4892839363187353,PL,ACC,True,True
PL411,6.314621798379275,PL,ACC,True,True
PL414,7.4215207285666045,PL,ACC,True,True
PL415,2.748466906398558,PL,ACC,True,True
PL416,8.749150788796,PL,ACC,True,True
PL417,7.630788888809294,PL,ACC,True,True
PL418,7.628366375653822,PL,ACC,True,True
PL424,4.49171592120504,PL,ACC,True,False
PL426,7.907635704902383,PL,ACC,False,False
PL427,5.655083911539289,PL,ACC,False,False
PL428,6.306363445806452,PL,ACC,False,False
PL431,7.028768462674145,PL,ACC,True,True
PL432,5.576630092310632,PL,ACC,True,True
PL514,7.040505241454653,PL,ACC,True,True
PL515,6.087889166802692,PL,ACC,True,True
PL516,4.089745359309926,PL,ACC,True,True
PL517,6.872974241793831,PL,ACC,True,True
PL518,9.563579788588035,PL,ACC,True,True
PL523,7.171763318406927,PL,ACC,False,False
PL524,4.81356946034927,PL,ACC,False,False
PL613,4.9686265058218755,PL,ACC,True,False
PL616,7.822437629823081,PL,ACC,False,False
PL617,5.326326828895546,PL,ACC,False,False
PL618,8.884244989375764,PL,ACC,False,False
PL619,6.083881164981106,PL,ACC,False,False
PL621,5.863344187189006,PL,ACC,True,True
PL622,5.355386058825345,PL,ACC,True,True
PL623,6.708887640002002,PL,ACC,True,True
PL633,5.273896783428559,PL,ACC,True,False
PL634,9.245624817480529,PL,ACC,True,False
PL636,7.662469745718673,PL,ACC,False,False
PL637,7.143618087519605,PL,ACC,False,False
PL638,6.529031327650519,PL,ACC,False,False
PL711,4.851998998571716,PL,ACC,True,True
PL712,6.2075160101111,PL,ACC,True,True
PL713,6.92062723709288,PL,ACC,True,True
PL714,6.638382159171138,PL,ACC,True,True
PL715,6.200138337045307,PL,ACC,True,True
PL721,6.096555139866729,PL,ACC,True,True
PL722,6.293594871684696,PL,ACC,True,True
PL811,6.445637447381174,PL,ACC,True,True
PL812,3.532281333768531,PL,ACC,True,True
PL814,7.563829909203586,PL,ACC,True,True
PL815,5.722797984156967,PL,ACC,True,True
PL821,5.766236209164864,PL,ACC,True,True
PL822,5.779079819481003,PL,ACC,True,True
PL823,7.998751466480731,PL,ACC,True,True
PL824,6.402823454869656,PL,ACC,True,True
PL841,5.8203749216333325,PL,ACC,True,True
PL842,8.702810461802667,PL,ACC,True,True
PL843,5.890403226569114,PL,ACC,True,True
PL911,5.353215238870986,PL,ACC,True,False
PL912,8.117151726968341,PL,ACC,False,False
PL913,8.609518718045209,PL,ACC,False,False
PL921,7.903827793323538,PL,ACC,True,False
PL922,7.131642982208192,PL,ACC,False,False
PL923,8.153591484902378,PL,ACC,False,False
PL924,7.859155272411789,PL,ACC,False,False
PL925,7.949455736152616,PL,ACC,False,False
PL926,3.96882291346,PL,ACC,False,False
PT111,4.791075924726826,PT,EU15,True,False
PT112,3.324333591346664,PT,EU15,True,False
PT119,3.0656050799082797,PT,EU15,False,False
PT11A,1.7045164783526292,PT,EU15,False,False
PT11B,3.276159468496268,PT,EU15,False,False
PT11C,2.816706892834166,PT,EU15,False,False
PT11D,5.009048174946644,PT,EU15,False,False
PT11E,3.425821024050541,PT,EU15,False,False
PT150,1.7661030437896448,PT,EU15,True,True
PT191,2.619945823912711,PT,EU15,False,False
PT192,2.9976907299752473,PT,EU15,False,False
PT193,2.606300601175615,PT,EU15,False,False
PT194,2.373477169629647,PT,EU15,False,False
PT195,5.520571277710624,PT,EU15,False,False
PT196,2.6432587974862747,PT,EU15,False,False
PT1A0,0.39001526612400134,PT,EU15,False,False
PT1B0,2.0363057824644697,PT,EU15,False,False
PT1C1,-0.5698013823447035,PT,EU15,False,False
PT1C2,4.503480654514406,PT,EU15,False,False
PT1C3,1.0363617405600005,PT,EU15,False,False
PT1C4,1.242015981404508,PT,EU15,False,False
PT1D1,1.2189001431881508,PT,EU15,False,False
PT1D2,1.4048540961400022,PT,EU15,False,False
PT1D3,1.1179745569493083,PT,EU15,False,False
PT200,1.8683106298338106,PT,EU15,True,True
PT300,0.4375024993671848,PT,EU15,True,True
RO111,7.634419475198615,RO,ACC,True,True
RO112,7.661691444748918,RO,ACC,True,True
RO113,8.88236316067904,RO,ACC,True,True
RO114,10.600506489271538,RO,ACC,True,True
RO115,8.77285715100181,RO,ACC,True,True
RO116,9.275708738713291,RO,ACC,True,True
RO121,9.896521558496506,RO,ACC,True,True
RO122,8.491125197393197,RO,ACC,True,True
RO123,7.844608318728215,RO,ACC,True,True
RO124,8.411698170005888,RO,ACC,True,True
RO125,7.021897565574799,RO,ACC,True,True
RO126,10.60570712831817,RO,ACC,True,True
RO211,3.877290334685623,RO,ACC,True,True
RO212,9.310894965352835,RO,ACC,True,True
RO213,7.635004081287297,RO,ACC,True,True
RO214,6.494690751548392,RO,ACC,True,True
RO215,7.975334087389641,RO,ACC,True,True
RO216,9.065501624618642,RO,ACC,True,True
RO221,7.384147233527338,RO,ACC,True,False
RO222,9.268872356059545,RO,ACC,True,False
RO223,7.777199127060846,RO,ACC,True,False
RO224,5.947106872389649,RO,ACC,True,False
RO225,7.924082198713205,RO,ACC,True,False
RO226,8.944591853477776,RO,ACC,False,False
RO311,5.645821408746216,RO,ACC,True,False
RO312,9.431245870897166,RO,ACC,False,False
RO313,9.91188245344215,RO,ACC,True,False
RO314,6.898384137687578,RO,ACC,True,False
RO315,7.368570949150266,RO,ACC,False,False
RO316,7.84388454764496,RO,ACC,True,False
RO317,7.870928688144537,RO,ACC,True,False
RO321,8.182970238134336,RO,ACC,True,True
RO322,9.803701169366821,RO,ACC,True,True
RO411,8.210007515370929,RO,ACC,True,True
RO412,8.012206103683038,RO,ACC,True,True
RO413,4.493290054640818,RO,ACC,True,True
RO414,9.273463167253995,RO,ACC,True,True
RO415,7.642454448289003,RO,ACC,True,True
RO421,9.72978589163664,RO,ACC,True,True
RO422,8.34385109918043,RO,ACC,True,True
RO423,4.347425282415823,RO,ACC,True,True
RO424,10.457447116566978,RO,ACC,True,True
ROZZZ,-2.8192212497577467,RO,ACC,False,False
SE110,2.058971417270669,SE,EU15,True,True
SE121,2.2368586594530067,SE,EU15,True,True
SE122,2.2837779524310493,SE,EU15,True,True
SE123,2.852664221972136,SE,EU15,True,True
SE124,3.0011292371260674,SE,EU15,True,True
SE125,2.172308455846001,SE,EU15,False,True
SE211,2.669588522918038,SE,EU15,True,True
SE212,2.4515486504244572,SE,EU15,True,True
SE213,1.0169283112271974,SE,EU15,True,True
SE214,2.3856305540808274,SE,EU15,True,True
SE221,1.2083975849376165,SE,EU15,True,True
SE224,1.0796620972449997,SE,EU15,True,True
SE231,0.5277774435654184,SE,EU15,True,True
SE232,3.4737724286879916,SE,EU15,True,True
SE311,2.948535383142468,SE,EU15,True,True
SE312,1.4537616040430532,SE,EU15,True,True
SE313,2.8381762365067638,SE,EU15,True,True
SE321,1.2840491749036913,SE,EU15,True,True
SE322,-0.28659961179291166,SE,EU15,True,True
SE331,3.5342877168763893,SE,EU15,True,True
SE332,4.96875226923261,SE,EU15,True,True
SI031,3.219271750625952,SI,ACC,True,False
SI032,3.1609023272705983,SI,ACC,True,False
SI033,2.9228392806229064,SI,ACC,True,False
SI034,3.0026012507502666,SI,ACC,False,False
SI035,0.24609581527433708,SI,ACC,False,False
SI036,2.665319741291583,SI,ACC,False,False
SI037,4.594209073832354,SI,ACC,True,False
SI038,2.4782932927011663,SI,ACC,False,False
SI041,4.039450416388789,SI,ACC,False,False
SI042,3.564976786091797,SI,ACC,True,False
SI043,3.0914000130366808,SI,ACC,True,False
SI044,2.4249567159271606,SI,ACC,True,False
SK010,3.3320163715834394,SK,ACC,True,True
SK021,3.5590416750794582,SK,ACC,True,True
SK022,1.473056336422721,SK,ACC,True,True
SK023,3.7986227491863773,SK,ACC,True,True
SK031,4.05830381146404,SK,ACC,True,True
SK032,4.869881349400534,SK,ACC,True,True
SK041,5.180894998298483,SK,ACC,True,True
SK042,2.8148056990767754,SK,ACC,True,True
