y,target,n,G,G_eff_leverage,G_eff_score,top_cluster,top_cluster_score_share,mde_80,coef,se,t,p_naive_z,p_t_Gm1,ci_lo,ci_hi,sd_within_x,p_wild,n_wild_draws,p_webb,tag,sample,xs
g_ind,x_dig,183,19,6.776425208009682,3.9734865179544903,HU,0.36879147063036893,0.2175534965263475,-0.040805766862286166,0.0739343643144051,-0.5519188166514839,0.5810039758490486,0.5877916557400571,-0.19613610238163032,0.114524568657058,1.098515141902132,0.5988598859885989,9999,0.6001600160016002,A1 FE: dig only,NUTS2,x_dig
g_ind,x_dig,183,19,7.528079579876191,5.459726183566618,DE,0.2957578700604605,0.2526951361876595,-0.01799084424939965,0.08587705809230228,-0.20949534892150998,0.8340615658585397,0.8364143465395644,-0.19841184834657752,0.16243015984777823,1.098515141902132,0.8401840184018402,9999,0.8331833183318332,A2 FE: dig + controls,NUTS2,x_dig+ln_gvapc04+ind_share04
g_ind,x_dig,183,19,9.475346904235929,5.614178172488793,FR,0.29214518474820433,0.33996251424204893,-0.0517959156323908,0.1155343985848958,-0.44831596707824345,0.6539251787648861,0.6592748563224973,-0.2945246800253914,0.19093284876060979,1.098515141902132,0.6718671867186718,9999,0.6660666066606661,A3 FE: dig + nondig + controls  [CLAIM],NUTS2,x_dig+x_nondig+ln_gvapc04+ind_share04
g_ind,x_nondig,183,19,10.87815997354446,2.071141990681394,FR,0.6741732480280023,0.6610394720248811,0.11053717097129208,0.224650644238074,0.49204030260491965,0.6226908526955048,0.6286379320702038,-0.36143631886282596,0.5825106608054101,0.8647342700119409,0.7013701370137013,9999,0.696969696969697,"A3b FE: same, target = NON-digital",NUTS2,x_dig+x_nondig+ln_gvapc04+ind_share04
g_ind,x_total,183,19,7.859171228824498,2.603739908223545,FR,0.5514915612801462,0.48698680227323693,0.04948249268108381,0.1654997976611061,0.29898823672527447,0.7649490209964676,0.7683735408213044,-0.29821967988056625,0.3971846652427338,0.8723487444835163,0.7722772277227723,9999,0.7802780278027803,A4 FE: total patents + controls,NUTS2,x_total+ln_gvapc04+ind_share04
g_ind,x_tilt,183,19,12.09947824274793,2.431243914790324,FR,0.6161369591954924,0.4627833377413282,-0.08116654330184203,0.15727438279558953,-0.5160824150703213,0.6057968492296775,0.6120784797957946,-0.41158776048240203,0.24925467387871797,0.8384166306700541,0.6535653565356536,9999,0.6587658765876587,A5 FE: tilt (dig-nondig) + sum + controls,NUTS2,x_tilt+x_sum+ln_gvapc04+ind_share04
g_ind,x_dig,183,19,10.280196784787922,1.948763045055662,FI,0.7086954565766094,0.4951775783292159,-0.21815668934710344,0.1682833880451251,-1.2963649703118933,0.19484977457889063,0.2112246788812817,-0.571706968297542,0.1353935896033351,0.33141116321484104,0.4099409940994099,9999,0.42034203420342037,Aw2 FE equal-country-weight: dig + controls,NUTS2,x_dig+ln_gvapc04+ind_share04
g_ind,x_dig,183,19,10.954687799009621,2.203555022395124,FI,0.6624783229149082,0.520506756164542,-0.2670216085148352,0.17689137041158898,-1.5095230925823693,0.13116515851122568,0.14851920892979198,-0.638656587340984,0.10461337031131357,0.33141116321484104,0.2852285228522852,9999,0.26792679267926794,Aw3 FE equal-country-weight: dig + nondig + controls,NUTS2,x_dig+x_nondig+ln_gvapc04+ind_share04
g_ind,x_total,183,19,10.559415874429732,2.9135744500648806,FI,0.48197588401940944,0.665369259620462,-0.027599097742285812,0.2261220988393881,-0.12205396059891134,0.902856283303918,0.9042086182626461,-0.5026639989795189,0.4474658034949472,0.2566250369114933,0.8943894389438944,9999,0.9005900590059006,Aw4 FE equal-country-weight: total patents + controls,NUTS2,x_total+ln_gvapc04+ind_share04
g_ind_real,x_dig,183,19,9.345749658283626,5.397504258119527,EL,0.34352458385253704,0.3724939580194424,0.31812944438639557,0.12659003158696114,2.5130686863590537,0.011968602979094412,0.021709720189495352,0.052173656950539715,0.5840852318222514,2.008499257728341,0.0735073507350735,9999,0.0739073907390739,B1 pooled: dig + controls,NUTS2,x_dig+ln_gvapc04+ind_share04
g_ind_real,x_dig,183,19,11.439448206083535,7.2779828325912534,FR,0.22553308755763815,0.30238867893756227,0.1727886374657399,0.1027651364381257,1.681393548966628,0.09268649774147053,0.10995493225835551,-0.043112902645495776,0.3886901775769756,2.008499257728341,0.15921592159215922,9999,0.15781578157815782,B2 pooled: dig + nondig + controls,NUTS2,x_dig+x_nondig+ln_gvapc04+ind_share04
g_ind_real,x_dig,183,19,11.853135791846805,7.763131283297423,PL,0.23877921812647118,0.22639533669725165,0.10480773258087195,0.07693921527218411,1.3622147328913967,0.17313012760688218,0.18993442749265865,-0.05683556054330954,0.2664510257050534,2.008499257728341,0.20252025202520252,9999,0.21312131213121313,B3 pooled: + accession dummy,NUTS2,x_dig+x_nondig+acc+ln_gvapc04+ind_share04
g_ind,x_dig,142,12,7.520177167851837,4.825964522127896,IT,0.2766668980845824,0.43265868168795174,-0.011044531324432488,0.14220100964237944,-0.07766844519745901,0.9380917953420773,0.9394865711950451,-0.3240268432973577,0.3019377806484927,1.1449006788977871,0.94091796875,4096,0.9408940894089409,C EU15 only: dig + nondig + controls,NUTS2,x_dig+x_nondig+ln_gvapc04+ind_share04
g_ind,x_dig,41,7,2.5142367820441867,2.2504063547956066,PL,0.5189991628929652,0.9810810234324421,-0.3008518519166329,0.29833586371016235,-1.0084334084919635,0.31324644126685586,0.3521698410589835,-1.0308534124506021,0.4291497086173365,0.9199595092373418,0.640625,128,0.6238623862386239,C ACC only: dig + nondig + controls,NUTS2,x_dig+x_nondig+ln_gvapc04+ind_share04
g_ind,x_dig_acc,183,19,4.125721605736498,3.4748349522334823,HU,0.37742848866562945,0.8210599670138109,-0.27453246571856205,0.27903273307225707,-0.983871901679257,0.3251785007465382,0.3382193810909131,-0.8607584845787614,0.31169355314163727,0.43544679299601824,0.48954895489548955,9999,0.48004800480048004,C interaction: dig x ACC (own-group slopes for dig & nondig),NUTS2,x_dig+x_dig_acc+x_nondig+x_nondig_acc+ln_gvapc04+ind_share04
g_ind,xd,183,19,9.655051357307412,5.737361768718495,FR,0.25071536688905893,0.3408497596308273,-0.047360830136788275,0.11583592407107557,-0.40886133137530134,0.6826414279149469,0.6874649263753825,-0.29072307606939835,0.1960014157958218,1.1161593713380862,0.7015701570157016,9999,0.6994699469946994,D depreciation d10,NUTS2,xd+xn+ln_gvapc04+ind_share04
g_ind,xd,183,19,9.316642516519238,5.378127967341904,FR,0.3246428626318711,0.34159175200511926,-0.05315032291674354,0.11608808611579256,-0.45784476852972256,0.6470639696995135,0.6525425837161358,-0.29704234164681176,0.1907416958133247,1.0857678480086972,0.6691669166916692,9999,0.6603660366036603,D depreciation d20,NUTS2,xd+xn+ln_gvapc04+ind_share04
g_ind,xd,183,19,9.949667651853385,4.955227059778951,DE,0.2805427700205385,0.34911120923340944,-0.02343622108948783,0.1186435324728483,-0.19753475474823068,0.8434090868426536,0.8456226326422864,-0.2726970333937481,0.22582459121477247,1.177319832139474,0.8556855685568557,9999,0.8472847284728473,D depreciation cum,NUTS2,xd+xn+ln_gvapc04+ind_share04
g_ind,xd,183,19,9.501142787579889,6.2032244901097915,IT,0.25552774493218217,0.28630341438717,-0.06821133346472566,0.09729864737520107,-0.7010511996296361,0.48327106360246974,0.49223542154560174,-0.27262820622092643,0.1362055392914751,1.157765191946633,0.5158515851585158,9999,0.5107510751075107,D normalised per emp,NUTS2,xd+xn+ln_gvapc04+ind_share04
g_ind,xd,183,19,7.045344011851254,4.430734871550889,FR,0.35603469410695804,0.5831954385473855,0.008136887697577356,0.19819577579089695,0.04105479879733683,0.9672522095321077,0.9677041697314659,-0.40825698594418924,0.424530761339344,0.6783555319483423,0.9691969196919692,9999,0.9645964596459646,D normalised per gva,NUTS2,xd+xn+ln_gvapc04+ind_share04
g_ind,xd,183,19,8.888435936655563,4.976344945940149,FR,0.33193799443311106,0.3918052864487003,-0.04235287395170568,0.13315288079086243,-0.31807703821464844,0.7504265006842374,0.7540871627116745,-0.3220966959268161,0.23739094802340477,1.0024345785136566,0.7620762076207621,9999,0.7551755175517552,D log1p instead of asinh,NUTS2,xd+xn+ln_gvapc04+ind_share04
g_ind,x_digb,183,19,9.412280671789999,4.877417295624356,DE,0.2893010841400876,0.455632488413184,-0.14229494145494706,0.15484420581463532,-0.9189555444217846,0.35811882531438455,0.37026990367337076,-0.4676105462545339,0.18302066334463982,1.0786952146814923,0.42474247424742473,9999,0.42514251425142513,"D broad digital (+H01,G05,G08,G09) vs matching non-digital",NUTS2,x_digb+x_nondigb+ln_gvapc04+ind_share04
g_ind,x_dig,183,19,8.594013059150392,6.399533759252419,DE,0.21573816580433733,0.3075965569532244,-0.045032135932296456,0.10453500525964708,-0.4307852266371856,0.6666245424554109,0.6717388829335846,-0.2646520324590019,0.17458776059440895,1.098515141902132,0.6823682368236824,9999,0.6845684568456846,"D comparison field = mech/chem (B,C,F sections) instead of non-digital",NUTS2,x_dig+x_mechchem+ln_gvapc04+ind_share04
g_ind,x_dig,183,19,8.805910823438822,5.528555792345107,FR,0.2821711310699055,0.365045827807582,0.06259028320439373,0.12405882532580081,0.5045210047735047,0.6138953055394902,0.6200155393847271,-0.19804763720899426,0.32322820361778176,1.098515141902132,0.6411641164116412,9999,0.643964396439644,D + ln population control,NUTS2,x_dig+x_nondig+ln_pop04+ln_gvapc04+ind_share04
g_ind_smooth,x_dig,183,19,9.475346904235929,6.303637612952258,FR,0.23175805202098002,0.31627947527863337,-0.03339581772755195,0.10748584749860537,-0.3106996735359533,0.7560289454615348,0.7595980099767798,-0.25921520375135904,0.19242356829625515,1.098515141902132,0.7732773277327732,9999,0.7591759175917592,D outcome: 3-yr endpoint averages,NUTS2,x_dig+x_nondig+ln_gvapc04+ind_share04
g_man,x_dig,183,19,9.475346904235929,3.458023801918994,FR,0.46159949643793363,0.42373457150686944,-0.0889500194791025,0.14400387345005544,-0.6176918533372149,0.5367784831465201,0.5445147996789901,-0.3914909310904052,0.21359089213220026,1.098515141902132,0.5760576057605761,9999,0.5642564256425643,D outcome: manufacturing (C) growth,NUTS2,x_dig+x_nondig+ln_gvapc04+ind_share04
g_tot,x_dig,183,19,9.475346904235929,4.542108624055081,DE,0.39008489453272055,0.1765769399353526,0.017950879981223657,0.060008705974174514,0.29913792823576363,0.7648348079123619,0.7682611686220553,-0.10812273300626363,0.14402449296871095,1.098515141902132,0.7750775077507751,9999,0.7798779877987799,D outcome: TOTAL-economy GVA growth (specificity check),NUTS2,x_dig+x_nondig+ln_gvapc04+ind_share04
g_ind_0512,x_dig,183,19,9.475346904235929,4.749012927000232,FI,0.36799905188702775,0.5022033898544611,-0.22960343415595694,0.17067107161356143,-1.3452978995516705,0.17852905161391108,0.19523356800325442,-0.5881700501404448,0.12896318182853087,1.098515141902132,0.1995199519951995,9999,0.20442044204420443,D outcome: growth 2005-2012 only,NUTS2,x_dig+x_nondig+ln_gvapc04+ind_share04
g_ind_1219,x_dig,183,19,9.475346904235929,3.8551112522218847,FR,0.4100766605842511,0.3961987899591974,0.12601160289117538,0.13464598889690646,0.9358734257405759,0.34933836095927084,0.3617255652764153,-0.1568691228123855,0.40889232859473623,1.098515141902132,0.43114311431143115,9999,0.41264126412641267,D outcome: growth 2012-2019 only,NUTS2,x_dig+x_nondig+ln_gvapc04+ind_share04
g_ind,x_dig,995,25,3.4204707669547383,4.1770290132885775,DE,0.346824035267655,0.11073989251174358,0.019622917698835105,0.03811390374590074,0.5148493271552014,0.6066583128881944,0.6113676947897968,-0.05904031342035841,0.09828614881802862,1.3681304899729834,0.6160616061606161,9999,0.6262626262626263,A1 FE: dig only,NUTS3,x_dig
g_ind,x_dig,995,25,3.3296119438724805,4.278846477620054,FR,0.36060993305651956,0.08764627490065702,0.06751420707560633,0.030165657645876302,2.23811487447666,0.025213564906719332,0.03475626880319549,0.005255349649718813,0.12977306450149384,1.3681304899729834,0.13671367136713672,9999,0.11961196119611961,A2 FE: dig + controls,NUTS3,x_dig+ln_gvapc04+ind_share04
g_ind,x_dig,995,25,5.104521132566174,1.9621207162204044,IT,0.6898535906365201,0.198176240065581,-0.02494625520673184,0.06820730964483349,-0.36574166810904923,0.7145578504488557,0.7177618272899475,-0.16571922347522094,0.11582671306175728,1.3681304899729834,0.8357835783578358,9999,0.8307830783078308,A3 FE: dig + nondig + controls  [CLAIM],NUTS3,x_dig+x_nondig+ln_gvapc04+ind_share04
g_ind,x_nondig,995,25,8.591979001195984,2.3353721516821864,IT,0.600887521969575,0.5133605094110083,0.26469292035861297,0.17668585907795437,1.498099065425658,0.13410751388732822,0.14714598731579875,-0.09996877005238891,0.6293546107696149,1.0228000888012039,0.1692169216921692,9999,0.17001700170017,"A3b FE: same, target = NON-digital",NUTS3,x_dig+x_nondig+ln_gvapc04+ind_share04
g_ind,x_total,995,25,5.53093824250378,2.964631940694463,IT,0.44860273697482556,0.36460837218791997,0.23607160125193513,0.1254890905826574,1.8812121448632146,0.05994306630392643,0.0721290310945224,-0.022925152301620316,0.4950683548054906,1.0283524466356142,0.011001100110011002,9999,0.015101510151015102,A4 FE: total patents + controls,NUTS3,x_total+ln_gvapc04+ind_share04
g_ind,x_tilt,995,25,8.94149981592069,2.102706235246497,IT,0.660451466374019,0.3461019541984683,-0.14481958778267484,0.11911964396380172,-1.2157489979291984,0.22408055276201155,0.23590425749515176,-0.39067044962120756,0.1010312740558579,1.1310814277915586,0.38123812381238126,9999,0.36223622362236224,A5 FE: tilt (dig-nondig) + sum + controls,NUTS3,x_tilt+x_sum+ln_gvapc04+ind_share04
g_ind,x_dig,995,25,14.568969923307785,2.9823668160290713,FI,0.5044030303057412,0.28011466625493314,0.004676342727919325,0.09640846839654871,0.04850551829829434,0.9613133666542966,0.9617147705249316,-0.1943009565244784,0.20365364198031707,0.17743483309568617,0.9686968696869687,9999,0.9674967496749675,Aw2 FE equal-country-weight: dig + controls,NUTS3,x_dig+ln_gvapc04+ind_share04
g_ind,x_dig,995,25,15.261355429610143,3.526389415004799,FI,0.4914435767945432,0.2633960830681858,-0.08852568033632884,0.09065434984094374,-0.9765188376691275,0.328807417454293,0.3385484614640677,-0.2756270625783764,0.0985757019057187,0.17743483309568617,0.4138413841384138,9999,0.41394139413941394,Aw3 FE equal-country-weight: dig + nondig + controls,NUTS3,x_dig+x_nondig+ln_gvapc04+ind_share04
g_ind,x_total,995,25,13.803647809355384,4.339307456275652,HR,0.38841409344705724,0.48431732126834787,0.32983421097694465,0.16668991947356965,1.9787291998136887,0.047846503539072494,0.05943225956743303,-0.014196874062446962,0.6738652960163363,0.15986121469242934,0.0779077907790779,9999,0.07640764076407641,Aw4 FE equal-country-weight: total patents + controls,NUTS3,x_total+ln_gvapc04+ind_share04
g_ind_real,x_dig,995,25,4.487529899449405,2.411885133552367,EL,0.6270059891941959,0.2797379803484263,0.32677865243978943,0.09627882252045651,3.3940865071377275,0.000688579376344256,0.0023921043178691814,0.12806892912457937,0.5254883757549995,2.1337534742403688,0.050805080508050805,9999,0.05510551055105511,B1 pooled: dig + controls,NUTS3,x_dig+ln_gvapc04+ind_share04
g_ind_real,x_dig,995,25,5.860147879173372,5.329382672335368,IT,0.3098890215025836,0.18080075984129107,0.08967719675089691,0.06222710354397278,1.4411276058755735,0.14954863582667666,0.16246961776751467,-0.038753232747786664,0.2181076262495805,2.1337534742403688,0.16691669166916692,9999,0.1646164616461646,B2 pooled: dig + nondig + controls,NUTS3,x_dig+x_nondig+ln_gvapc04+ind_share04
g_ind_real,x_dig,995,25,6.197972733522029,6.855354566620422,IT,0.2788708710840064,0.1757865207671948,0.029441975240670715,0.06050132775446881,0.48663353902172907,0.6265180512788096,0.6309325474554015,-0.09542662808836314,0.15431057856970457,2.1337534742403688,0.5957595759575958,9999,0.5948594859485948,B3 pooled: + accession dummy,NUTS3,x_dig+x_nondig+acc+ln_gvapc04+ind_share04
g_ind,x_dig,812,13,4.360761996029464,1.8789635599333696,IT,0.7092121069412486,0.2924654811488441,-0.031220890243222627,0.09682963807999259,-0.32243113639886295,0.7471260992390318,0.7526743444977937,-0.2421945479839449,0.17975276749749963,1.4737451606017624,0.8983898389838983,9999,0.8846884688468847,C EU15 only: dig + nondig + controls,NUTS3,x_dig+x_nondig+ln_gvapc04+ind_share04
g_ind,x_dig,183,12,4.816712609530868,3.299655442533621,HU,0.45366470270344095,0.29002546319703904,-0.09687002579362429,0.09532205277314369,-1.0162394008043931,0.30951539797961036,0.3313467808755972,-0.3066724493767856,0.11293239778953702,0.7348439338687247,0.291015625,4096,0.28802880288028804,C ACC only: dig + nondig + controls,NUTS3,x_dig+x_nondig+ln_gvapc04+ind_share04
g_ind,x_dig_acc,995,25,6.313309730082278,6.455220276447125,IT,0.27372446277419704,0.32268741285390173,-0.16420223776749887,0.11106094393421134,-1.4784876838861247,0.13927729123661137,0.15228284874450737,-0.39342076020636835,0.0650162846713706,0.3151440543342064,0.19581958195819582,9999,0.19821982198219823,C interaction: dig x ACC (own-group slopes for dig & nondig),NUTS3,x_dig+x_dig_acc+x_nondig+x_nondig_acc+ln_gvapc04+ind_share04
g_ind,xd,995,25,5.301221689422159,2.097125752930667,IT,0.6657315799979713,0.19808673306332183,-0.021098544594535494,0.06817650357132815,-0.30946944312656943,0.7569644529301396,0.7596353606571453,-0.16180793225222756,0.11961084306315656,1.380589255020112,0.8443844384438444,9999,0.8509850985098509,D depreciation d10,NUTS3,xd+xn+ln_gvapc04+ind_share04
g_ind,xd,995,25,4.9213734092575585,1.8971101422804808,IT,0.7020312805140267,0.19917481470509857,-0.02623219387475655,0.06855099408257695,-0.38266686319905274,0.701966787001707,0.7053348690725403,-0.16771449195995836,0.11525010421044525,1.361951605615203,0.8331833183318332,9999,0.8331833183318332,D depreciation d20,NUTS3,xd+xn+ln_gvapc04+ind_share04
g_ind,xd,995,25,5.733671351967363,2.769100734066548,IT,0.5517977808141803,0.19707300278010084,-0.0020589700895969148,0.06782760293974327,-0.030355931808854632,0.9757831899661993,0.9760342203212147,-0.14204826223560982,0.137930322056416,1.4459624303094456,0.9804980498049805,9999,0.9801980198019802,D depreciation cum,NUTS3,xd+xn+ln_gvapc04+ind_share04
g_ind,xd,995,25,5.9684192043538955,2.112171325083657,IT,0.6645576836306147,0.1671212706647638,-0.03620207859538656,0.05751896520338372,-0.6293937741643667,0.5290912928828819,0.5350372745512089,-0.15491538814498262,0.0825112309542095,1.4500931354485347,0.7053705370537053,9999,0.6992699269926993,D normalised per emp,NUTS3,xd+xn+ln_gvapc04+ind_share04
g_ind,xd,995,25,3.337439129808171,2.073688595391888,IT,0.6598327319180197,0.3907976517221785,0.032632892665450004,0.1345027861597717,0.242618711456924,0.8083007846014909,0.8103622239452262,-0.2449672142246646,0.3102329995555646,0.8500576228146931,0.8241824182418241,9999,0.8176817681768177,D normalised per gva,NUTS3,xd+xn+ln_gvapc04+ind_share04
g_ind,xd,995,25,4.7104433436575,1.9573966482854608,IT,0.6928806799961864,0.24351459834653796,-0.022413058903961294,0.08381163961412892,-0.26742179257143317,0.7891444221934627,0.7914291292852096,-0.19539178135124835,0.15056566354332573,1.2529121172443083,0.886988698869887,9999,0.8775877587758776,D log1p instead of asinh,NUTS3,xd+xn+ln_gvapc04+ind_share04
g_ind,x_digb,995,25,6.049958489715974,2.2728310878317513,IT,0.5330819360061868,0.2751147161271606,0.011695316408131871,0.09468761050530579,0.12351474861092336,0.9016994960137672,0.90272808784961,-0.18373030671776336,0.2071209395340271,1.2500256683546696,0.8435843584358436,9999,0.8651865186518651,"D broad digital (+H01,G05,G08,G09) vs matching non-digital",NUTS3,x_digb+x_nondigb+ln_gvapc04+ind_share04
g_ind,x_dig,995,25,4.521212047239853,2.0514187527927925,IT,0.6744723803532195,0.19396373566196207,0.00807509908878162,0.06675747089452326,0.12096172878598514,0.9037213485532984,0.9047283768027388,-0.12970554906834963,0.14585574724591288,1.3681304899729834,0.9194919491949195,9999,0.9282928292829283,"D comparison field = mech/chem (B,C,F sections) instead of non-digital",NUTS3,x_dig+x_mechchem+ln_gvapc04+ind_share04
g_ind,x_dig,995,25,4.381246404297869,2.0164387292420027,IT,0.6849217214377343,0.20086476258276034,-0.011190670373705396,0.06913263191230448,-0.1618724770655468,0.8714062770641897,0.8727613435751698,-0.15387340993907028,0.1314920691916595,1.3681304899729834,0.9212921292129213,9999,0.9226922692269227,D + ln population control,NUTS3,x_dig+x_nondig+ln_pop04+ln_gvapc04+ind_share04
g_ind_smooth,x_dig,993,25,5.104742389412243,2.0871895583580473,IT,0.672244600832258,0.2013627425687178,-0.04117479831745546,0.06930402417955049,-0.5941184340288986,0.5524329022610894,0.5579922010822234,-0.18421127413666355,0.10186167750175262,1.369310959512538,0.7518751875187519,9999,0.7426742674267427,D outcome: 3-yr endpoint averages,NUTS3,x_dig+x_nondig+ln_gvapc04+ind_share04
g_man,x_dig,995,25,5.104521132566174,2.0372014058679078,IT,0.6561175766222029,0.24218448292843683,-0.06593085744133492,0.08335384712520205,-0.7909755783953578,0.4289582427571337,0.43670555007006406,-0.2379647426292017,0.10610302774653185,1.3681304899729834,0.5788578857885789,9999,0.5922592259225923,D outcome: manufacturing (C) growth,NUTS3,x_dig+x_nondig+ln_gvapc04+ind_share04
g_tot,x_dig,995,25,5.104521132566174,4.204592082842248,IT,0.43129921103801394,0.06362831614719427,0.04425316981739482,0.02189927642281871,2.020759451727076,0.043304672170857206,0.05459694893922218,-0.0009447152923552221,0.08945105492714486,1.3681304899729834,0.15261526152615262,9999,0.1487148714871487,D outcome: TOTAL-economy GVA growth (specificity check),NUTS3,x_dig+x_nondig+ln_gvapc04+ind_share04
g_ind_0512,x_dig,995,25,5.104521132566174,4.706257166246741,DE,0.3511019508507139,0.21734534609786565,-0.08454311023578602,0.07480483692825562,-1.1301824013983246,0.2583993737222392,0.26956824675165847,-0.23893270557483176,0.0698464851032597,1.3681304899729834,0.30763076307630766,9999,0.30123012301230123,D outcome: growth 2005-2012 only,NUTS3,x_dig+x_nondig+ln_gvapc04+ind_share04
g_ind_1219,x_dig,995,25,5.104521132566174,1.893439664186496,IT,0.7176341308452281,0.26683271563517663,0.03465059982232235,0.09183715289319004,0.37730481325594084,0.7059470956167644,0.7092629967305115,-0.15489196793794555,0.22419316758259025,1.3681304899729834,0.7891789178917892,9999,0.7878787878787878,D outcome: growth 2012-2019 only,NUTS3,x_dig+x_nondig+ln_gvapc04+ind_share04
g_ind,x_dig,200,17,7.261332523947588,3.868602310306088,IT,0.4125919185133166,0.22236754129991598,0.019600967782335856,0.07508598460329916,0.26104695684412216,0.7940562959641617,0.7973865590168105,-0.13957420887544356,0.17877614444011528,1.0683259205404962,0.7955795579557956,9999,0.7934793479347935,A1 FE: dig only,NUTS2_lenient,x_dig
g_ind,x_dig,200,17,8.175645999676313,4.120469775141994,FI,0.4066643056115713,0.29824858273319094,0.040691979070261855,0.1007084413496127,0.40405728184192924,0.6861705970673964,0.691519976862319,-0.172800379423095,0.25418433756361875,1.0683259205404962,0.6971697169716972,9999,0.7088708870887088,A2 FE: dig + controls,NUTS2_lenient,x_dig+ln_gvapc04+ind_share04
g_ind,x_dig,200,17,9.801571160406317,4.1561025799110265,FI,0.4081159817031084,0.3527558441644265,-0.03727579011094817,0.11911369675995033,-0.3129429370836338,0.7543240156539248,0.7583662096291233,-0.28978554708220045,0.2152339668603041,1.0683259205404962,0.7751775177517751,9999,0.7716771677167716,A3 FE: dig + nondig + controls  [CLAIM],NUTS2_lenient,x_dig+x_nondig+ln_gvapc04+ind_share04
g_ind,x_nondig,200,17,11.678649762046007,2.603466503001901,FR,0.5901833950722982,0.7509292501088197,0.23969409391326507,0.2535633653285311,0.9453025424343292,0.3445044408041642,0.3585623462196468,-0.29783622793506287,0.7772244157615931,0.8499742529369398,0.42524252425242526,9999,0.4243424342434243,"A3b FE: same, target = NON-digital",NUTS2_lenient,x_dig+x_nondig+ln_gvapc04+ind_share04
g_ind,x_total,200,17,9.073978549041021,3.1390005035968476,FR,0.47534954370057086,0.6054872978203489,0.189019869112447,0.20445254579809985,0.9245170725294227,0.35521716686583216,0.3689513158072013,-0.2444001661642211,0.6224399043891151,0.8613160738212815,0.40344034403440343,9999,0.4002400240024002,A4 FE: total patents + controls,NUTS2_lenient,x_total+ln_gvapc04+ind_share04
g_ind,x_tilt,200,17,12.138845502841368,3.009209636814356,FR,0.5408376935053051,0.4969115933263534,-0.13848494201210718,0.16779020907273717,-0.8253457861303091,0.4091753044632489,0.42131124132270936,-0.4941842953828449,0.2172144113586306,0.8152293080891003,0.47904790479047904,9999,0.47334733473347335,A5 FE: tilt (dig-nondig) + sum + controls,NUTS2_lenient,x_tilt+x_sum+ln_gvapc04+ind_share04
g_ind,x_dig,200,17,11.113778062529391,2.1187012021129408,FI,0.6613571519741215,0.49621997131884144,-0.07944777337138603,0.16755667175382918,-0.4741546399782222,0.6353896370284109,0.6417957437496835,-0.43465204974220484,0.2757565029994328,0.2902420564936358,0.784978497849785,9999,0.7834783478347834,Aw2 FE equal-country-weight: dig + controls,NUTS2_lenient,x_dig+ln_gvapc04+ind_share04
g_ind,x_dig,200,17,11.781347798256746,1.9672870280351642,FI,0.705596954255299,0.5037174236570614,-0.18373877020568985,0.17008830738527358,-1.0802551511638956,0.28002857523346014,0.29604360078421665,-0.5443098743673049,0.1768323339559253,0.2902420564936358,0.5091509150915091,9999,0.4886488648864887,Aw3 FE equal-country-weight: dig + nondig + controls,NUTS2_lenient,x_dig+x_nondig+ln_gvapc04+ind_share04
g_ind,x_total,200,17,11.539024939627149,6.061663994398412,NL,0.24303804029606862,0.5872001179236621,0.20168848071045659,0.19827758473978413,1.0172026302173736,0.3090570450629455,0.32419280043431375,-0.21864122189620316,0.6220181833171163,0.22994653075019236,0.32633263326332634,9999,0.33693369336933693,Aw4 FE equal-country-weight: total patents + controls,NUTS2_lenient,x_total+ln_gvapc04+ind_share04
g_ind_real,x_dig,200,17,10.440909227017315,5.935968728979678,EL,0.2706763322841468,0.40661983104271315,0.3222954466890813,0.13730174014871296,2.3473515072715005,0.01890740802054025,0.032103483494007934,0.031228760155525004,0.6133621332226376,2.109957505890921,0.08270827082708271,9999,0.0823082308230823,B1 pooled: dig + controls,NUTS2_lenient,x_dig+ln_gvapc04+ind_share04
g_ind_real,x_dig,200,17,11.351565039419535,5.639425455055009,FI,0.30103009668999087,0.414808639217147,0.13364807175297,0.14006682322203623,0.9541736485385185,0.3399957510495506,0.3541903287244732,-0.16328032904051126,0.43057647254645126,2.109957505890921,0.36723672367236726,9999,0.3718371837183718,B2 pooled: dig + nondig + controls,NUTS2_lenient,x_dig+x_nondig+ln_gvapc04+ind_share04
g_ind_real,x_dig,200,17,11.565328636546008,5.845805173842949,FI,0.3350094474203988,0.3264639238474613,0.07071900244413304,0.11023580607244124,0.6415247909346278,0.5211817793153661,0.5302654628378378,-0.1629704670127617,0.30440847190102777,2.109957505890921,0.5385538553855386,9999,0.5302530253025303,B3 pooled: + accession dummy,NUTS2_lenient,x_dig+x_nondig+acc+ln_gvapc04+ind_share04
g_ind,x_dig,153,11,7.984142811818947,3.8489666095670274,FI,0.4100939419489173,0.502692141635226,-0.031528014341217235,0.16375729854347676,-0.19252891090436927,0.8473279238727429,0.8511816544742821,-0.3964020135222531,0.3333459848398187,1.1565208266506537,0.8583984375,2048,0.8684868486848685,C EU15 only: dig + nondig + controls,NUTS2_lenient,x_dig+x_nondig+ln_gvapc04+ind_share04
g_ind,x_dig,47,6,1.9724638918983917,2.4070093993923622,PL,0.6166916723601467,0.616712186514272,-0.06793450974362834,0.1807383709957724,-0.3758720927346268,0.7070119885285919,0.7224317005844763,-0.5325372832278582,0.3966682637406015,0.708915411645244,0.71875,64,0.698969896989699,C ACC only: dig + nondig + controls,NUTS2_lenient,x_dig+x_nondig+ln_gvapc04+ind_share04
g_ind,x_dig_acc,200,17,3.3237631606300244,4.513717743014496,PL,0.349131133796258,0.5834756291342535,-0.043496276223750324,0.19701995106599401,-0.2207709218706524,0.8252708059265008,0.8280633791860375,-0.46115991454086336,0.37416736209336265,0.34365949616446545,0.8392839283928393,9999,0.8355835583558355,C interaction: dig x ACC (own-group slopes for dig & nondig),NUTS2_lenient,x_dig+x_dig_acc+x_nondig+x_nondig_acc+ln_gvapc04+ind_share04
g_ind,xd,200,17,9.983230821246499,4.227169911602872,FI,0.40163150852860885,0.35704991263427693,-0.03616127094037405,0.12056365819374536,-0.2999350839393329,0.7642266724933566,0.7680882866218786,-0.29174480883879483,0.21942226695804676,1.086431715862159,0.7821782178217822,9999,0.7799779977997799,D depreciation d10,NUTS2_lenient,xd+xn+ln_gvapc04+ind_share04
g_ind,xd,200,17,9.644140044272207,4.091451290987209,FI,0.40909261578306244,0.35040298737237296,-0.03521236650662771,0.11831921673903927,-0.29760479723501615,0.7660048127378762,0.7698342307140225,-0.28603790107142524,0.2156131680581698,1.0552402133985475,0.787078707870787,9999,0.7775777577757775,D depreciation d20,NUTS2_lenient,xd+xn+ln_gvapc04+ind_share04
g_ind,xd,200,17,10.330533780319747,4.162049445759128,FI,0.36751846335117816,0.3655293359928007,-0.01681608537975207,0.12342687216832561,-0.13624330815755287,0.8916289393814645,0.8933284501618948,-0.2784693657556899,0.24483719499618575,1.1497022206785557,0.9008900890089009,9999,0.9056905690569057,D depreciation cum,NUTS2_lenient,xd+xn+ln_gvapc04+ind_share04
g_ind,xd,200,17,10.012345217870696,5.146261866450833,FI,0.34902981034746855,0.308619929521059,-0.07320533693370312,0.10421049376552269,-0.702475674843435,0.4823825664902808,0.4924769721928839,-0.2941217149016982,0.14771104103429195,1.1431928161776137,0.5168516851685169,9999,0.5252525252525253,D normalised per emp,NUTS2_lenient,xd+xn+ln_gvapc04+ind_share04
g_ind,xd,200,17,7.704904203120627,3.6047528018630075,FI,0.4153761552079183,0.601504261441682,0.02714662309050406,0.20310760936333663,0.13365635672438944,0.8936743177109083,0.8953410035898073,-0.40342227431099376,0.4577155204920019,0.6777721007350804,0.9068906890689069,9999,0.9101910191019101,D normalised per gva,NUTS2_lenient,xd+xn+ln_gvapc04+ind_share04
g_ind,xd,200,17,9.285742334654053,3.967871354727729,FI,0.40326028982232576,0.4096171763010619,-0.02902163717935298,0.13831384208860717,-0.20982453195654144,0.833804625515095,0.8364531147218726,-0.3222338839786431,0.2641906096199372,0.9773899151150611,0.8464846484648465,9999,0.8521852185218521,D log1p instead of asinh,NUTS2_lenient,xd+xn+ln_gvapc04+ind_share04
g_ind,x_digb,200,17,10.554047171498409,5.148306046151312,FI,0.2623518510367582,0.4318271019691379,-0.1152644314347819,0.1458133814863304,-0.7904928221254345,0.4292400125119442,0.44080005508637043,-0.4243749915450241,0.19384612867546033,1.0624951721344653,0.47184718471847187,9999,0.4675467546754675,"D broad digital (+H01,G05,G08,G09) vs matching non-digital",NUTS2_lenient,x_digb+x_nondigb+ln_gvapc04+ind_share04
g_ind,x_dig,200,17,9.151383919260034,3.755329216730268,FI,0.4651567817690401,0.31802483687087574,-0.010498678288944638,0.10738621232739386,-0.09776560753383105,0.9221184177263877,0.9233326838091473,-0.2381472788650857,0.21714992228719643,1.0683259205404962,0.9297929792979298,9999,0.9265926592659266,"D comparison field = mech/chem (B,C,F sections) instead of non-digital",NUTS2_lenient,x_dig+x_mechchem+ln_gvapc04+ind_share04
g_ind,x_dig,200,17,9.089705289300468,6.774710739170093,IT,0.22101375379812452,0.308863838946287,0.11694375166270088,0.10429285371446223,1.1213016759794,0.26215947240271875,0.2787071504802121,-0.1041472215974947,0.33803472492289643,1.0683259205404962,0.3047304730473047,9999,0.30893089308930893,D + ln population control,NUTS2_lenient,x_dig+x_nondig+ln_pop04+ln_gvapc04+ind_share04
g_ind_smooth,x_dig,200,17,9.801571160406317,3.615756358633561,FI,0.467574622251091,0.33871352769093743,-0.00722772116956703,0.1143720822583043,-0.06319480267259225,0.9496113833757047,0.9503941440507884,-0.24968570443191554,0.2352302620927815,1.0683259205404962,0.9562956295629563,9999,0.9515951595159516,D outcome: 3-yr endpoint averages,NUTS2_lenient,x_dig+x_nondig+ln_gvapc04+ind_share04
g_man,x_dig,200,17,9.801571160406317,3.2180551819021854,FI,0.43579024980139974,0.4614360899855747,-0.0805408704268329,0.1558113335495,-0.5169127854312711,0.6052170420728451,0.6122884589209061,-0.41084614209714837,0.2497644012434826,1.0683259205404962,0.6484648464846484,9999,0.6516651665166516,D outcome: manufacturing (C) growth,NUTS2_lenient,x_dig+x_nondig+ln_gvapc04+ind_share04
g_tot,x_dig,200,17,9.801571160406317,5.516716358828875,DE,0.2888549379994641,0.17103545039090565,0.030611728216697182,0.05775287669952184,0.5300468126629375,0.5960794743140201,0.603358171201422,-0.09181890114389088,0.15304235757728524,1.0683259205404962,0.6045604560456046,9999,0.6094609460946094,D outcome: TOTAL-economy GVA growth (specificity check),NUTS2_lenient,x_dig+x_nondig+ln_gvapc04+ind_share04
g_ind_0512,x_dig,200,17,9.801571160406317,4.111389438157559,FI,0.40491044106081,0.5487785381233683,-0.25400342935431985,0.1853039190129671,-1.3707396514185182,0.1704561294715925,0.18938009372301146,-0.646830189236375,0.13882333052773532,1.0683259205404962,0.20572057205720573,9999,0.20622062206220623,D outcome: growth 2005-2012 only,NUTS2_lenient,x_dig+x_nondig+ln_gvapc04+ind_share04
g_ind_1219,x_dig,200,17,9.801571160406317,5.399221626610044,IT,0.32446844155571175,0.35637397045080654,0.17945184913242343,0.12033541542016392,1.4912638021470919,0.13589224852903703,0.15534405131061568,-0.07564783570077313,0.43455153396561996,1.0683259205404962,0.20652065206520653,9999,0.2084208420842084,D outcome: growth 2012-2019 only,NUTS2_lenient,x_dig+x_nondig+ln_gvapc04+ind_share04
g_ind_0004,x99_dig,174,18,7.8176704870850635,3.379404342256002,BG,0.513104436768628,0.5100360861204517,-0.24456272373111365,0.17281066412710264,-1.4152062025016998,0.1570080464945789,0.1750658985943565,-0.6091613549221957,0.12003590745996845,1.1050853405396588,0.16703340668133626,4999,0.16383276655331067,P0 FE: stock through 1999 (predetermined for 2000-04): dig,NUTS2,x99_dig+x99_nondig+ln_gvapc00+ind_share00
g_ind_0004,xP_dig,174,18,8.652318207913536,7.33749883638598,BG,0.22033349878996938,0.6738423134382924,-0.08840441944046258,0.2283115663206506,-0.3872095525651276,0.6986010787698638,0.7034057587656921,-0.5700997186632955,0.39329087978237026,1.098542515870416,0.7015403080616123,4999,0.7039407881576315,P1 FE: stock 2005-12 ONLY (future) : dig  [PLACEBO],NUTS2,xP_dig+xP_nondig+ln_gvapc00+ind_share00
g_ind_0004,x99_dig,174,18,7.895142766578429,6.193656032259792,BG,0.30268307383534737,0.5329129239057728,-0.29556266350883,0.18056180495496105,-1.6369057873704491,0.10165015650709974,0.1200267126852943,-0.6765147723645075,0.08538944534684761,1.1050853405396588,0.11342268453690738,4999,0.11622324464892979,P2 FE: both windows in one model: dig(1999 stock),NUTS2,x99_dig+xP_dig+x99_nondig+xP_nondig+ln_gvapc00+ind_share00
g_ind_0004,xP_dig,174,18,10.20000527335175,7.428946124930358,PL,0.22891345911349698,0.7158191165804082,0.0930841246207838,0.24253416630195573,0.3837979862387463,0.701128180728896,0.7058859772690771,-0.4186182375998984,0.6047864868414661,1.098542515870416,0.7025405081016203,4999,0.7071414282856572,P2 FE: both windows in one model: dig(2005-12 flow),NUTS2,x99_dig+xP_dig+x99_nondig+xP_nondig+ln_gvapc00+ind_share00
g_ind_0004,x04_dig,174,18,8.8342725946123,2.9520912745317736,IT,0.5130710347811666,0.667592855973752,-0.16336143795969288,0.2261941222333194,-0.7222178735094869,0.47016053608806496,0.47997825501187186,-0.6405893206618832,0.3138664447424975,1.1020915020217434,0.5505101020204041,4999,0.5601120224044809,P3 FE: stock through 2004 (baseline of main design) on 2000-04 growth [overlaps],NUTS2,x04_dig+x04_nondig+ln_gvapc00+ind_share00
g_tot_0004,x99_dig,174,18,7.8176704870850635,4.0673671408914425,BG,0.43945549010522966,0.23468784197479248,-0.14753270051641248,0.07951704386783809,-1.8553594718840447,0.06354491077706581,0.08096925003795463,-0.3152989983720324,0.020233597339207432,1.1050853405396588,0.07201440288057612,4999,0.07181436287257452,P4 FE: total-economy growth 2000-04 on stock through 1999,NUTS2,x99_dig+x99_nondig+ln_gvapc00+ind_share00
g_ind_0004,x99_dig,959,24,3.392250081753616,7.786152314141994,IT,0.20188134849931003,0.20870172326148662,-0.10134303545598336,0.07171245683348135,-1.4131859363193369,0.15760106055608225,0.1709923431937943,-0.24969155504641205,0.04700548413444533,1.417617665000557,0.14862972594518903,4999,0.14242848569713942,P0 FE: stock through 1999 (predetermined for 2000-04): dig,NUTS3,x99_dig+x99_nondig+ln_gvapc00+ind_share00
g_ind_0004,xP_dig,959,24,5.554889317266927,4.057998227309825,DE,0.418065774859346,0.331461343994474,-0.1265855967726324,0.11389415933758071,-1.1114318548805866,0.26638250712031386,0.27786612455881476,-0.3621936162685985,0.10902242272333368,1.384678661240864,0.27185437087417486,4999,0.27265453090618125,P1 FE: stock 2005-12 ONLY (future) : dig  [PLACEBO],NUTS3,xP_dig+xP_nondig+ln_gvapc00+ind_share00
g_ind_0004,x99_dig,959,24,3.445838374025019,6.878979696819014,SE,0.24685057360673776,0.21000550480848185,-0.1412711013299117,0.07216045207016678,-1.9577358134140246,0.05026102055943449,0.06250159955780155,-0.29054636967614117,0.008004167016317787,1.417617665000557,0.26685337067413484,4999,0.2478495699139828,P2 FE: both windows in one model: dig(1999 stock),NUTS3,x99_dig+xP_dig+x99_nondig+xP_nondig+ln_gvapc00+ind_share00
g_ind_0004,xP_dig,959,24,5.620750206943184,2.8739743914566387,DE,0.5530811559164176,0.4709441889841364,0.01214954274144293,0.16182216560420748,0.07507959553055836,0.9401513824037964,0.9408005979418905,-0.32260511167019246,0.3469041971530783,1.384678661240864,0.9551910382076415,4999,0.955991198239648,P2 FE: both windows in one model: dig(2005-12 flow),NUTS3,x99_dig+xP_dig+x99_nondig+xP_nondig+ln_gvapc00+ind_share00
g_ind_0004,x04_dig,959,24,4.74239597840066,6.163290924031484,SE,0.27896725098827774,0.2944113796431957,-0.14878496941064517,0.10116333983258731,-1.4707399899693476,0.1413614469524591,0.15491104363576613,-0.3580572822507354,0.060487343429445034,1.36635232198882,0.21264252850570114,4999,0.21304260852170434,P3 FE: stock through 2004 (baseline of main design) on 2000-04 growth [overlaps],NUTS3,x04_dig+x04_nondig+ln_gvapc00+ind_share00
g_tot_0004,x99_dig,959,24,3.392250081753616,2.4649255851258984,DE,0.5669080988858267,0.1360407078275293,0.026024700564301707,0.04674524596739763,0.5567347015876776,0.5777087038429005,0.5830859481874913,-0.07067520825706575,0.12272460938566915,1.417617665000557,0.7635527105421084,4999,0.742748549709942,P4 FE: total-economy growth 2000-04 on stock through 1999,NUTS3,x99_dig+x99_nondig+ln_gvapc00+ind_share00
g_ind_0004,x99_dig,189,16,7.522496526785353,7.496949245716137,BG,0.21630404509648818,0.5878927466509885,-0.22631134862656468,0.19774064900095636,-1.1444857178832772,0.2524222575857209,0.27035701004924784,-0.6477855650783482,0.19516286782521883,1.0804994599141595,0.24764952990598119,4999,0.24664932986597318,P0 FE: stock through 1999 (predetermined for 2000-04): dig,NUTS2_lenient,x99_dig+x99_nondig+ln_gvapc00+ind_share00
g_ind_0004,xP_dig,189,16,8.52853506961135,4.755584596246954,PL,0.35749286243626877,0.9018493665745744,-0.01548505479433311,0.3033415194581869,-0.05104825353941565,0.9592870698806488,0.9599606616657381,-0.6620421985928974,0.6310720890042311,1.0833636965493763,0.9637927585517103,4999,0.9591918383676735,P1 FE: stock 2005-12 ONLY (future) : dig  [PLACEBO],NUTS2_lenient,xP_dig+xP_nondig+ln_gvapc00+ind_share00
g_ind_0004,x99_dig,189,16,7.159311221345218,3.6336256137556244,PL,0.43594219013612634,0.6987355936665811,-0.3102111002019941,0.23502319183013173,-1.3199169740925232,0.186862739704718,0.2066526560354689,-0.8111511756243364,0.1907289752203481,1.0804994599141595,0.22224444888977796,4999,0.22104420884176834,P2 FE: both windows in one model: dig(1999 stock),NUTS2_lenient,x99_dig+xP_dig+x99_nondig+xP_nondig+ln_gvapc00+ind_share00
g_ind_0004,xP_dig,189,16,9.470197139239318,2.909949420948748,PL,0.5603659370438022,0.9462368544054701,0.17076021333226032,0.31827147173469306,0.5365237807886338,0.5915966050071995,0.5994642826644017,-0.5076193704612921,0.8491397971258128,1.0833636965493763,0.6805361072214443,4999,0.6721344268853771,P2 FE: both windows in one model: dig(2005-12 flow),NUTS2_lenient,x99_dig+xP_dig+x99_nondig+xP_nondig+ln_gvapc00+ind_share00
g_ind_0004,x04_dig,189,16,9.157816144836389,2.6798393035468187,IT,0.5947527592006261,0.6578736823024863,-0.254955760845588,0.22127908473137123,-1.1521909590104265,0.2492426120332336,0.26727564232735457,-0.7266009654381522,0.21668944374697624,1.0714162550902293,0.34886977395479096,4999,0.35807161432286455,P3 FE: stock through 2004 (baseline of main design) on 2000-04 growth [overlaps],NUTS2_lenient,x04_dig+x04_nondig+ln_gvapc00+ind_share00
g_tot_0004,x99_dig,189,16,7.522496526785353,4.611108714642757,BG,0.4121107097880166,0.19678098942766076,-0.12872698083802897,0.06618826441071307,-1.9448611016486108,0.05179169777459891,0.07078533748067506,-0.2698039269376336,0.012349965261575668,1.0804994599141595,0.06021204240848169,4999,0.0650130026005201,P4 FE: total-economy growth 2000-04 on stock through 1999,NUTS2_lenient,x99_dig+x99_nondig+ln_gvapc00+ind_share00
