NUTS_ID,year,co2_region_t,log_emissions,d_log_emissions,dii_regional_composite,n_components,CNTR_CODE
AT11,2023,,,,-0.8238926716902858,3.0,AT
AT12,2023,,,,-0.21694294675588496,4.0,AT
AT12,2024,,,,0.3595299120143741,2.0,AT
AT12,2025,,,,0.5209851039062248,4.0,AT
AT13,2023,,,,0.6076310163564944,3.0,AT
AT13,2025,,,,0.6317720185635052,3.0,AT
AT21,2023,,,,-0.44167102654795215,3.0,AT
AT21,2024,,,,1.260282448666006,1.0,AT
AT21,2025,,,,-0.14488121625167433,2.0,AT
AT22,2023,,,,-0.1528138555106362,4.0,AT
AT22,2024,,,,0.47621898854510514,2.0,AT
AT22,2025,,,,0.2854716048038105,4.0,AT
AT31,2023,,,,0.08883861811240909,4.0,AT
AT31,2024,,,,1.0313068924655833,2.0,AT
AT31,2025,,,,0.8957546138694046,4.0,AT
AT32,2023,,,,0.23840128157764123,2.0,AT
AT32,2024,,,,2.100156712983974,1.0,AT
AT32,2025,,,,-1.37610135742267,1.0,AT
AT33,2023,,,,-0.12633440555589032,1.0,AT
AT33,2025,,,,0.32713709895053034,3.0,AT
AT34,2023,,,,-0.15878456726677187,2.0,AT
AT34,2025,,,,0.21504291661958436,2.0,AT
BG31,2010,308000000.0,19.54561034093785,,,,BG
BG31,2011,745000000.0,20.428894776343835,0.8832844354059866,,,BG
BG31,2012,843000000.0,20.552477515966128,0.12358273962229305,,,BG
BG31,2013,702000000.0,20.369443961990086,-0.18303355397604193,,,BG
BG31,2014,769000000.0,20.46060152746992,0.09115756547983267,,,BG
BG31,2015,873000000.0,20.587446113803875,0.1268445863339558,,,BG
BG31,2016,835000000.0,20.54294228281513,-0.04450383098874511,,,BG
BG31,2017,843000000.0,20.552477515966128,0.009535233150998579,,,BG
BG31,2018,848957089.0,20.559519200006527,0.007041684040398621,,,BG
BG31,2019,854256725.0,20.56574232133138,0.006223121324854475,,,BG
BG31,2020,760395000.0,20.449348593070344,-0.11639372826103767,,,BG
BG31,2021,731022519.0,20.40995482298512,-0.03939377008522271,,,BG
BG31,2022,729574127.0,20.407971534198676,-0.0019832887864446036,,,BG
BG31,2023,773848354.0,20.46688648729358,0.058914953094902245,-1.500537533794449,2.0,BG
BG31,2024,,,,-0.9572599934142358,2.0,BG
BG31,2025,,,,-1.441768336257014,4.0,BG
BG32,2021,242322000.0,19.305777978198222,,,,BG
BG32,2023,119321100.0,18.59732873647547,-0.7084492417227537,-1.2983641291144998,2.0,BG
BG32,2024,,,,-1.2905770584781635,2.0,BG
BG32,2025,,,,-1.2344454533005358,4.0,BG
BG33,2022,102524000.0,18.445607475476223,,,,BG
BG33,2023,,,,-1.37912773960749,2.0,BG
BG33,2024,,,,-1.1072863545086784,2.0,BG
BG33,2025,,,,-1.0590339492170673,4.0,BG
BG34,2023,,,,-1.277820520973833,2.0,BG
BG34,2024,,,,-1.5100317095398275,2.0,BG
BG34,2025,,,,-1.375303917307285,4.0,BG
BG41,2020,591099434.0,20.197494808257343,,,,BG
BG41,2021,752943000.0,20.439500085687833,0.24200527743048994,,,BG
BG41,2022,810331000.0,20.512953364134674,0.07345327844684135,,,BG
BG41,2023,823286000.0,20.52881420738704,0.015860843252365697,-1.314629657437227,2.0,BG
BG41,2024,,,,-0.9336849468399389,2.0,BG
BG41,2025,,,,-0.8315599092715106,4.0,BG
BG42,2018,646815991.1,20.28757240876915,,,,BG
BG42,2019,615056727.0,20.237225060541427,-0.05034734822772435,,,BG
BG42,2020,651694150.0,20.295085914739378,0.057860854197951284,,,BG
BG42,2021,652712344.0,20.296647075637427,0.001561160898049252,,,BG
BG42,2022,530092990.0,20.088563001950583,-0.20808407368684456,,,BG
BG42,2023,489856656.0,20.00962336749562,-0.07893963445496155,-1.3527965820700398,2.0,BG
BG42,2024,,,,-0.8770329938377095,2.0,BG
BG42,2025,,,,-1.02864528351593,4.0,BG
CY00,2007,1140000000.0,20.854294099352817,,,,CY
CY00,2008,1130000000.0,20.84548346967066,-0.008810629682155735,,,CY
CY00,2009,1040000000.0,20.76248655009969,-0.0829969195709701,,,CY
CY00,2010,789000000.0,20.48627687881015,-0.27620967128954277,,,CY
CY00,2011,819000000.0,20.523594641817343,0.037317763007195026,,,CY
CY00,2012,798000000.0,20.497619155414082,-0.025975486403261527,,,CY
CY00,2013,3990000000.0,22.10705706784818,1.6094379124340996,,,CY
CY00,2014,4430000000.0,22.211665421003456,0.10460835315527461,,,CY
CY00,2015,4340000000.0,22.191140185058725,-0.020525235944731435,,,CY
CY00,2016,4600000000.0,22.24932214044146,0.05818195538273585,,,CY
CY00,2017,4600000000.0,22.24932214044146,0.0,,,CY
CY00,2018,4510000000.0,22.229562990460998,-0.019759149980462354,,,CY
CY00,2019,4400000000.0,22.204870377870627,-0.024692612590371255,,,CY
CY00,2020,4230000000.0,22.165467830004598,-0.039402547866028925,,,CY
CY00,2021,4240000000.0,22.16782910619028,0.0023612761856810494,,,CY
CY00,2022,4270000000.0,22.174879664186946,0.007050557996667095,,,CY
CY00,2023,4249000000.0,22.169949498079085,-0.004930166107861567,,,CY
CZ01,2010,380000000.0,19.755681810684706,,,,CZ
CZ01,2011,827000000.0,20.533315252987965,0.7776334423032587,,,CZ
CZ01,2012,520300000.0,20.069916126260534,-0.4633991267274311,,,CZ
CZ01,2013,520100000.0,20.0695316587433,-0.000384467517232423,,,CZ
CZ01,2014,530700000.0,20.089707447798123,0.020175789054821536,,,CZ
CZ01,2015,523000000.0,20.075092022029196,-0.014615425768926826,,,CZ
CZ01,2016,515600000.0,20.060841829029307,-0.014250192999888611,,,CZ
CZ01,2017,538800000.0,20.104855002500482,0.04401317347117484,,,CZ
CZ01,2018,616513262.0,20.239590392097234,0.13473538959675224,,,CZ
CZ01,2019,625030421.0,20.253310880116153,0.013720488018918786,,,CZ
CZ01,2020,630302552.0,20.261710503340762,0.008399623224608632,,,CZ
CZ01,2021,604309338.9,20.219596775291475,-0.04211372804928715,,,CZ
CZ01,2022,532244127.8,20.092612828891657,-0.12698394639981814,,,CZ
CZ01,2025,,,,1.114397084454004,4.0,CZ
CZ02,2010,9317000000.0,22.9551065254147,,,,CZ
CZ02,2011,9945000000.0,23.020335749252347,0.06522922383764751,,,CZ
CZ02,2012,9237000000.0,22.946482994556884,-0.07385275469546215,,,CZ
CZ02,2013,6307590000.0,22.565019507105394,-0.38146348745149083,,,CZ
CZ02,2014,8468000000.0,22.859560190219028,0.29454068311363457,,,CZ
CZ02,2015,8764000000.0,22.89391825867963,0.03435806846060174,,,CZ
CZ02,2016,8475000000.0,22.860386490212925,-0.03353176846670536,,,CZ
CZ02,2017,8374600000.0,22.84846915232291,-0.011917337890015034,,,CZ
CZ02,2018,7800963519.739599,22.777513091184723,-0.07095606113818675,,,CZ
CZ02,2019,7761741285.03767,22.77247253837109,-0.00504055281363236,,,CZ
CZ02,2020,6261992045.0079,22.55776418949017,-0.21470834888091872,,,CZ
CZ02,2021,5987968520.2369995,22.513018046348524,-0.04474614314164782,,,CZ
CZ02,2022,5993981679.19874,22.51402174931281,0.0010037029642866457,,,CZ
CZ02,2025,,,,0.5718491910370882,4.0,CZ
CZ03,2010,1022000000.0,20.745027328727925,,,,CZ
CZ03,2011,1941000000.0,21.386469141133283,0.6414418124053576,,,CZ
CZ03,2012,1938000000.0,21.384922350414985,-0.0015467907182973306,,,CZ
CZ03,2013,1963000000.0,21.397739752240735,0.012817401825749641,,,CZ
CZ03,2014,1772000000.0,21.2953746891293,-0.102365063111435,,,CZ
CZ03,2015,1758000000.0,21.287442636209395,-0.007932052919905175,,,CZ
CZ03,2016,1358122000.0,21.029368700044778,-0.2580739361646174,,,CZ
CZ03,2017,1325000000.0,21.004678296384597,-0.024690403660180493,,,CZ
CZ03,2018,1354458000.0,21.026667211256736,0.021988914872139276,,,CZ
CZ03,2019,1415189000.0,21.070528928026675,0.04386171676993911,,,CZ
CZ03,2020,890165000.0,20.60691739676568,-0.4636115312609945,,,CZ
CZ03,2021,1058948320.0,20.780542101619456,0.17362470485377557,,,CZ
CZ03,2022,813901350.0,20.51734972497632,-0.2631923766431363,,,CZ
CZ03,2025,,,,0.5233061207273527,4.0,CZ
CZ04,2010,34401400000.0,24.261363098172055,,,,CZ
CZ04,2011,32378000000.0,24.200745016765726,-0.06061808140632863,,,CZ
CZ04,2012,29372000000.0,24.103307676535774,-0.09743734022995199,,,CZ
CZ04,2013,28813600000.0,24.08411333484871,-0.01919434168706502,,,CZ
CZ04,2014,26967000000.0,24.017879733205785,-0.06623360164292436,,,CZ
CZ04,2015,27807000000.0,24.048553624508216,0.030673891302431144,,,CZ
CZ04,2016,29737900000.0,24.115688163514868,0.067134539006652,,,CZ
CZ04,2017,30174000000.0,24.130246463364294,0.014558299849426248,,,CZ
CZ04,2018,29431594904.01046,24.105334590860007,-0.024911872504286947,,,CZ
CZ04,2019,28903609931.22085,24.087232335378964,-0.018102255481043272,,,CZ
CZ04,2020,22203792605.05361,23.82352894929896,-0.2637033860800031,,,CZ
CZ04,2021,25473654323.24996,23.960910591235066,0.13738164193610558,,,CZ
CZ04,2022,25100086216.255028,23.94613711798881,-0.014773473246258106,,,CZ
CZ04,2025,,,,0.268553399154715,4.0,CZ
CZ05,2010,7540000000.0,22.743488018966275,,,,CZ
CZ05,2011,4978000000.0,22.328294040891812,-0.4151939780744627,,,CZ
CZ05,2012,7216000000.0,22.699566619706733,0.3712725788149207,,,CZ
CZ05,2013,6163000000.0,22.54182950892652,-0.15773711078021435,,,CZ
CZ05,2014,6793000000.0,22.639158507155575,0.09732899822905594,,,CZ
CZ05,2015,6100000000.0,22.531554608125678,-0.10760389902989687,,,CZ
CZ05,2016,4902532000.0,22.31301764329547,-0.21853696483020713,,,CZ
CZ05,2017,6430000000.0,22.58424037519594,0.27122273190046897,,,CZ
CZ05,2018,7666716145.84499,22.760154217992493,0.17591384279655387,,,CZ
CZ05,2019,6439890795.86241,22.585777419754677,-0.17437679823781593,,,CZ
CZ05,2020,4849790280.76123,22.30220129988072,-0.28357611987395615,,,CZ
CZ05,2021,5662129089.11326,22.45706582258379,0.15486452270306827,,,CZ
CZ05,2022,6715208629.61322,22.627640735629328,0.17057491304553807,,,CZ
CZ05,2025,,,,0.5978216211265612,4.0,CZ
CZ06,2010,1458700000.0,21.10081146505644,,,,CZ
CZ06,2011,1510900000.0,21.13597133671007,0.03515987165362944,,,CZ
CZ06,2012,1349700000.0,21.02314818247951,-0.11282315423056133,,,CZ
CZ06,2013,979023000.0,20.702065693579392,-0.32108248890011737,,,CZ
CZ06,2014,877100000.0,20.59213156892161,-0.10993412465778363,,,CZ
CZ06,2015,1045330000.0,20.76759846198587,0.1754668930642609,,,CZ
CZ06,2016,1030530000.0,20.753339069952553,-0.014259392033316942,,,CZ
CZ06,2017,1107240000.0,20.82513626934274,0.07179719939018625,,,CZ
CZ06,2018,1210198065.38,20.914049873555943,0.08891360421320371,,,CZ
CZ06,2019,1241468198.92,20.93956054753811,0.02551067398216844,,,CZ
CZ06,2020,1051267010.8,20.77326195061873,-0.16629859691938265,,,CZ
CZ06,2021,1096863536.36,20.815720613382123,0.04245866276339427,,,CZ
CZ06,2022,986804616.47052,20.709982620831596,-0.10573799255052663,,,CZ
CZ06,2025,,,,0.7953593520162204,4.0,CZ
CZ07,2010,2120000000.0,21.474681925630332,,,,CZ
CZ07,2011,2813000000.0,21.75751736645413,0.2828354408237992,,,CZ
CZ07,2012,2605000000.0,21.680698512151743,-0.07681885430238822,,,CZ
CZ07,2013,2338000000.0,21.57256169999629,-0.10813681215545401,,,CZ
CZ07,2014,2367000000.0,21.58488916747826,0.012327467481970444,,,CZ
CZ07,2015,2399000000.0,21.59831782080397,0.013428653325711082,,,CZ
CZ07,2016,2451000000.0,21.619761941492385,0.021444120688414614,,,CZ
CZ07,2017,2445000000.0,21.617310959873247,-0.0024509816191375933,,,CZ
CZ07,2018,2445724041.70377,21.61760704761113,0.00029608773788325493,,,CZ
CZ07,2019,2417329744.85198,21.60592935669048,-0.011677690920649297,,,CZ
CZ07,2020,2220783851.6441298,21.521126056836476,-0.08480329985400559,,,CZ
CZ07,2021,2212932750.74326,21.51758450927671,-0.0035415475597666557,,,CZ
CZ07,2022,2026739909.64218,21.42969438322943,-0.0878901260472773,,,CZ
CZ07,2025,,,,0.8877060042337512,4.0,CZ
CZ08,2010,10021900000.0,23.028038535385868,,,,CZ
CZ08,2011,12234600000.0,23.22753384021303,0.19949530482716327,,,CZ
CZ08,2012,11191027800.0,23.138378204918258,-0.0891556352947731,,,CZ
CZ08,2013,11586400000.0,23.17309783345092,0.034719628532663194,,,CZ
CZ08,2014,11332600000.0,23.150949364918596,-0.022148468532325438,,,CZ
CZ08,2015,11328400000.0,23.150578684008828,-0.00037068090976788426,,,CZ
CZ08,2016,14515100000.0,23.398455323824006,0.24787663981517838,,,CZ
CZ08,2017,10140800000.0,23.039832727460876,-0.35862259636313,,,CZ
CZ08,2018,12791183654.85706,23.27202199359186,0.2321892661309839,,,CZ
CZ08,2019,10916121445.63079,23.11350656520064,-0.1585154283912189,,,CZ
CZ08,2020,10797597793.41007,23.10258951980003,-0.010917045400610448,,,CZ
CZ08,2021,12220408624.86861,23.226373229154408,0.12378370935437744,,,CZ
CZ08,2022,10978143444.09368,23.119172173493904,-0.10720105566050364,,,CZ
CZ08,2025,,,,0.6602778497620705,4.0,CZ
DE11,2009,3351000000.0,21.932524645701584,,,,DE
DE11,2010,3557300000.0,21.992267667092825,0.05974302139124177,,,DE
DE11,2011,50000000.0,17.72753356339242,-4.264734103700405,,,DE
DE11,2012,669000000.0,20.3212946180925,2.5937610547000816,,,DE
DE11,2013,488000000.0,20.005825963817422,-0.31546865427507953,,,DE
DE11,2014,542800000.0,20.11225148592499,0.10642552210756762,,,DE
DE11,2015,911100000.0,20.630163218684086,0.5179117327590959,,,DE
DE11,2016,837100000.0,20.545454095630284,-0.08470912305380196,,,DE
DE11,2017,912200000.0,20.631369822241876,0.08591572661159219,,,DE
DE11,2023,80000230.0,18.197540067634023,-2.433829754607853,,,DE
DE11,2024,327469056.0,19.60690412307936,1.4093640554453373,,,DE
DE12,2009,619000000.0,20.24361583064887,,,,DE
DE12,2010,454000000.0,19.93360775600562,-0.31000807464324964,,,DE
DE12,2011,456000000.0,19.93800336747866,0.0043956114730399065,,,DE
DE12,2012,1213000000.0,20.916362466908325,0.9783590994296638,,,DE
DE12,2013,1336000000.0,21.012945912060864,0.09658344515253958,,,DE
DE12,2014,1143000000.0,20.856922221759085,-0.15602369030177954,,,DE
DE12,2015,1278000000.0,20.968562192901754,0.11163997114266877,,,DE
DE12,2016,1471000000.0,21.109208278565713,0.14064608566395975,,,DE
DE12,2017,1618000000.0,21.20445665558271,0.09524837701699695,,,DE
DE12,2018,2689000000.0,21.71243521423314,0.5079785586504286,,,DE
DE12,2019,2650000000.0,21.69782547694454,-0.014609737288598268,,,DE
DE12,2020,2631000000.0,21.69062983900457,-0.007195637939972244,,,DE
DE12,2021,3019000000.0,21.828191487671113,0.1375616486665443,,,DE
DE12,2022,2914000000.0,21.792792544719426,-0.03539894295168722,,,DE
DE12,2024,440823595.01,19.90415534207006,-1.8886372026493667,,,DE
DE13,2009,316000000.0,19.571252771551187,,,,DE
DE13,2010,166000000.0,18.927498346320817,-0.6437544252303695,,,DE
DE13,2011,559000000.0,20.141660031119372,1.2141616847985546,,,DE
DE13,2012,291414000.0,19.49025549449718,-0.6514045366221914,,,DE
DE13,2013,205500000.0,19.140956591900565,-0.34929890259661533,,,DE
DE13,2014,221005000.0,19.21369588366049,0.07273929175992322,,,DE
DE13,2015,236391000.0,19.280997771705508,0.06730188804501935,,,DE
DE13,2016,225302000.0,19.23295228241589,-0.04804548928961694,,,DE
DE13,2017,222248000.0,19.21930443344266,-0.013647848973231902,,,DE
DE14,2009,740000000.0,20.42216074416249,,,,DE
DE14,2010,608000000.0,20.22568543993044,-0.19647530423204884,,,DE
DE14,2011,612000000.0,20.2322428404766,0.006557400546160608,,,DE
DE14,2012,1006700000.0,20.72994349169965,0.49770065122304885,,,DE
DE14,2013,1693000000.0,21.24976794009741,0.5198244483977597,,,DE
DE14,2014,1656000000.0,21.22767089290948,-0.022097047187930485,,,DE
DE14,2015,1666000000.0,21.233691380691063,0.006020487781583483,,,DE
DE14,2016,1387000000.0,21.050408978279105,-0.18328240241195815,,,DE
DE14,2017,1288000000.0,20.976356464628573,-0.07405251365053189,,,DE
DE14,2021,459000000.0,19.944560768024818,-1.031795696603755,,,DE
DE14,2023,413577000.0,19.840354270327907,-0.10420649769691082,,,DE
DE21,2009,3103350000.0,21.855748010122134,,,,DE
DE21,2010,2751000000.0,21.73523031888885,-0.12051769123328526,,,DE
DE21,2011,1683600000.0,21.24420019486069,-0.4910301240281605,,,DE
DE21,2012,1412564000.0,21.06867232969293,-0.17552786516775853,,,DE
DE21,2013,1418180000.0,21.07264019635143,0.00396786665849902,,,DE
DE21,2014,1360180000.0,21.03088288087767,-0.041757315473759604,,,DE
DE21,2015,1448860000.0,21.094042877259614,0.0631599963819447,,,DE
DE21,2016,1595930000.0,21.190722475363042,0.09667959810342808,,,DE
DE21,2017,1411520000.0,21.06793297488085,-0.12278950048219173,,,DE
DE21,2018,4711500000.0,22.273272165611086,1.2053391907302355,,,DE
DE21,2019,4502000000.0,22.227787579430952,-0.045484586180133846,,,DE
DE21,2020,1466000000.0,21.10580344041087,-1.121984139020082,,,DE
DE21,2021,1536200000.0,21.152577671528856,0.046774231117986176,,,DE
DE21,2022,554200000.0,20.133036190393153,-1.019541481135704,,,DE
DE21,2023,728900000.0,20.40704710635244,0.2740109159592876,,,DE
DE21,2024,633800000.0,20.267244005221094,-0.13980310113134564,,,DE
DE22,2009,292000000.0,19.492264360232557,,,,DE
DE22,2010,307000000.0,19.54235830555147,0.05009394531891331,,,DE
DE22,2011,303500000.0,19.530892168463826,-0.011466137087644768,,,DE
DE22,2012,296000000.0,19.505870012288334,-0.025022156175491972,,,DE
DE22,2013,117000000.0,18.57768449276203,-0.928185519526302,,,DE
DE22,2014,113000000.0,18.542898376676614,-0.03478611608541726,,,DE
DE22,2015,118000000.0,18.58619518242994,0.043296805753325174,,,DE
DE22,2016,119000000.0,18.594634051075804,0.008438868645864517,,,DE
DE22,2017,130000000.0,18.683045008419857,0.08841095734405258,,,DE
DE22,2018,1223000000.0,20.924572693651445,2.2415276852315884,,,DE
DE22,2019,1235000000.0,20.93433680702635,0.009764113374906458,,,DE
DE22,2020,906000000.0,20.624549864007253,-0.30978694301909826,,,DE
DE22,2021,1001000000.0,20.724265337279494,0.09971547327224073,,,DE
DE22,2022,1135000000.0,20.849898487879777,0.12563315060028302,,,DE
DE22,2023,814000000.0,20.517470923966815,-0.3324275639129617,,,DE
DE22,2024,1080000000.0,20.80022687808254,0.28275595411572496,,,DE
DE23,2009,157000000.0,18.87175636331258,,,,DE
DE23,2010,169500000.0,18.948363484784778,0.07660712147219684,,,DE
DE23,2011,200300000.0,19.115326800636048,0.16696331585126956,,,DE
DE23,2012,170900000.0,18.95658914808582,-0.1587376525502293,,,DE
DE23,2013,202500000.0,19.12625044451087,0.16966129642505123,,,DE
DE23,2014,227200000.0,19.24134124481127,0.11509080030040053,,,DE
DE23,2015,247700000.0,19.32772889445959,0.08638764964831935,,,DE
DE23,2016,1137000000.0,20.85165905171481,1.5239301572552222,,,DE
DE23,2017,1130800000.0,20.84619118378371,-0.0054678679311024325,,,DE
DE24,2010,45300000.0,17.628817590453263,,,,DE
DE24,2011,45000000.0,17.622173047734595,-0.0066445427186678785,,,DE
DE24,2012,95300000.0,18.37254036862443,0.7503673208898363,,,DE
DE24,2013,93800000.0,18.356675413976454,-0.015864954647977214,,,DE
DE24,2014,95700000.0,18.37672885642318,0.020053442446727132,,,DE
DE24,2015,98100000.0,18.40149792453559,0.024769068112409087,,,DE
DE24,2016,97100000.0,18.391251933261554,-0.01024599127403647,,,DE
DE24,2017,47100000.0,17.667783558986645,-0.7234683742749084,,,DE
DE24,2018,49000000.0,17.7073308560749,0.03954729708825511,,,DE
DE24,2019,48400000.0,17.69501037168686,-0.012320484388041564,,,DE
DE24,2020,49500000.0,17.717483227538917,0.02247285585205816,,,DE
DE24,2021,48300000.0,17.692942118622803,-0.024541108916114496,,,DE
DE24,2022,48500000.0,17.697074355907713,0.00413223728491019,,,DE
DE24,2023,48400000.0,17.69501037168686,-0.002063984220853854,,,DE
DE24,2024,49800000.0,17.72352554199488,0.02851517030802242,,,DE
DE25,2009,323500000.0,19.59470967190523,,,,DE
DE25,2010,333600000.0,19.625453228448865,0.03074355654363714,,,DE
DE25,2011,364300000.0,19.713488261978792,0.08803503352992692,,,DE
DE25,2012,778800000.0,20.47326483146232,0.7597765694835275,,,DE
DE25,2013,788000000.0,20.485008647822152,0.011743816359832238,,,DE
DE25,2014,742800000.0,20.425937387442826,-0.05907126037932642,,,DE
DE25,2015,696000000.0,20.360860218298694,-0.06507716914413209,,,DE
DE25,2016,801500000.0,20.501995530013883,0.141135311715189,,,DE
DE25,2017,780600000.0,20.475573412710787,-0.026422117303095405,,,DE
DE25,2018,460200000.0,19.94717173556554,-0.5284016771452471,,,DE
DE25,2019,448000000.0,19.920303790379258,-0.026867945186282327,,,DE
DE25,2020,435600000.0,19.89223494902308,-0.028068841356176932,,,DE
DE25,2021,481100000.0,19.99158570666968,0.09935075764660084,,,DE
DE26,2009,244200000.0,19.31349811964088,,,,DE
DE26,2010,623300000.0,20.25053850177908,0.9370403821381998,,,DE
DE26,2011,1412600000.0,21.068697814939096,0.8181593131600167,,,DE
DE26,2012,2102500000.0,21.46639294981138,0.3976951348722828,,,DE
DE26,2013,1902000000.0,21.36617180106961,-0.10022114874177035,,,DE
DE26,2014,1932400000.0,21.382028590644527,0.01585678957491865,,,DE
DE26,2015,1868600000.0,21.34845532432313,-0.033573266321397455,,,DE
DE26,2016,1905000000.0,21.367747845525077,0.019292521201947466,,,DE
DE26,2017,1232400000.0,20.932229324686787,-0.4355185208382899,,,DE
DE26,2018,873000000.0,20.587446113803875,-0.3447832108829125,,,DE
DE26,2019,876000000.0,20.590876648900664,0.0034305350967898107,,,DE
DE26,2020,585000000.0,20.18712240519613,-0.40375424370453317,,,DE
DE26,2021,555000000.0,20.13447867171071,-0.05264373348542151,,,DE
DE26,2022,421000000.0,19.858143391646657,-0.2763352800640533,,,DE
DE26,2023,266000000.0,19.399006866745975,-0.459136524900682,,,DE
DE26,2024,895000000.0,20.612334276239128,1.2133274094931537,,,DE
DE27,2009,735300000.0,20.41578913716645,,,,DE
DE27,2010,723000000.0,20.398919780123038,-0.016869357043411526,,,DE
DE27,2011,752300000.0,20.43864573853045,0.039725958407412776,,,DE
DE27,2012,766800000.0,20.457736569135765,0.01909083060531458,,,DE
DE27,2013,743300000.0,20.42661028969552,-0.03112627944024382,,,DE
DE27,2014,759300000.0,20.447907514183463,0.02129722448794169,,,DE
DE27,2015,776200000.0,20.46992077689908,0.022013262715617543,,,DE
DE27,2016,683100000.0,20.342151819702078,-0.1277689571970022,,,DE
DE27,2017,738100000.0,20.419589874740282,0.07743805503820411,,,DE
DE27,2018,85600000.0,18.26519584111197,-2.1543940336283107,,,DE
DE27,2019,90200000.0,18.31753998503285,0.05234414392088027,,,DE
DE27,2020,91600000.0,18.33294182964436,0.015401844611506732,,,DE
DE27,2021,94700000.0,18.366224558156308,0.033282728511949244,,,DE
DE27,2022,57300000.0,17.86381118168497,-0.5024133764713383,,,DE
DE27,2023,58800000.0,17.889652412868855,0.025841231183886038,,,DE
DE27,2024,100300000.0,18.423676252932164,0.534023840063309,,,DE
DE30,2009,449000000.0,19.922533445706527,,,,DE
DE30,2010,298000000.0,19.51260404446968,-0.4099294012368482,,,DE
DE30,2011,3608000000.0,22.00641943914679,2.49381539467711,,,DE
DE30,2012,1183000000.0,20.89131942194266,-1.1151000172041279,,,DE
DE30,2013,210000000.0,19.162618088681743,-1.7287013332609185,,,DE
DE30,2014,215000000.0,19.186148586091935,0.023530497410192197,,,DE
DE30,2016,215000000.0,19.186148586091935,0.0,,,DE
DE30,2017,223000000.0,19.222682329424394,0.03653374333245907,,,DE
DE40,2009,23348200000.0,23.873785730295467,,,,DE
DE40,2010,36179100000.0,24.311747440982266,0.4379617106867997,,,DE
DE40,2011,25391000000.0,23.957660617472282,-0.3540868235099843,,,DE
DE40,2012,36975700000.0,24.333526777074688,0.3758661596024062,,,DE
DE40,2013,36941800000.0,24.332609538196838,-0.0009172388778502238,,,DE
DE40,2014,36048300000.0,24.308125542838688,-0.024483995358149713,,,DE
DE40,2015,36044200000.0,24.30801180007753,-0.00011374276115816429,,,DE
DE40,2016,37528500000.0,24.348366481269018,0.040354681191487884,,,DE
DE40,2017,25315000000.0,23.954662942368284,-0.3937035389007342,,,DE
DE40,2018,1800000000.0,21.31105250184853,-2.6436104405197547,,,DE
DE40,2019,1940000000.0,21.385953810021647,0.0749013081731178,,,DE
DE40,2023,485094108.45,19.999853468120047,-1.3861003419015994,,,DE
DE50,2010,106000000.0,18.47894965207634,,,,DE
DE50,2011,106000000.0,18.47894965207634,0.0,,,DE
DE50,2012,377000000.0,19.747755745412285,1.268806093335943,,,DE
DE50,2013,438000000.0,19.89772946834072,0.14997372292843636,,,DE
DE50,2014,453000000.0,19.93140268344731,0.03367321510658883,,,DE
DE50,2015,463000000.0,19.953237612050508,0.021834928603198023,,,DE
DE50,2016,445000000.0,19.913584840130515,-0.03965277191999306,,,DE
DE50,2017,486000000.0,20.001719181864768,0.0881343417342535,,,DE
DE50,2018,3197000000.0,21.885478707024117,1.8837595251593484,,,DE
DE50,2019,2774000000.0,21.743556158839052,-0.14192254818506456,,,DE
DE50,2020,2947000000.0,21.804053540701968,0.0604973818629162,,,DE
DE50,2021,2841000000.0,21.767421939818462,-0.036631600883506366,,,DE
DE50,2022,2605000000.0,21.680698512151743,-0.08672342766671903,,,DE
DE50,2023,2847029736.0,21.769542089866377,0.08884357771463414,,,DE
DE50,2024,445589000.0,19.914907560455774,-1.8546345294106032,,,DE
DE60,2009,545000000.0,20.11629635262752,,,,DE
DE60,2010,357300000.0,19.694086322993638,-0.4222100296338809,,,DE
DE60,2011,674600000.0,20.329630480591824,0.6355441575981864,,,DE
DE60,2012,423700000.0,19.864536215596786,-0.46509426499503803,,,DE
DE60,2013,390900000.0,19.783962330763185,-0.08057388483360128,,,DE
DE60,2014,381500000.0,19.759621408688787,-0.024340922074397753,,,DE
DE60,2015,320000000.0,19.583831553758046,-0.17578985493074128,,,DE
DE60,2016,433000000.0,19.886248285966765,0.30241673220871945,,,DE
DE60,2017,420000000.0,19.855765269241687,-0.03048301672507847,,,DE
DE60,2018,159000000.0,18.884414760184505,-0.9713505090571815,,,DE
DE60,2019,159000000.0,18.884414760184505,0.0,,,DE
DE60,2020,157000000.0,18.87175636331258,-0.012658396871923827,,,DE
DE60,2021,158000000.0,18.87810559099124,0.006349227678658309,,,DE
DE60,2022,115000000.0,18.560442686327523,-0.3176629046637167,,,DE
DE60,2023,251786949.0,19.34409384741315,0.7836511610856256,,,DE
DE60,2024,269093510.0,19.41056949797784,0.06647565056469062,,,DE
DE71,2009,1150000000.0,20.86302777932157,,,,DE
DE71,2011,1365000000.0,21.034420265583336,0.17139248626176595,,,DE
DE71,2012,1438000000.0,21.086519096245265,0.05209883066192944,,,DE
DE71,2013,1350000000.0,21.02337042939675,-0.06314866684851594,,,DE
DE71,2014,1320000000.0,21.00089757354469,-0.02247285585205816,,,DE
DE71,2015,1311000000.0,20.994056041727973,-0.006841531816718316,,,DE
DE71,2016,4145000000.00311,22.14516862553442,1.151112583806448,,,DE
DE71,2017,1510000000.0,21.135375487773246,-1.009793137761175,,,DE
DE71,2018,1180000000.0,20.888780275423983,-0.24659521234926274,,,DE
DE71,2019,1300000000.0,20.985630101413904,0.09684982598992065,,,DE
DE71,2020,1106000000.0,20.824015740046555,-0.16161436136734864,,,DE
DE71,2021,1493500000.0,21.124388195620437,0.30037245557388204,,,DE
DE71,2022,1359000000.0,21.030014972115417,-0.09437322350501987,,,DE
DE71,2024,223319825.0,19.224115494777255,-1.805899477338162,,,DE
DE73,2009,152000000.0,18.83939107881055,,,,DE
DE73,2010,428000000.0,19.87463375354607,1.035242674735521,,,DE
DE73,2011,169000000.0,18.945409272887346,-0.9292244806587249,,,DE
DE73,2012,178000000.0,18.99729410825636,0.05188483536901245,,,DE
DE73,2013,188000000.0,19.051952520794224,0.054658412537865075,,,DE
DE73,2014,393000000.0,19.789320169833534,0.7373676490393102,,,DE
DE73,2015,378000000.0,19.75040475358386,-0.03891541624967232,,,DE
DE73,2016,564000000.0,20.150564809462335,0.40016005587847303,,,DE
DE73,2017,546000000.0,20.11812953370918,-0.03243527575315497,,,DE
DE73,2018,353000000.0,19.68197861489757,-0.4361509188116095,,,DE
DE73,2019,377000000.0,19.747755745412285,0.06577713051471434,,,DE
DE73,2020,168000000.0,18.939474537367534,-0.8082812080447503,,,DE
DE73,2021,534000000.0,20.09590639692447,1.1564318595569354,,,DE
DE73,2022,160000000.0,18.890684373198102,-1.2052220237263676,,,DE
DE73,2024,147734188.0,18.81092518991106,-0.07975918328704168,,,DE
DE80,2018,1830000000.0,21.327581803799742,,,,DE
DE91,2009,0.0,0.0,,,,DE
DE91,2010,162000000.0,18.903106893196657,18.903106893196657,,,DE
DE91,2011,166000000.0,18.927498346320817,0.024391453124160023,,,DE
DE91,2012,154000000.0,18.852463160377905,-0.07503518594291236,,,DE
DE91,2013,165000000.0,18.921456031864853,0.0689928714869481,,,DE
DE91,2014,220000000.0,19.209138104316636,0.28768207245178345,,,DE
DE91,2015,223000000.0,19.222682329424394,0.013544225107757768,,,DE
DE91,2016,238000000.0,19.287781231635748,0.0650989022113535,,,DE
DE91,2018,7940000000.0,22.795179112205457,3.507397880569709,,,DE
DE91,2019,7940000000.0,22.795179112205457,0.0,,,DE
DE91,2020,7140000000.0,22.688978613297905,-0.10620049890755112,,,DE
DE91,2021,7760000000.0,22.772248171141538,0.08326955784363221,,,DE
DE91,2022,7560000000.0,22.746137027137852,-0.026111144003685638,,,DE
DE92,2009,265430000.0,19.396861710399584,,,,DE
DE92,2010,261660000.0,19.382556509047003,-0.014305201352581065,,,DE
DE92,2011,977720000.0,20.700733888439323,1.3181773793923206,,,DE
DE92,2012,961330000.0,20.683828300288614,-0.01690558815070986,,,DE
DE92,2013,887220000.0,20.603603536577726,-0.08022476371088771,,,DE
DE92,2014,910890000.0,20.629932701501303,0.026329164923577508,,,DE
DE92,2015,798000000.0,20.497619155414082,-0.13231354608722157,,,DE
DE92,2016,1028000000.0,20.750881003979384,0.25326184856530176,,,DE
DE92,2017,841000000.0,20.550102217937223,-0.20077878604216082,,,DE
DE92,2018,2355000000.0,21.579806564414792,1.029704346477569,,,DE
DE92,2019,1729000000.0,21.270809043647564,-0.3089975207672282,,,DE
DE92,2020,1060000000.0,20.78153474507039,-0.4892742985771754,,,DE
DE92,2021,1350000000.0,21.02337042939675,0.24183568432636093,,,DE
DE92,2022,1700000000.0,21.253894088008582,0.23052365861183333,,,DE
DE92,2023,1286315000.0,20.975047378335223,-0.2788467096733598,,,DE
DE92,2024,1096496000.0,20.815385477844746,-0.15966190049047668,,,DE
DE94,2009,105001542.9,18.469485602299553,,,,DE
DE94,2010,122310000.0,18.622069363463545,0.1525837611639922,,,DE
DE94,2011,295673000.0,19.50476467189493,0.8826953084313836,,,DE
DE94,2012,303030000.0,19.529342368473475,0.024577696578546693,,,DE
DE94,2013,311794000.0,19.557853271298246,0.028510902824770312,,,DE
DE94,2014,303581000.0,19.5311590191822,-0.02669425211604448,,,DE
DE94,2015,305600000.0,19.53778761525664,0.006628596074438775,,,DE
DE94,2016,309720000.0,19.551179221482798,0.013391606226157649,,,DE
DE94,2017,318964000.0,19.5805888017162,0.02940958023340201,,,DE
DE94,2018,120000000.0,18.60300230074632,-0.9775865009698812,,,DE
DE94,2022,107000000.0,18.48833939242618,-0.11466290832013826,,,DE
DEA1,2009,879500000.0,20.594864122141885,,,,DE
DEA1,2010,963000000.0,20.6855639697624,0.0906998476205132,,,DE
DEA1,2011,1037900000.0,20.760465277935516,0.0749013081731178,,,DE
DEA1,2012,10258400000.0,23.05136271910918,2.2908974411736622,,,DE
DEA1,2013,5500000000.0,22.428013929184836,-0.6233487899243428,,,DE
DEA1,2014,6184000000.0,22.545231148231533,0.11721721904669735,,,DE
DEA1,2015,2359000000.0,21.58150363737195,-0.9637275108595844,,,DE
DEA1,2016,2182000000.0,21.50350772435729,-0.07799591301465725,,,DE
DEA1,2017,2167000000.0,21.496609559500634,-0.006898164856657729,,,DE
DEA1,2018,53207000000.0,24.697455803585626,3.2008462440849925,,,DE
DEA1,2019,29571000000.0,24.110059988297824,-0.5873958152878025,,,DE
DEA1,2020,21353000000.0,23.784458081972186,-0.32560190632563746,,,DE
DEA1,2021,24710000000.0,23.93047385694693,0.14601577497474238,,,DE
DEA1,2022,27134653334.7,24.024077468802503,0.09360361185557409,,,DE
DEA1,2023,18796135018.0,23.65691710149806,-0.367160367304443,,,DE
DEA1,2024,15762991583.0,23.480930724618716,-0.1759863768793437,,,DE
DEA2,2009,3274000000.0,21.909278315895353,,,,DE
DEA2,2010,2772000000.0,21.742834918274067,-0.16644339762128624,,,DE
DEA2,2011,21730000000.0,23.80195963121475,2.059124712940683,,,DE
DEA2,2012,23155000000.0,23.865476576879125,0.06351694566437516,,,DE
DEA2,2013,22123400000.0,23.819901708841268,-0.04557486803785693,,,DE
DEA2,2014,21985100000.0,23.813630788124673,-0.006270920716595185,,,DE
DEA2,2015,22521500000.0,23.83773624545976,0.024105457335085845,,,DE
DEA2,2016,22415300000.0,23.833009598358963,-0.004726647100795844,,,DE
DEA2,2017,22717200000.0,23.846388183768138,0.013378585409174804,,,DE
DEA2,2018,54630300000.0,24.723854510827152,0.8774663270590146,,,DE
DEA2,2019,35146000000.0,24.282776650719065,-0.4410778601080878,,,DE
DEA2,2020,14831000000.0,23.419985421706237,-0.8627912290128279,,,DE
DEA2,2021,17973000000.0,23.612136468716308,0.19215104701007135,,,DE
DEA2,2022,3084370893.54,21.849613549210158,-1.76252291950615,,,DE
DEA2,2023,1214788019.85,20.917835429258133,-0.9317781199520248,,,DE
DEA2,2024,571501905.0,20.163778374526917,-0.7540570547312164,,,DE
DEA3,2009,2850000000.0,21.77058483122697,,,,DE
DEA3,2010,6012000000.0,22.51702330883714,0.7464384776101696,,,DE
DEA3,2011,7234000000.0,22.702057970476318,0.18503466163917892,,,DE
DEA3,2012,6083000000.0,22.52876383228498,-0.17329413819133777,,,DE
DEA3,2013,2691000000.0,21.71317870869118,-0.8155851235937988,,,DE
DEA3,2014,6912000000.0,22.656524868448166,0.9433461597569845,,,DE
DEA3,2015,2586000000.0,21.673378117296078,-0.9831467511520877,,,DE
DEA3,2016,6456000000.0,22.58827576791406,0.9148976506179807,,,DE
DEA3,2017,5325000000.0,22.3956785485419,-0.19259721937216057,,,DE
DEA3,2018,17193000000.0,23.567768161184123,1.1720896126422247,,,DE
DEA3,2019,8372000000.0,22.848158641530166,-0.7196095196539574,,,DE
DEA3,2020,3828000000.0,22.06560831053712,-0.7825503309930468,,,DE
DEA3,2021,3923000000.0,22.090122504173827,0.02451419363670837,,,DE
DEA3,2022,1040332448.4,20.762806160941782,-1.3273163432320452,,,DE
DEA3,2023,554146842.924,20.132940269019116,-0.6298658919226661,,,DE
DEA3,2024,728545298.0,20.406560361488,0.2736200924688852,,,DE
DEA4,2009,1920000000.0,21.3755910229861,,,,DE
DEA4,2010,2109000000.0,21.46947973844305,0.09388871545694855,,,DE
DEA4,2011,427500000.0,19.87346484634109,-1.5960148921019588,,,DE
DEA4,2012,1553100000.0,21.16351877054024,1.2900539241991495,,,DE
DEA4,2013,468400000.0,19.964833189687837,-1.198685580852402,,,DE
DEA4,2014,1513700000.0,21.137822821732794,1.1729896320449562,,,DE
DEA4,2015,430100000.0,19.879528297753964,-1.2582945239788295,,,DE
DEA4,2016,429300000.0,19.877666533194787,-0.0018617645591767484,,,DE
DEA4,2017,430700000.0,19.88092235002434,0.003255816829550895,,,DE
DEA4,2018,2334600000.0,21.571106407182835,1.690184057158497,,,DE
DEA4,2019,265600000.0,19.397501975566552,-2.1736044316162833,,,DE
DEA4,2020,8860000.0,15.997057322581263,-3.400444652985289,,,DE
DEA4,2021,8780000.0,15.987986965611299,-0.009070356969964166,,,DE
DEA5,2009,8456217000.0,22.858167747436735,,,,DE
DEA5,2010,7106212000.0,22.68423516804337,-0.17393257939336593,,,DE
DEA5,2011,5908758000.0,22.49970149399507,-0.1845336740482999,,,DE
DEA5,2012,6517100000.0,22.59769532866259,0.09799383466751976,,,DE
DEA5,2013,4629964000.0,22.255814929636355,-0.341880399026234,,,DE
DEA5,2014,5282937000.0,22.387748030014897,0.1319331003785429,,,DE
DEA5,2015,5467557000.0,22.42209773570091,0.03434970568601159,,,DE
DEA5,2016,5560654000.0,22.4389815641908,0.016883828489891783,,,DE
DEA5,2017,4249387000.0,22.17004057418571,-0.26894099000509186,,,DE
DEA5,2018,16155658000.0,23.50553616581743,1.3354955916317195,,,DE
DEA5,2019,7333065000.0,22.715659410058063,-0.7898767557593658,,,DE
DEA5,2020,971200000.0,20.694042978269508,-2.021616431788555,,,DE
DEA5,2021,1237000000.0,20.93595493035676,0.24191195208725347,,,DE
DEA5,2022,792264494.7,20.4904058519817,-0.44554907837506263,,,DE
DEA5,2023,297602009.0,19.511267611572467,-0.979138240409231,,,DE
DEA5,2024,904570200.0,20.622970471728273,1.1117028601558054,,,DE
DEB1,2009,291300000.0,19.489864221929665,,,,DE
DEB1,2010,290000000.0,19.485391480944795,-0.004472740984869716,,,DE
DEB1,2011,288000000.0,19.47847103810022,-0.0069204428445743815,,,DE
DEB1,2012,301800000.0,19.52527510429802,0.046804066197800864,,,DE
DEB1,2013,314250000.0,19.565699405434632,0.04042430113661055,,,DE
DEB1,2014,323190000.0,19.593750943538485,0.028051538103852636,,,DE
DEB1,2015,309001250.0,19.54885588016128,-0.04489506337720428,,,DE
DEB1,2016,321000000.0,19.58695168109429,0.03809580093301079,,,DE
DEB1,2017,320000000.0,19.583831553758046,-0.0031201273362455595,,,DE
DEB1,2018,225600000.0,19.23427407758818,-0.349557476169867,,,DE
DEB1,2019,125000000.0,18.643824295266576,-0.5904497823216026,,,DE
DEB1,2020,114000000.0,18.55170900635877,-0.09211528890780585,,,DE
DEB1,2021,144000000.0,18.785323857540273,0.23361485118150327,,,DE
DEB1,2022,106000000.0,18.47894965207634,-0.306374205463932,,,DE
DEB2,2012,177000000.0,18.991660290538103,,,,DE
DEB2,2013,165000000.0,18.921456031864853,-0.07020425867325031,,,DE
DEB2,2014,164000000.0,18.915376985788473,-0.006079046076379768,,,DE
DEB3,2009,6665300000.0,22.62018080081692,,,,DE
DEB3,2010,7823100000.0,22.780346732387546,0.1601659315706243,,,DE
DEB3,2011,1170900000.0,20.881038520818954,-1.8993082115685915,,,DE
DEB3,2012,969000000.0,20.691775169855042,-0.18926335096391256,,,DE
DEB3,2013,911800000.0,20.630931225743616,-0.060843944111425685,,,DE
DEB3,2014,910000000.0,20.62895515747517,-0.0019760682684477615,,,DE
DEB3,2015,905100000.0,20.6235559927974,-0.005399164677768908,,,DE
DEB3,2016,912100000.0,20.631260191150385,0.007704198352985969,,,DE
DEB3,2017,936800000.0,20.65798037024778,0.026720179097395658,,,DE
DEB3,2018,154000000.0,18.852463160377905,-1.8055172098698762,,,DE
DEB3,2019,153000000.0,18.84594847935671,-0.006514681021194235,,,DE
DEB3,2020,149000000.0,18.819456863909732,-0.026491615446978756,,,DE
DEB3,2021,165000000.0,18.921456031864853,0.1019991679551211,,,DE
DEB3,2022,875000000.0,20.589734444321888,1.6682784124570347,,,DE
DEB3,2023,871961658.99,20.58625601185842,-0.0034784324634671293,,,DE
DEB3,2024,144700000.0,18.790173191601713,-1.7960828202567072,,,DE
DEC0,2009,1700800000.0,21.254364565551956,,,,DE
DEC0,2010,80900000.0,18.20872438202872,-3.0456401835232363,,,DE
DEC0,2011,79800000.0,18.19503406242004,-0.013690319608681278,,,DE
DEC0,2012,79800000.0,18.19503406242004,0.0,,,DE
DEC0,2013,143200000.0,18.77975281249082,0.5847187500707811,,,DE
DEC0,2014,178000000.0,18.99729410825636,0.21754129576553893,,,DE
DEC0,2015,159500000.0,18.887554480189173,-0.10973962806718518,,,DE
DEC0,2016,160400000.0,18.893181253396687,0.00562677320751348,,,DE
DEC0,2017,288500000.0,19.480205643912427,0.5870243905157402,,,DE
DEC0,2018,8397500000.0,22.85119987945072,3.3709942355382942,,,DE
DEC0,2019,7810500000.0,22.77873481923534,-0.07246506021538224,,,DE
DEC0,2020,5785300000.0,22.478586054501562,-0.30014876473377683,,,DE
DEC0,2021,7342400000.0,22.716931601604845,0.23834554710328248,,,DE
DEC0,2022,7058000000.0,22.67742756219949,-0.03950403940535452,,,DE
DEC0,2023,6639258399.0,22.61626610729972,-0.06116145489977143,,,DE
DEC0,2024,7268873270.0,22.706867132986847,0.09060102568712836,,,DE
DED2,2009,15200000000.0,23.44456126479864,,,,DE
DED2,2012,82700000.0,18.230730159993918,-5.213831104804722,,,DE
DED2,2013,83700000.0,18.242749535459705,0.012019375465786908,,,DE
DED2,2014,88400000.0,18.297382527607873,0.05463299214816786,,,DE
DED2,2015,19484900000.0,23.692905643570978,5.395523115963105,,,DE
DED2,2016,82700000.0,18.230730159993918,-5.4621754835770595,,,DE
DED2,2017,80600000.0,18.205009207476856,-0.0257209525170623,,,DE
DED2,2018,84400000.0,18.251077959566185,0.04606875208932948,,,DE
DED2,2019,83700000.0,18.242749535459705,-0.00832842410648027,,,DE
DED2,2020,179000000.0,19.00289636380503,0.7601468283453237,,,DE
DED2,2021,178000000.0,18.99729410825636,-0.005602255548669888,,,DE
DED2,2022,85500000.0,18.26402693390699,-0.7332671743493684,,,DE
DED2,2023,19638100.0,16.792982114866653,-1.471044819040337,,,DE
DED4,2012,113000000.0,18.542898376676614,,,,DE
DED5,2009,135000000.0,18.720785336402702,,,,DE
DED5,2010,164000000.0,18.915376985788473,0.1945916493857709,,,DE
DED5,2011,167000000.0,18.93350437038103,0.018127384592556695,,,DE
DED5,2012,160000000.0,18.890684373198102,-0.04281999718292795,,,DE
DED5,2013,11866000000.0,23.196943004782863,4.306258631584761,,,DE
DED5,2014,163000000.0,18.909260758771037,-4.287682246011826,,,DE
DED5,2015,157000000.0,18.87175636331258,-0.03750439545845552,,,DE
DED5,2016,10861000000.0,23.10844422824431,4.236687864931728,,,DE
DED5,2017,162000000.0,18.903106893196657,-4.205337335047652,,,DE
DED5,2020,8270000000.0,22.83590034598201,3.9327934527853543,,,DE
DED5,2022,11900000000.0,23.199804237063894,0.3639038910818826,,,DE
DED5,2023,7443079000.0,22.73055044426759,-0.4692537927963052,,,DE
DEE0,2009,73000000.0,18.105969999112666,,,,DE
DEE0,2010,267400099.0,19.40425659286391,1.298286593751243,,,DE
DEE0,2011,142500200.0,18.774853961180767,-0.629402631683142,,,DE
DEE0,2012,1029422000.0,20.752263316627378,1.9774093554466106,,,DE
DEE0,2013,1064800000.0,20.786052825045175,0.033789508417797265,,,DE
DEE0,2014,809500000.0,20.511927331081964,-0.2741254939632114,,,DE
DEE0,2015,1831800000.0,21.32856492693316,0.8166375958511978,,,DE
DEE0,2016,1842500000.0,21.334389182027767,0.0058242550946054905,,,DE
DEE0,2017,1333100199.0,21.010773043360018,-0.32361613866774874,,,DE
DEE0,2018,8200000000.0,22.82739999121662,1.8166269478566015,,,DE
DEE0,2019,3770000000.0,22.05034083840633,-0.7770591528102884,,,DE
DEE0,2020,2970000000.0,21.81182778976102,-0.23851304864531286,,,DE
DEE0,2022,4390000000.0,22.202595064033492,0.3907672742724735,,,DE
DEE0,2023,768947630.0,20.46053342372048,-1.7420616403130111,,,DE
DEF0,2009,1011600000.0,20.734799072760083,,,,DE
DEF0,2010,1132600000.0,20.84778171164398,0.1129826388838957,,,DE
DEF0,2011,426100000.0,19.87018461847014,-0.9775970931738378,,,DE
DEF0,2012,649000000.0,20.290943274668365,0.42075865619822395,,,DE
DEF0,2013,706000000.0,20.375125795457517,0.08418252078915245,,,DE
DEF0,2014,739800000.0,20.421890437362627,0.04676464190510998,,,DE
DEF0,2015,731200000.0,20.410197578104214,-0.01169285925841379,,,DE
DEF0,2016,734600000.0,20.41483669134984,0.004639113245627158,,,DE
DEF0,2017,653700000.0,20.29815908858296,-0.116677602766881,,,DE
DEF0,2018,63100000.0,17.96023132751144,-2.3379277610715192,,,DE
DEF0,2019,61500000.0,17.934547732776746,-0.02568359473469428,,,DE
DEF0,2020,61200000.0,17.929657747482555,-0.00488998529419149,,,DE
DEF0,2021,62800000.0,17.955465631438425,0.025807883955870636,,,DE
DEF0,2022,63200000.0,17.961814859117087,0.006349227678661862,,,DE
DEF0,2023,57506000.0,17.86739984814981,-0.09441501096727833,,,DE
DEF0,2024,63700000.0,17.96969512054239,0.10229527239258118,,,DE
DEG0,2009,363000.0,12.802158113246987,,,,DE
DEG0,2010,8682000.0,15.976762474841676,3.174604361594689,,,DE
DEG0,2011,1110340000.0,20.827932111674762,4.851169636833086,,,DE
DEG0,2012,1070162000.0,20.79107587582928,-0.03685623584548381,,,DE
DEG0,2013,988269000.0,20.71146548586063,-0.07961038996865,,,DE
DEG0,2014,994112000.0,20.717360434329716,0.00589494846908778,,,DE
DEG0,2015,938343000.0,20.65962611177071,-0.05773432255900701,,,DE
DEG0,2016,1020494000.0,20.743552660726042,0.08392654895533269,,,DE
DEG0,2017,1070100000.0,20.79101793899723,0.047465278271186406,,,DE
DEG0,2018,938000000.0,20.659260506970497,-0.13175743202673118,,,DE
DEG0,2019,1030000000.0,20.752824639187956,0.09356413221745896,,,DE
DEG0,2020,1090000000.0,20.809443533187462,0.056618893999505815,,,DE
DEG0,2021,1070000000.0,20.790924485420227,-0.01851904776723501,,,DE
DEG0,2022,1040000000.0,20.76248655009969,-0.028437935320535956,,,DE
DK01,2020,13620000.0,16.427049858685642,,,,DK
DK01,2021,134058000.0,18.713783100089678,2.286733241404036,,,DK
DK01,2022,117550000.0,18.58237433295035,-0.1314087671393267,,,DK
DK01,2023,1577042930.0,21.178817367131295,2.5964430341809432,-0.041878472770481234,2.0,DK
DK01,2024,3562545610.0,21.99374118526624,0.8149238181349467,0.09603536084295261,2.0,DK
DK01,2025,,,,1.2097115441159292,4.0,DK
DK02,2021,985710.0,13.801117472676635,,,,DK
DK02,2022,6772553.516926,15.728388755003337,1.9272712823267018,,,DK
DK02,2023,776000.0,13.561907799165356,-2.166480955837981,0.5491701957920407,2.0,DK
DK02,2024,216337000.0,19.192347935009163,5.630440135843807,1.21881213432443,2.0,DK
DK02,2025,,,,1.7494114697493783,4.0,DK
DK03,2023,435092.0,12.983312781961938,,0.4904971031702707,2.0,DK
DK03,2024,479966000.0,19.98922582602408,7.00591304406214,0.35056674772694363,2.0,DK
DK03,2025,,,,1.6599211596722476,4.0,DK
DK04,2020,127306000.0,18.662104195174187,,,,DK
DK04,2021,132232680.688082,18.70007366124653,0.03796946607234375,,,DK
DK04,2022,389552839.704335,19.780510074418935,1.0804364131724036,,,DK
DK04,2023,905286572.0,20.623762105683504,0.8432520312645693,0.5357350688842368,2.0,DK
DK04,2024,2228578230.0,21.52462965406501,0.9008675483815054,1.750169749556369,2.0,DK
DK04,2025,,,,2.7328095199933005,4.0,DK
DK05,2023,,,,0.44153797004024253,2.0,DK
DK05,2024,,,,0.38326639165354726,2.0,DK
DK05,2025,,,,1.3862930981790322,4.0,DK
EE00,2007,14400000000.0,23.390494043528367,,,,EE
EE00,2008,12577000000.0,23.25513558601143,-0.13535845751693643,,,EE
EE00,2009,9514000000.0,22.9760302349565,-0.2791053510549304,,,EE
EE00,2010,13684000000.0,23.33949310406177,0.3634628691052697,,,EE
EE00,2011,13713000000.0,23.341610124964127,0.002117020902357325,,,EE
EE00,2012,12227000000.0,23.226912458108465,-0.11469766685566185,,,EE
EE00,2013,14835000000.0,23.420255090689196,0.19334263258073037,,,EE
EE00,2014,14358800000.0,23.387628831615093,-0.0326262590741031,,,EE
EE00,2015,2384984000.0,21.592458252668827,-1.7951705789462657,,,EE
EE00,2016,12987915000.0,23.287285146662978,1.6948268939941507,,,EE
EE00,2017,14193650000.0,23.376060518438855,0.08877537177587769,,,EE
EE00,2018,13649427600.0,23.336963423632188,-0.03909709480666734,,,EE
EE00,2019,7994850000.0,22.802063421330246,-0.5349000023019421,,,EE
EE00,2020,5191930000.0,22.37037133397688,-0.4316920873533654,,,EE
EE00,2021,6410124000.0,22.581144452465672,0.21077311848879177,,,EE
EE00,2022,8070393700.0,22.811468103664062,0.2303236511983897,,,EE
EE00,2023,5196450200.0,22.371241575573404,-0.4402265280906583,,,EE
EE00,2024,4435202000.0,22.212838998457652,-0.15840257711575134,,,EE
ES11,2023,,,,0.12916694210464072,4.0,ES
ES11,2024,,,,-0.13712140538867781,2.0,ES
ES11,2025,,,,0.5184441391677188,4.0,ES
ES12,2023,,,,0.6341343047365786,4.0,ES
ES12,2024,,,,-0.09452852869079847,2.0,ES
ES12,2025,,,,0.4524916556614919,4.0,ES
ES13,2023,,,,0.18501343511187202,4.0,ES
ES13,2024,,,,0.6661125817083438,2.0,ES
ES13,2025,,,,0.29211767992656723,4.0,ES
ES21,2023,,,,0.5437176943576882,4.0,ES
ES21,2024,,,,-0.07792712608232283,2.0,ES
ES21,2025,,,,0.7809191215844343,4.0,ES
ES22,2023,,,,0.5837498919299461,4.0,ES
ES22,2024,,,,0.006887700384650405,2.0,ES
ES22,2025,,,,1.3206990942323344,4.0,ES
ES23,2023,,,,0.3642213377202008,4.0,ES
ES23,2024,,,,0.03202950574401958,2.0,ES
ES23,2025,,,,0.8970488872106068,4.0,ES
ES24,2023,,,,0.3571631799159929,4.0,ES
ES24,2024,,,,-0.2547619467279911,2.0,ES
ES24,2025,,,,0.8664517208005801,4.0,ES
ES30,2023,,,,0.08875443104783398,4.0,ES
ES30,2024,,,,-0.37451364443387003,2.0,ES
ES30,2025,,,,0.9478479225018042,4.0,ES
ES41,2023,,,,0.48998553342482876,4.0,ES
ES41,2024,,,,0.540044548483443,2.0,ES
ES41,2025,,,,1.1106528468569863,4.0,ES
ES42,2023,,,,0.5214537311643542,4.0,ES
ES42,2024,,,,-0.1955454653829276,2.0,ES
ES42,2025,,,,0.7977936994160877,4.0,ES
ES43,2023,,,,0.0012560018062250516,4.0,ES
ES43,2024,,,,-0.09424974985983642,2.0,ES
ES43,2025,,,,0.431009980923057,4.0,ES
ES51,2023,,,,0.5715088738790906,4.0,ES
ES51,2024,,,,0.3278680068221701,2.0,ES
ES51,2025,,,,1.3258800525122179,4.0,ES
ES52,2023,,,,0.029351667222820704,4.0,ES
ES52,2024,,,,0.5633301903753642,2.0,ES
ES52,2025,,,,0.8281300467216217,4.0,ES
ES53,2023,,,,0.22472922380170007,4.0,ES
ES53,2024,,,,0.17853019817151328,2.0,ES
ES53,2025,,,,-0.5520038196693124,4.0,ES
ES61,2023,,,,0.12317530885346528,4.0,ES
ES61,2024,,,,1.161617539790561,2.0,ES
ES61,2025,,,,0.3999489149512171,4.0,ES
ES62,2023,,,,0.24374014751549095,4.0,ES
ES62,2024,,,,0.2164415159879865,2.0,ES
ES62,2025,,,,0.34352720925630037,4.0,ES
ES63,2023,,,,0.588348627905714,4.0,ES
ES63,2024,,,,-0.4614518370119581,2.0,ES
ES63,2025,,,,-1.0539240774457816,4.0,ES
ES64,2023,,,,-1.5602271946407056,4.0,ES
ES64,2024,,,,-1.8730102168443095,2.0,ES
ES64,2025,,,,-0.08859285289760563,4.0,ES
ES70,2023,,,,0.06402069128990395,4.0,ES
ES70,2024,,,,-0.5756174493342827,2.0,ES
ES70,2025,,,,0.5269874977490319,4.0,ES
FI19,2009,8126360000.0,22.818378935770355,,,,FI
FI19,2010,11808000000.0,23.19204310480453,0.3736641690341749,,,FI
FI19,2011,7858600000.0,22.784874310474454,-0.4071687943300759,,,FI
FI19,2012,5320000000.0,22.394739140299965,-0.3901351701744886,,,FI
FI19,2013,7009370000.0,22.67051366234223,0.2757745220422656,,,FI
FI19,2014,5338670000.0,22.398242395226596,-0.27227126711563443,,,FI
FI19,2015,3947358000.0,22.096312331312795,-0.30193006391380095,,,FI
FI19,2016,3996172000.0,22.108602739849434,0.012290408536639319,,,FI
FI19,2017,3135037000.0,21.865906813194503,-0.24269592665493178,,,FI
FI19,2018,4175389000.0,22.15247336456153,0.28656655136702724,,,FI
FI19,2019,3064040000.0,21.843000143569828,-0.30947322099170194,,,FI
FI19,2020,1905390000.0,21.367952548981343,-0.4750475945884851,,,FI
FI19,2021,2081111000.0,21.456167722675904,0.08821517369456089,,,FI
FI19,2022,2095847000.0,21.46322360455765,0.007055881881747439,,,FI
FI19,2023,1033810000.0,20.75651684373031,-0.7067067608273412,,,FI
FI19,2024,818180000.0,20.52259291925957,-0.23392392447074073,,,FI
FI1B,2009,9502714000.0,22.97484327896347,,,,FI
FI1B,2010,11043475000.0,23.125105592760164,0.15026231379669497,,,FI
FI1B,2011,10484595000.0,23.073172873944827,-0.0519327188153369,,,FI
FI1B,2012,8928890000.0,22.91255792399694,-0.16061494994788816,,,FI
FI1B,2013,9329181000.0,22.956413066602174,0.04385514260523493,,,FI
FI1B,2014,7889550000.0,22.78880493595715,-0.167608130645025,,,FI
FI1B,2015,7507001000.0,22.739101888746273,-0.04970304721087615,,,FI
FI1B,2016,8210885000.0,22.828726549972743,0.08962466122646973,,,FI
FI1B,2017,8370942000.0,22.84803225991797,0.019305709945228955,,,FI
FI1B,2018,8467579000.0,22.859510472403052,0.011478212485080519,,,FI
FI1B,2019,8473095900.0,22.86016179240389,0.0006513200008377851,,,FI
FI1B,2020,7028678200.0,22.673264502330888,-0.18689729007300215,,,FI
FI1B,2021,6872016900.0,22.650723480880288,-0.022541021450599885,,,FI
FI1B,2022,6935905400.0,22.659977437346633,0.009253956466345414,,,FI
FI1B,2023,5364732200.0,22.403112295660204,-0.25686514168642915,,,FI
FI1B,2024,4162363900.0,22.14934899502173,-0.2537633006384752,,,FI
FI1C,2009,5078000000.0,22.348183320228898,,,,FI
FI1C,2010,5915300000.0,22.500808051602878,0.15262473137397947,,,FI
FI1C,2011,5264600000.0,22.38427100623692,-0.1165370453659591,,,FI
FI1C,2012,4369040000.0,22.19780914228694,-0.18646186394997954,,,FI
FI1C,2013,4665100000.0,22.26337510724319,0.06556596495624945,,,FI
FI1C,2014,4366430000.0,22.197211578543335,-0.0661635286998532,,,FI
FI1C,2015,4062760000.0,22.125128382554355,-0.07208319598898072,,,FI
FI1C,2016,4464150000.0,22.21934466361142,0.09421628105706503,,,FI
FI1C,2017,4106700000.0,22.13588562323385,-0.08345904037756924,,,FI
FI1C,2018,3849800000.0,22.071287035844808,-0.06459858738904245,,,FI
FI1C,2019,3377700000.0,21.940460841441467,-0.13082619440334042,,,FI
FI1C,2020,2670300000.0,21.70545666259727,-0.23500417884419633,,,FI
FI1C,2021,2665340000.0,21.703597466163952,-0.0018591964333189992,,,FI
FI1C,2022,2605609000.0,21.680932266019198,-0.02266520014475404,,,FI
FI1C,2023,1931600000.0,21.38161451196366,-0.2993177540555365,,,FI
FI1C,2024,1471720000.0,21.10969762176817,-0.2719168901954916,,,FI
FI1D,2009,7507010000.0,22.73910308762644,,,,FI
FI1D,2010,9544250000.0,22.979204715866686,0.2401016282402466,,,FI
FI1D,2011,8715770000.0,22.88839986542912,-0.09080485043756781,,,FI
FI1D,2012,7971400000.0,22.79912597304255,-0.08927389238656858,,,FI
FI1D,2013,7865700000.0,22.7857773714034,-0.013348601639147972,,,FI
FI1D,2014,7900300000.0,22.79016657038191,0.004389198978508091,,,FI
FI1D,2015,7518100000.0,22.740579283409883,-0.0495872869720273,,,FI
FI1D,2016,7468527000.0,22.733963627891857,-0.006615655518025676,,,FI
FI1D,2017,5690550000.0,22.462072741221732,-0.27189088667012484,,,FI
FI1D,2018,7598490000.0,22.75121538028785,0.28914263906611737,,,FI
FI1D,2019,8204080000.0,22.82789742844981,0.07668204816195967,,,FI
FI1D,2020,6012832000.0,22.517161689149034,-0.3107357393007746,,,FI
FI1D,2021,6772800000.0,22.636180427730935,0.11901873858190015,,,FI
FI1D,2022,5643014000.0,22.453684156880186,-0.1824962708507485,,,FI
FI1D,2023,5571409000.0,22.440913821194062,-0.012770335686123957,,,FI
FI1D,2024,5154695000.0,22.363173786806577,-0.07774003438748522,,,FI
HR02,2023,,,,-0.331919868086474,4.0,HR
HR02,2024,,,,0.11214137700484988,2.0,HR
HR02,2025,,,,-0.47181450529439073,4.0,HR
HR03,2023,,,,-0.07313368234955178,4.0,HR
HR03,2024,,,,0.36733609112955595,2.0,HR
HR03,2025,,,,-0.6858052469827715,4.0,HR
HR05,2023,,,,0.5917943711087739,4.0,HR
HR05,2024,,,,1.2086058830956516,2.0,HR
HR05,2025,,,,0.4919398793152987,4.0,HR
HR06,2023,,,,0.029206934325783807,4.0,HR
HR06,2024,,,,-0.029532823499781646,2.0,HR
HR06,2025,,,,0.1042794932181065,4.0,HR
HU11,2023,,,,-0.34973689856375684,4.0,HU
HU11,2024,,,,-0.5600122323904337,2.0,HU
HU11,2025,,,,-0.1747159580204374,4.0,HU
HU12,2023,,,,-0.40470362653557695,4.0,HU
HU12,2024,,,,-0.321328528826233,2.0,HU
HU12,2025,,,,-0.4800173411131327,4.0,HU
HU21,2023,,,,-0.4332924239952196,4.0,HU
HU21,2024,,,,-0.6326057453253221,2.0,HU
HU21,2025,,,,-0.320902504044723,4.0,HU
HU22,2023,,,,-0.5088176883523231,4.0,HU
HU22,2024,,,,-0.9423947021213872,2.0,HU
HU22,2025,,,,-0.44141411131817604,4.0,HU
HU23,2023,,,,-0.501751473051468,4.0,HU
HU23,2024,,,,-0.5819350519678135,2.0,HU
HU23,2025,,,,-0.20329517749882725,4.0,HU
HU31,2023,,,,-0.6670162748650018,4.0,HU
HU31,2024,,,,-0.477625554247772,2.0,HU
HU31,2025,,,,0.03593234499003381,4.0,HU
HU32,2023,,,,-0.644446313862965,4.0,HU
HU32,2024,,,,-0.6363253581686421,2.0,HU
HU32,2025,,,,-0.6103602137977938,4.0,HU
HU33,2023,,,,-0.6151304822073643,4.0,HU
HU33,2024,,,,-0.778625306344459,2.0,HU
HU33,2025,,,,-0.5112875767695182,4.0,HU
IE04,2021,849233430.0,20.55984465348109,,,,IE
IE04,2022,721163830.0,20.396376895512184,-0.1634677579689061,,,IE
IE04,2023,609555980.0,20.228241348443262,-0.1681355470689212,,,IE
IE04,2024,646845475.9,20.287617992255647,0.059376643812385055,,,IE
LT01,2023,,,,0.6218504505519846,2.0,LT
LT01,2024,,,,1.0049989153537786,2.0,LT
LT01,2025,,,,1.4077984250714342,4.0,LT
LT02,2023,,,,0.050963756995949294,2.0,LT
LT02,2024,,,,0.34400129348081027,2.0,LT
LT02,2025,,,,0.8536494035423912,4.0,LT
MT00,2008,2015000000.0,21.42388503234506,,,,MT
MT00,2009,1897000000.0,21.363539527899288,-0.06034550444577036,,,MT
MT00,2010,1878000000.0,21.353473217732482,-0.010066310166806147,,,MT
MT00,2011,1936000000.0,21.383889825800797,0.030416608068314588,,,MT
MT00,2012,2052000000.0,21.442080764254936,0.05819093845413903,,,MT
NL11,2007,6865000000.0,22.649701876166347,,,,NL
NL11,2008,6552000000.0,22.603036183497178,-0.04666569266916909,,,NL
NL11,2009,7266000000.0,22.70647177074542,0.1034355872482422,,,NL
NL11,2010,6732000000.0,22.63013811327497,-0.07633365747044962,,,NL
NL11,2011,5158000000.0,22.363814744405563,-0.2663233688694078,,,NL
NL11,2012,109000000.0,18.50685844019342,-3.8569563042121437,,,NL
NL11,2013,2230000000.0,21.525267422418437,3.0184089822250186,,,NL
NL11,2014,5941000000.0,22.505143306320015,0.9798758839015775,,,NL
NL11,2015,8923000000.0,22.911898049864426,0.4067547435444112,,,NL
NL11,2016,12976000000.0,23.28636733431947,0.37446928445504213,,,NL
NL11,2017,12360000000.0,23.237731288975954,-0.048636045343513956,,,NL
NL11,2018,11930000000.0,23.202322073056237,-0.03540921591971724,,,NL
NL12,2008,868000000.0,20.581702272624625,,,,NL
NL12,2009,971000000.0,20.6938370262556,0.11213475363097558,,,NL
NL12,2010,584000000.0,20.1854115407925,-0.5084254854630998,,,NL
NL12,2011,195000000.0,19.08851011652802,-1.0969014242644803,,,NL
NL13,2013,165000000.0,18.921456031864853,,,,NL
NL13,2014,171000000.0,18.957174114466934,0.03571808260208087,,,NL
NL13,2015,174000000.0,18.974565857178803,0.01739174271186883,,,NL
NL13,2016,168000000.0,18.939474537367534,-0.03509131981126856,,,NL
NL13,2017,173000000.0,18.968802152462054,0.029327615094519643,,,NL
NL13,2018,169000000.0,18.945409272887346,-0.023392879574707592,,,NL
NL21,2007,801000000.0,20.501371505032633,,,,NL
NL21,2008,853000000.0,20.564270105455954,0.06289860042332052,,,NL
NL21,2009,545000000.0,20.11629635262752,-0.4479737528284353,,,NL
NL21,2010,742000000.0,20.424859801131653,0.30856344850413464,,,NL
NL21,2012,265000000.0,19.395240383950497,-1.0296194171811557,,,NL
NL21,2013,267000000.0,19.402759216364522,0.007518832414024956,,,NL
NL21,2015,259000000.0,19.37233861966381,-0.0304205967007114,,,NL
NL21,2016,291000000.0,19.488833825135767,0.11649520547195635,,,NL
NL21,2017,298000000.0,19.51260404446968,0.02377021933391177,,,NL
NL21,2018,255000000.0,19.3567741031227,-0.1558299413469797,,,NL
NL22,2007,3669000000.0,22.023184982319556,,,,NL
NL22,2008,3931000000.0,22.092159683386136,0.06897470106657977,,,NL
NL22,2009,2969000000.0,21.811491032728036,-0.2806686506581002,,,NL
NL22,2010,2642000000.0,21.694802043046543,-0.11668898968149222,,,NL
NL22,2011,2367000000.0,21.58488916747826,-0.10991287556828411,,,NL
NL22,2012,2482000000.0,21.632330523728825,0.047441356250566,,,NL
NL22,2013,2720000000.0,21.723897717254317,0.09156719352549203,,,NL
NL22,2015,3106000000.0,21.856601561672907,0.1327038444185895,,,NL
NL22,2016,188000000.0,19.051952520794224,-2.804649040878683,,,NL
NL22,2017,167000000.0,18.93350437038103,-0.11844815041319379,,,NL
NL22,2018,146000000.0,18.79911717967261,-0.13438719070841998,,,NL
NL23,2007,327000000.0,19.605470728861526,,,,NL
NL23,2009,375000000.0,19.742436583934683,0.13696585507315717,,,NL
NL23,2010,748000000.0,20.432913535938752,0.6904769520040688,,,NL
NL23,2012,1730000000.0,21.271387245456097,0.8384737095173449,,,NL
NL23,2013,1420000000.0,21.073922708559582,-0.1974645368965149,,,NL
NL23,2014,1380000000.0,21.045349336115525,-0.028573372444057554,,,NL
NL23,2015,1230000000.0,20.930280006330737,-0.11506932978478801,,,NL
NL23,2016,1350000000.0,21.02337042939675,0.09309042306601256,,,NL
NL23,2017,1160000000.0,20.871685842064686,-0.15168458733206336,,,NL
NL23,2018,1290000000.0,20.977908055319993,0.10622221325530745,,,NL
NL31,2007,1076000000.0,20.796516298686004,,,,NL
NL31,2008,1039000000.0,20.761524549063502,-0.03499174962250251,,,NL
NL32,2007,12016000000.0,23.20950493196819,,,,NL
NL32,2008,10441000000.0,23.069006200254385,-0.14049873171380511,,,NL
NL32,2009,5730000000.0,22.46898136767306,-0.600024832581326,,,NL
NL32,2010,6371000000.0,22.575022280080763,0.1060409124077033,,,NL
NL32,2011,141000000.0,18.764270448342444,-3.810751831738319,,,NL
NL32,2012,142000000.0,18.771337615565535,0.0070671672230915306,,,NL
NL32,2013,108000000.0,18.497641785088494,-0.2736958304770418,,,NL
NL32,2014,146000000.0,18.79911717967261,0.30147539458411643,,,NL
NL32,2015,143000000.0,18.778355188224182,-0.020761991448427608,,,NL
NL32,2016,7276000000.0,22.707847097602286,3.929491909378104,,,NL
NL32,2017,4118000000.0,22.13863344555201,-0.5692136520502764,,,NL
NL32,2018,7506000000.0,22.73896853765924,0.6003350921072297,,,NL
NL33,2007,18251000000.0,23.627485709994296,,,,NL
NL33,2008,22126000000.0,23.82001922455913,0.1925335145648326,,,NL
NL33,2009,22188000000.0,23.8228174391394,0.0027982145802702973,,,NL
NL33,2010,20657000000.0,23.751320081962525,-0.07149735717687378,,,NL
NL33,2011,22804000000.0,23.850201796115748,0.09888171415322233,,,NL
NL33,2012,23262000000.0,23.87008696486326,0.019885168747510562,,,NL
NL33,2013,21356000000.0,23.78459856758435,-0.08548839727890822,,,NL
NL33,2014,23856000000.0,23.895301594968792,0.11070302738444227,,,NL
NL33,2015,14493000000.0,23.39693161118679,-0.4983699837820019,,,NL
NL33,2016,23197000000.0,23.867288796912543,0.4703571857257529,,,NL
NL33,2017,25703000000.0,23.969873553552503,0.1025847566399598,,,NL
NL33,2018,19680000000.0,23.702868728570518,-0.26700482498198497,,,NL
NL34,2007,2940000000.0,21.801675418297002,,,,NL
NL34,2008,8697000000.0,22.886243975554038,1.084568557257036,,,NL
NL34,2009,6170000000.0,22.542964674863708,-0.3432793006903303,,,NL
NL34,2010,8135000000.0,22.81944157761741,0.2764769027537035,,,NL
NL34,2011,5872000000.0,22.493461128258627,-0.32598044935878434,,,NL
NL34,2012,6900000000.0,22.654787248549624,0.16132612029099747,,,NL
NL34,2013,12380000000.0,23.23934810420286,0.5845608556532369,,,NL
NL34,2014,12180000000.0,23.22306109922816,-0.016287004974699926,,,NL
NL34,2015,9330000000.0,22.956500851805664,-0.26656024742249684,,,NL
NL34,2016,6940000000.0,22.660567611465126,-0.29593324034053836,,,NL
NL34,2017,5330000000.0,22.396617075124166,-0.26395053634096044,,,NL
NL34,2018,7272000000.0,22.70729719382159,0.31068011869742307,,,NL
NL41,2007,6964000000.0,22.664019858852352,,,,NL
NL41,2008,5091000000.0,22.35074011186661,-0.31327974698574224,,,NL
NL41,2009,6793000000.0,22.639158507155575,0.2884183952889643,,,NL
NL41,2010,6428000000.0,22.58392928482168,-0.05522922233389593,,,NL
NL41,2011,7102000000.0,22.683642271467306,0.09971298664562767,,,NL
NL41,2012,9237000000.0,22.946482994556884,0.2628407230895782,,,NL
NL41,2013,9183000000.0,22.940619785577795,-0.005863208979089762,,,NL
NL41,2014,7066000000.0,22.678560385883365,-0.2620593996944294,,,NL
NL41,2015,7836000000.0,22.781994337028706,0.10343395114534104,,,NL
NL41,2016,6800000000.0,22.640188449128473,-0.14180588790023307,,,NL
NL41,2017,7602000000.0,22.751677207513467,0.1114887583849935,,,NL
NL41,2018,5767000000.0,22.475417851579685,-0.2762593559337816,,,NL
NL42,2007,6046000000.0,22.522662733303676,,,,NL
NL42,2008,5029000000.0,22.33848699413624,-0.18417573916743635,,,NL
NL42,2009,1927000000.0,21.379230226378642,-0.9592567677575978,,,NL
NL42,2010,4677000000.0,22.26592271569016,0.8866924893115176,,,NL
NL42,2011,4066000000.0,22.125925552152566,-0.1399971635375934,,,NL
NL42,2012,4468000000.0,22.220206718153367,0.09428116600080116,,,NL
NL42,2013,5599000000.0,22.445853847313167,0.22564712915979968,,,NL
NL42,2014,6046000000.0,22.522662733303676,0.07680888599050917,,,NL
NL42,2015,5617000000.0,22.449063550496707,-0.07359918280696931,,,NL
NL42,2016,5479000000.0,22.42418843950269,-0.02487511099401729,,,NL
NL42,2017,5677000000.0,22.459688761135002,0.03550032163231265,,,NL
NL42,2018,5317000000.0,22.394175071468613,-0.06551368966638904,,,NL
NO02,2023,,,,0.46226751918566367,4.0,NO
NO02,2024,,,,-0.12496954898036303,2.0,NO
NO02,2025,,,,0.5527423077861979,4.0,NO
NO06,2007,206760000.0,19.147069258292113,,,,NO
NO06,2008,440700000.0,19.903874929812215,0.7568056715201017,,,NO
NO06,2009,246900000.0,19.324493954315408,-0.5793809754968073,,,NO
NO06,2010,668700000.0,20.320846087024208,0.9963521327088003,,,NO
NO06,2011,427890000.0,19.874376711167713,-0.4464693758564948,,,NO
NO06,2012,493200000.0,20.016425329254464,0.14204861808675062,,,NO
NO06,2013,671200000.0,20.32457771311727,0.30815238386280797,,,NO
NO06,2014,701400000.0,20.368588895670353,0.04401118255308134,,,NO
NO06,2015,674300000.0,20.32918567370481,-0.03940322196554291,,,NO
NO06,2016,666000000.0,20.316800228504665,-0.012385445200145284,,,NO
NO06,2017,637000000.0,20.272280213536437,-0.04452001496822788,,,NO
NO06,2023,,,,0.7343865538273672,4.0,NO
NO06,2024,,,,0.19753723028696424,2.0,NO
NO06,2025,,,,0.7153549740176873,4.0,NO
NO07,2007,2956000000.0,21.807102840032368,,,,NO
NO07,2008,3000000000.0,21.82187812561452,0.014775285582153685,,,NO
NO07,2009,2124000000.0,21.476566940326105,-0.3453111852884163,,,NO
NO07,2010,2581000000.0,21.67144275768289,0.1948758173567846,,,NO
NO07,2011,2574000000.0,21.668726946120348,-0.002715811562541859,,,NO
NO07,2012,2678000000.0,21.708336084215393,0.03960913809504518,,,NO
NO07,2013,2310000000.0,21.560513361480112,-0.14782272273528108,,,NO
NO07,2014,2626000000.0,21.688727612827016,0.128214251346904,,,NO
NO07,2015,2553000000.0,21.660534975205756,-0.028192637621259564,,,NO
NO07,2016,2678000000.0,21.708336084215393,0.04780110900963663,,,NO
NO07,2017,2395000000.0,21.596649067809288,-0.11168701640610479,,,NO
NO07,2023,,,,0.20871388114181488,4.0,NO
NO07,2024,,,,-0.1182139519013842,2.0,NO
NO07,2025,,,,-0.06684799066376163,4.0,NO
NO08,2007,314400000.0,19.566176618519325,,,,NO
NO08,2008,354085000.0,19.685047555269886,0.11887093675056093,,,NO
NO08,2009,352574000.0,19.680771087262585,-0.004276468007301304,,,NO
NO08,2010,323520000.0,19.59477149379638,-0.08599959346620523,,,NO
NO08,2011,305110000.0,19.536182925288742,-0.05858856850763772,,,NO
NO08,2012,282750000.0,19.460073672960505,-0.07610925232823718,,,NO
NO08,2013,312900000.0,19.56139420863911,0.10132053567860666,,,NO
NO08,2014,331790000.0,19.620012796628707,0.05861858798959574,,,NO
NO08,2015,304890000.0,19.535461613782058,-0.0845511828466492,,,NO
NO08,2016,332020000.0,19.620705766030206,0.08524415224814774,,,NO
NO08,2017,359132000.0,19.699200566894163,0.07849480086395744,,,NO
NO08,2023,,,,0.7396235046261359,4.0,NO
NO08,2024,,,,1.2208428909371847,2.0,NO
NO08,2025,,,,0.8128719674032187,4.0,NO
NO09,2007,2977000000.0,21.81418191898005,,,,NO
NO09,2008,2720000000.0,21.723897717254317,-0.09028420172573348,,,NO
NO09,2009,2781000000.0,21.74607641219824,0.02217869494392133,,,NO
NO09,2010,2255000000.0,21.536415809901055,-0.20966060229718408,,,NO
NO09,2011,2640000000.0,21.694044754104635,0.1576289442035801,,,NO
NO09,2012,2559000000.0,21.662882394124065,-0.03116235998056993,,,NO
NO09,2013,2813000000.0,21.75751736645413,0.09463497233006635,,,NO
NO09,2014,2779000000.0,21.745356987706778,-0.012160378747353207,,,NO
NO09,2015,2968000000.0,21.811154162251544,0.06579717454476608,,,NO
NO09,2016,2625000000.0,21.68834673299,-0.12280742926154531,,,NO
NO09,2017,2605000000.0,21.680698512151743,-0.0076482208382557815,,,NO
NO09,2023,,,,0.45683631996006197,4.0,NO
NO09,2024,,,,0.2059087419078399,2.0,NO
NO09,2025,,,,0.1613006222032431,4.0,NO
NO0A,2007,6085000000.0,22.529092563385902,,,,NO
NO0A,2008,5776000000.0,22.476977238536936,-0.05211532484896608,,,NO
NO0A,2009,6116000000.0,22.534174125013227,0.05719688647629084,,,NO
NO0A,2010,6642000000.0,22.616678959900966,0.08250483488773952,,,NO
NO0A,2011,6137000000.0,22.53760186035337,-0.07907709954759667,,,NO
NO0A,2012,5832000000.0,22.48662583165277,-0.050976028700599585,,,NO
NO0A,2013,5850000000.0,22.489707498190175,0.0030816665374047147,,,NO
NO0A,2014,6001000000.0,22.515191958953785,0.025484460763610883,,,NO
NO0A,2015,5716000000.0,22.46653509701403,-0.04865686193975449,,,NO
NO0A,2016,5907800000.0,22.49953934863902,0.033004251624987546,,,NO
NO0A,2017,6475000000.0,22.591214444532014,0.09167509589299527,,,NO
NO0A,2023,,,,0.34459199178011407,4.0,NO
NO0A,2024,,,,0.004912290479353758,2.0,NO
NO0A,2025,,,,0.3454020275541926,4.0,NO
PL21,2025,,,,-0.5648080878557333,4.0,PL
PL22,2025,,,,-0.6499409245137495,4.0,PL
PL41,2025,,,,-0.5348924060659248,4.0,PL
PL42,2025,,,,-0.695242515302419,4.0,PL
PL43,2025,,,,-0.6566726103648168,4.0,PL
PL51,2025,,,,-0.6264128558272029,4.0,PL
PL52,2025,,,,-0.5989935447888268,4.0,PL
PL61,2025,,,,-0.6174166919288689,4.0,PL
PL62,2025,,,,-1.1392081594500425,4.0,PL
PL63,2025,,,,-0.6274275525051647,4.0,PL
PL71,2025,,,,-0.7395896330218543,4.0,PL
PL72,2025,,,,-0.7237602092503872,4.0,PL
PL81,2025,,,,-0.7808155355005789,4.0,PL
PL82,2025,,,,-0.4955533458604613,4.0,PL
PL84,2025,,,,-0.7153707156358413,4.0,PL
PL91,2025,,,,0.09507896011664142,4.0,PL
PL92,2025,,,,-0.9589748082452739,4.0,PL
RO11,2007,996000000.0,20.719257815548872,,,,RO
RO11,2008,1070000000.0,20.790924485420227,0.07166666987135528,,,RO
RO11,2023,,,,-1.0249552446532522,4.0,RO
RO12,2007,797000000.0,20.49636523675449,,,,RO
RO12,2008,964300000.0,20.686913007480612,0.1905477707261234,,,RO
RO12,2009,26000000.0,17.073607095985757,-3.613305911494855,,,RO
RO12,2010,40700000.0,17.521738650412825,0.44813155442706787,,,RO
RO12,2011,44800000.0,17.617718697385214,0.09598004697238949,,,RO
RO12,2012,30800000.0,17.2430252479438,-0.3746934494414127,,,RO
RO12,2013,27700000.0,17.136942971157566,-0.1060822767862355,,,RO
RO12,2014,22700000.0,16.93787548245163,-0.1990674887059356,,,RO
RO12,2016,25600000.0,17.05810290944979,0.12022742699815936,,,RO
RO12,2023,,,,-0.92342444971113,4.0,RO
RO21,2007,709000000.0,20.3793660844964,,,,RO
RO21,2008,680000000.0,20.337603356134426,-0.0417627283619737,,,RO
RO21,2010,253000000.0,19.348900046691796,-0.9887033094426307,,,RO
RO21,2011,274700000.0,19.4311901510655,0.08229010437370476,,,RO
RO21,2012,284200000.0,19.465188773627276,0.033998622561774994,,,RO
RO21,2013,35200000.0,17.376556640568324,-2.088632133058951,,,RO
RO21,2014,45200000.0,17.62660764480246,0.25005100423413396,,,RO
RO21,2015,41100000.0,17.531518679466462,-0.09508896533599653,,,RO
RO21,2016,37900000.0,17.450461670052654,-0.08105700941380789,,,RO
RO21,2017,39400000.0,17.48927637426816,0.03881470421550759,,,RO
RO21,2018,45400000.0,17.631022663011578,0.14174628874341622,,,RO
RO21,2019,36900000.0,17.423722109010754,-0.20730055400082392,,,RO
RO21,2020,38200000.0,17.458346073576802,0.034623964566048215,,,RO
RO21,2021,36500000.0,17.41282281855272,-0.04552325502408294,,,RO
RO21,2022,37400000.0,17.43718126238476,0.024358443832042553,,,RO
RO21,2023,,,,-0.8427047069438085,4.0,RO
RO21,2024,34300000.0,17.35065591213617,-0.08652535024859276,,,RO
RO22,2007,1860000000.0,21.34384232467152,,,,RO
RO22,2008,1700000000.0,21.253894088008582,-0.08994823666293783,,,RO
RO22,2023,,,,-1.4595834826709404,4.0,RO
RO31,2007,1508000000.0,21.134050106532175,,,,RO
RO31,2008,1549000000.0,21.160875398381144,0.026825291848968646,,,RO
RO31,2009,734000000.0,20.41401958657879,-0.7468558118023552,,,RO
RO31,2010,678000000.0,20.33465784590467,-0.07936174067411983,,,RO
RO31,2023,,,,-1.1834830246224488,4.0,RO
RO32,2023,,,,-0.47712991755865647,4.0,RO
RO41,2008,1370000000.0,21.038076576786445,,,,RO
RO41,2009,1080000000.0,20.80022687808254,-0.23784969870390427,,,RO
RO41,2010,2940000000.0,21.801675418297002,1.0014485402144615,,,RO
RO41,2011,3140000000.0,21.86748863686657,0.0658132185695699,,,RO
RO41,2012,2940000000.0,21.801675418297002,-0.0658132185695699,,,RO
RO41,2013,1080000000.0,20.80022687808254,-1.0014485402144615,,,RO
RO41,2014,1180000000.0,20.888780275423983,0.08855339734144252,,,RO
RO41,2023,,,,-1.2611866324198644,4.0,RO
RO42,2007,641000000.0,20.278540014884943,,,,RO
RO42,2008,676000000.0,20.331703634007237,0.05316361912229439,,,RO
RO42,2023,,,,-0.9210125194852103,4.0,RO
SE11,2007,876673000.0,20.59164461877648,,,,SE
SE11,2008,811908000.0,20.514897591214357,-0.07674702756212426,,,SE
SE11,2009,1058018000.0,20.77966318347031,0.26476559225595153,,,SE
SE11,2010,1485886000.0,21.119277064283004,0.3396138808126956,,,SE
SE11,2011,1118480000.0,20.835236457643845,-0.2840406066391594,,,SE
SE11,2012,1022094000.0,20.745119301014977,-0.09011715662886743,,,SE
SE11,2013,949810000.0,20.671772522556193,-0.07334677845878446,,,SE
SE11,2014,1186390000.0,20.894180919892055,0.2224083973358617,,,SE
SE11,2015,1248662000.0,20.945338414973406,0.05115749508135181,,,SE
SE11,2016,1054450000.0,20.77628514092205,-0.1690532740513575,,,SE
SE11,2017,1020924000.0,20.74397393653174,-0.032311204390307324,,,SE
SE11,2018,1077680000.0,20.798076419354587,0.05410248282284513,,,SE
SE11,2019,848400000.0,20.558862780654803,-0.23921363869978407,,,SE
SE11,2020,552300000.0,20.129601934871417,-0.42926084578338575,,,SE
SE11,2021,661262000.0,20.309660688420134,0.18005875354871748,,,SE
SE11,2022,663520000.0,20.313069554462345,0.00340886604221069,,,SE
SE11,2023,589599059.0,20.19495330284084,-0.11811625162150463,,,SE
SE11,2024,653848741.0,20.298386599796846,0.10343329695600545,,,SE
SE12,2007,4177247000.0,22.152918254062435,,,,SE
SE12,2008,4026769000.0,22.116230154369326,-0.03668809969310871,,,SE
SE12,2009,2842481000.0,21.76794309930981,-0.3482870550595152,,,SE
SE12,2010,4377180000.0,22.19967051836717,0.4317274190573599,,,SE
SE12,2011,4037990000.0,22.11901288036049,-0.0806576380066808,,,SE
SE12,2012,3252110000.0,21.902569853398166,-0.21644302696232387,,,SE
SE12,2013,3215429000.0,21.891226622748064,-0.011343230650101788,,,SE
SE12,2014,2899681000.0,21.787866567888397,-0.10336005485966737,,,SE
SE12,2015,3398231000.0,21.94652083905093,0.15865427116253272,,,SE
SE12,2016,3051515000.0,21.838904025552015,-0.10761681349891461,,,SE
SE12,2017,3116811000.0,21.86007620066704,0.021172175115026448,,,SE
SE12,2018,3139146000.0,21.8672166253525,0.007140424685459834,,,SE
SE12,2019,3358990000.0,21.934906170495623,0.06768954514312142,,,SE
SE12,2020,2687893000.0,21.712023452267392,-0.2228827182282309,,,SE
SE12,2021,2919046000.0,21.794522687515734,0.08249923524834202,,,SE
SE12,2022,2936622000.0,21.80052577812207,0.006003090606334638,,,SE
SE12,2023,2395323643.0,21.596784191456297,-0.20374158666577102,,,SE
SE12,2024,2385852940.3,21.592822524313604,-0.003961667142693415,,,SE
SE12,2025,,,,0.6868727986903249,4.0,SE
SE21,2007,862700000.0,20.575577564046807,,,,SE
SE21,2008,2079400000.0,21.455345227508143,0.8797676634613367,,,SE
SE21,2009,999300000.0,20.72256559183202,-0.732779635676124,,,SE
SE21,2010,2077500000.0,21.454431084693876,0.7318654928618571,,,SE
SE21,2011,2132500000.0,21.48056083733011,0.026129752636233405,,,SE
SE21,2012,2361800000.0,21.582689877131454,0.10212903980134413,,,SE
SE21,2013,2082800000.0,21.45697897925302,-0.12571089787843448,,,SE
SE21,2014,2083848000.0,21.457482021517254,0.0005030422642349208,,,SE
SE21,2015,2243728500.0,21.53140482798225,0.07392280646499572,,,SE
SE21,2016,2064208510.0,21.44801270175014,-0.08339212623210912,,,SE
SE21,2017,2085400000.0,21.458226520319766,0.010213818569624777,,,SE
SE21,2018,1977500000.0,21.405099257606082,-0.05312726271368362,,,SE
SE21,2019,1557100000.0,21.166090953811654,-0.23900830379442795,,,SE
SE21,2020,1649620000.0,21.223810795304782,0.05771984149312814,,,SE
SE21,2021,1519800000.0,21.14184458419996,-0.08196621110482383,,,SE
SE21,2022,1580750000.0,21.181165254902997,0.03932067070303802,,,SE
SE21,2023,1549286091.0,21.161060075323434,-0.020105179579562815,,,SE
SE21,2024,1487167622.0,21.120139223021013,-0.040920852302420485,,,SE
SE21,2025,,,,0.481523983862832,3.0,SE
SE22,2007,392398000.0,19.787787188802533,,,,SE
SE22,2008,404862000.0,19.819056826264756,0.03126963746222344,,,SE
SE22,2009,839687000.0,20.548539761314288,0.729482935049532,,,SE
SE22,2010,1839800000.0,21.33292270700733,0.7843829456930429,,,SE
SE22,2011,1100347000.0,20.818891421550866,-0.5140312854564648,,,SE
SE22,2012,935019000.0,20.65607740790211,-0.16281401364875592,,,SE
SE22,2013,1057234000.0,20.778921900601034,0.12284449269892406,,,SE
SE22,2014,735336000.0,20.41583809557629,-0.36308380502474336,,,SE
SE22,2015,839737000.0,20.548599305538993,0.1327612099627018,,,SE
SE22,2016,842898000.0,20.552356512204188,0.0037572066651954117,,,SE
SE22,2017,656251000.0,20.30205389567847,-0.25030261652571895,,,SE
SE22,2018,704107000.0,20.37244089120958,0.07038699553110916,,,SE
SE22,2019,663194000.0,20.312578114699804,-0.05986277650977456,,,SE
SE22,2020,548641000.0,20.122954869366055,-0.18962324533374897,,,SE
SE22,2021,618425000.0,20.24268648132849,0.11973161196243609,,,SE
SE22,2022,751640000.0,20.437768043885225,0.1950815625567337,,,SE
SE22,2023,550677320.0,20.126659569436924,-0.31110847444830014,,,SE
SE22,2024,530978366.0,20.090231836380003,-0.036427733056921596,,,SE
SE22,2025,,,,1.0746904562321125,4.0,SE
SE23,2007,4577760000.0,22.244475632462986,,,,SE
SE23,2008,4772720000.0,22.286182209934935,0.04170657747194895,,,SE
SE23,2009,4725040000.0,22.27614186346475,-0.010040346470184147,,,SE
SE23,2010,5163500000.0,22.364880481075733,0.08873861761098212,,,SE
SE23,2011,4927500000.0,22.318097596991148,-0.04678288408458542,,,SE
SE23,2012,4921510000.0,22.31688123093232,-0.0012163660588271341,,,SE
SE23,2013,4296270000.0,22.18101304134006,-0.1358681895922622,,,SE
SE23,2014,4419400000.0,22.20926977721528,0.02825673587522104,,,SE
SE23,2015,4446750000.0,22.215439329219862,0.006169552004582357,,,SE
SE23,2016,4538520000.0,22.235866804663562,0.02042747544370016,,,SE
SE23,2017,4471290000.0,22.220942794541656,-0.014924010121905695,,,SE
SE23,2018,4757579000.0,22.28300476235667,0.062061967815012054,,,SE
SE23,2019,4170900000.0,22.151397676807882,-0.13160708554878653,,,SE
SE23,2020,3527910000.0,21.983971464561485,-0.1674262122463972,,,SE
SE23,2021,4607360000.0,22.250920861805156,0.26694939724367117,,,SE
SE23,2022,4104770000.0,22.135415549048464,-0.11550531275669229,,,SE
SE23,2023,4272615224.91,22.175491941557013,0.04007639250854922,,,SE
SE23,2024,4231203569.7200003,22.165752321381788,-0.009739620175224672,,,SE
SE23,2025,,,,1.0590756620336843,4.0,SE
SE31,2007,1005918000.0,20.72916639436737,,,,SE
SE31,2008,1082835000.0,20.802848438787493,0.07368204442012427,,,SE
SE31,2009,687440000.0,20.348485110969243,-0.45436332781824973,,,SE
SE31,2010,1003559000.0,20.726818518692582,0.3783334077233391,,,SE
SE31,2011,796185000.0,20.49534212886546,-0.23147638982712238,,,SE
SE31,2012,715814000.0,20.388930914640838,-0.10641121422462163,,,SE
SE31,2013,705025000.0,20.373743821140724,-0.015187093500113491,,,SE
SE31,2014,541508000.0,20.109868398072734,-0.26387542306799006,,,SE
SE31,2015,503225000.0,20.03654794415137,-0.07332045392136521,,,SE
SE31,2016,528781000.0,20.086084915447767,0.04953697129639778,,,SE
SE31,2017,590782000.0,20.196957640994196,0.1108727255464288,,,SE
SE31,2018,608609430.0,20.226687289884826,0.02972964889062979,,,SE
SE31,2019,524340000.0,20.077650886831783,-0.14903640305304222,,,SE
SE31,2020,474656000.0,19.978100889105477,-0.09954999772630657,,,SE
SE31,2021,522030000.0,20.073235615459872,0.09513472635439513,,,SE
SE31,2022,482752000.0,19.99501362219544,-0.07822199326443169,,,SE
SE31,2023,493741331.0,20.017522316557116,0.022508694361675907,,,SE
SE31,2024,467350995.0,19.962591128615955,-0.05493118794116114,,,SE
SE31,2025,,,,0.6637542183191169,1.0,SE
SE32,2007,471200000.0,19.970793190301652,,,,SE
SE32,2008,404800000.0,19.81890367593753,-0.15188951436412168,,,SE
SE32,2009,393430000.0,19.79041371927303,-0.028489956664500937,,,SE
SE32,2010,560980000.0,20.145195812227588,0.354782092954558,,,SE
SE32,2011,351010000.0,19.676325271052796,-0.4688705411747911,,,SE
SE32,2012,513510000.0,20.056780061339957,0.38045479028716045,,,SE
SE32,2013,494140000.0,20.018329435811488,-0.03845062552846912,,,SE
SE32,2014,390880000.0,19.783911165473704,-0.23441827033778395,,,SE
SE32,2015,405210000.0,19.819916009205055,0.0360048437313516,,,SE
SE32,2016,453070000.0,19.931557196895803,0.11164118769074705,,,SE
SE32,2017,494500000.0,20.01905770902704,0.0875005121312391,,,SE
SE32,2018,502240000.0,20.034588651057916,0.015530942030874684,,,SE
SE32,2019,468380000.0,19.96479049022798,-0.0697981608299365,,,SE
SE32,2020,437550000.0,19.896701542946115,-0.06808894728186488,,,SE
SE32,2021,451840000.0,19.928838692829096,0.03213714988298122,,,SE
SE32,2022,485330000.0,20.000339629897343,0.07150093706824734,,,SE
SE32,2023,487536692.65,20.004876112544117,0.004536482646773976,,,SE
SE32,2024,428093703.2,19.87485266229408,-0.13002345025003592,,,SE
SE32,2025,,,,0.8471272227141758,1.0,SE
SE33,2007,904450000.0,20.622837582111917,,,,SE
SE33,2008,4440000000.0,22.213920213390544,1.5910826312786277,,,SE
SE33,2009,3279800000.0,21.91104828187362,-0.3028719315169255,,,SE
SE33,2010,4542600000.0,22.23676537230159,0.3257170904279718,,,SE
SE33,2011,4467690000.0,22.220137333472355,-0.016628038829235692,,,SE
SE33,2012,4286900000.0,22.178829697954754,-0.04130763551760097,,,SE
SE33,2013,4435800000.0,22.212973819755383,0.034144121800629534,,,SE
SE33,2014,4458480000.0,22.21807373771553,0.0050999179601483036,,,SE
SE33,2015,3580290000.0,21.99870963966484,-0.21936409805069346,,,SE
SE33,2016,4451750000.0,22.216563114245698,0.2178534745808598,,,SE
SE33,2017,4676900000.0,22.265901334234297,0.04933821998859855,,,SE
SE33,2018,4377600000.0,22.19976646595245,-0.06613486828184634,,,SE
SE33,2019,4380910000.0,22.20052230231219,0.0007558363597404139,,,SE
SE33,2020,4188580000.0,22.155627611292175,-0.04489469102001564,,,SE
SE33,2021,4340800000.0,22.19132449986894,0.03569688857676567,,,SE
SE33,2022,4219900000.0,22.163077268031095,-0.028247231837845277,,,SE
SE33,2023,4376424849.1,22.199497983528122,0.036420715497026634,,,SE
SE33,2024,3962877593.0,22.100236263218687,-0.09926172030943547,,,SE
SE33,2025,,,,-0.24744897517649278,1.0,SE
SI03,2007,5792000000.0,22.479743492029826,,,,SI
SI03,2008,5636000000.0,22.452440430982843,-0.027303061046982435,,,SI
SI03,2009,868000000.0,20.581702272624625,-1.8707381583582183,,,SI
SI03,2010,143000000.0,18.778355188224182,-1.8033470844004427,,,SI
SI03,2011,146000000.0,18.79911717967261,0.020761991448427608,,,SI
SI03,2012,131000000.0,18.690707881165427,-0.1084092985071834,,,SI
SI03,2013,137000000.0,18.735491483792398,0.04478360262697123,,,SI
SI03,2014,133000000.0,18.705859686186027,-0.02963179760637047,,,SI
SI03,2015,123000000.0,18.627694913336693,-0.07816477284933399,,,SI
SI03,2016,112000000.0,18.534009429259367,-0.09368548407732646,,,SI
SI03,2017,109000000.0,18.50685844019342,-0.02715098906594804,,,SI
SI03,2018,113977000.0,18.551507231617652,0.04464879142423328,,,SI
SI03,2019,114556000.0,18.556574344365906,0.005067112748253777,,,SI
SI03,2020,90056000.0,18.315942257016776,-0.24063208734913033,,,SI
SI03,2023,2745945000.0,21.73339111495832,3.417448857941544,-0.025131745563256425,4.0,SI
SI03,2024,3089330000.0,21.851220075866408,0.11782896090808848,0.10177668834074932,2.0,SI
SI03,2025,,,,-0.19159748217143055,4.0,SI
SI04,2007,532000000.0,20.092154047305918,,,,SI
SI04,2008,1434000000.0,21.08373357912384,0.9915795318179228,,,SI
SI04,2009,1180000000.0,20.888780275423983,-0.19495330369985808,,,SI
SI04,2010,1125000000.0,20.841048872602794,-0.047731402821188595,,,SI
SI04,2011,1114000000.0,20.831222978451503,-0.009825894151290981,,,SI
SI04,2012,1108000000.0,20.825822425271504,-0.005400553179999434,,,SI
SI04,2013,1052000000.0,20.77395895126193,-0.05186347400957558,,,SI
SI04,2014,1081000000.0,20.801152375603483,0.027193424341554362,,,SI
SI04,2015,1101000000.0,20.819484694686953,0.018332319083469883,,,SI
SI04,2016,1101000000.0,20.819484694686953,0.0,,,SI
SI04,2017,1178000000.0,20.887083922175805,0.06759922748885216,,,SI
SI04,2018,1306314000.0,20.99047526769248,0.10339134551667684,,,SI
SI04,2019,1192005000.0,20.898902600211645,-0.09157266748083615,,,SI
SI04,2020,1120024931.0,20.836616781827097,-0.06228581838454872,,,SI
SI04,2021,1134527169.0,20.849481809892133,0.0128650280650362,,,SI
SI04,2022,1192793000.0,20.89956345285298,0.050081642960847716,,,SI
SI04,2023,934876355.0,20.655924837866685,-0.24363861498629547,0.13156226985295386,4.0,SI
SI04,2024,911768226.0,20.630896377582136,-0.02502846028454897,0.2399068194832491,2.0,SI
SI04,2025,,,,0.41636413939947076,4.0,SI
SK01,2023,,,,-0.6849959877924312,4.0,SK
SK01,2024,,,,0.04751181952840336,2.0,SK
SK01,2025,,,,0.2316467536086815,4.0,SK
SK02,2023,,,,-0.9960222040949475,4.0,SK
SK02,2024,,,,-0.8324352192874005,2.0,SK
SK02,2025,,,,-0.35175482739251457,4.0,SK
SK03,2023,,,,-0.728787930095873,4.0,SK
SK03,2024,,,,-0.9278056554304834,2.0,SK
SK03,2025,,,,0.04483651805407268,4.0,SK
SK04,2023,,,,-0.7183881220275795,4.0,SK
SK04,2024,,,,-1.0742056467372207,2.0,SK
SK04,2025,,,,-0.7990596706732742,4.0,SK
UKC2,2011,3050000000.0,21.83840742756573,,,,UK
UKC2,2012,2050000000.0,21.44110563009673,-0.3973017974690016,,,UK
UKC2,2013,2280000000.0,21.54744127991276,0.10633564981603172,,,UK
UKC2,2014,2720000000.0,21.723897717254317,0.1764564373415567,,,UK
UKC2,2015,1290000000.0,20.977908055319993,-0.745989661934324,,,UK
UKD4,2011,510000000.0,20.049921283682647,,,,UK
UKD4,2012,313000000.0,19.561713748504427,-0.48820753517821913,,,UK
UKD4,2013,441000000.0,19.90455543341112,0.3428416849066913,,,UK
UKD4,2014,558000000.0,20.139869520345584,0.23531408693446565,,,UK
UKD4,2015,588000000.0,20.192237505862902,0.052367985517317805,,,UK
UKD4,2016,575000000.0,20.169880598761626,-0.022356907101276136,,,UK
UKD4,2017,553000000.0,20.130868559486608,-0.039012039275018395,,,UK
UKD4,2018,538000000.0,20.103369118126057,-0.02749944136055049,,,UK
UKD4,2019,428000000.0,19.87463375354607,-0.2287353645799861,,,UK
UKD6,2011,8200000000.0,22.82739999121662,,,,UK
UKD6,2012,9140000000.0,22.93592622241247,0.10852623119584948,,,UK
UKD7,2015,249000000.0,19.33296345442898,,,,UK
UKD7,2016,333000000.0,19.623653047944718,0.29068959351573653,,,UK
UKD7,2017,481000000.0,19.991377828070036,0.36772478012531806,,,UK
UKD7,2018,374000000.0,19.739766355378805,-0.25161147269123063,,,UK
UKD7,2019,513000000.0,20.055786403135045,0.3160200477562398,,,UK
UKE1,2014,230000000.0,19.25358986688747,,,,UK
UKE1,2015,223000000.0,19.222682329424394,-0.03090753746307584,,,UK
UKE1,2016,230000000.0,19.25358986688747,0.03090753746307584,,,UK
UKE1,2017,274000000.0,19.428638664352345,0.1750487974648749,,,UK
UKE1,2018,414000000.0,19.84137653178959,0.4127378674372437,,,UK
UKE1,2019,399000000.0,19.80447197485414,-0.03690455693545047,,,UK
UKE2,2011,25010000000.0,23.94254158183594,,,,UK
UKE2,2012,32900000000.0,24.216738494717738,0.2741969128817985,,,UK
UKE2,2013,31800000000.0,24.182732126732542,-0.03400636798519585,,,UK
UKE2,2014,16600000000.0,23.532668532308907,-0.650063594423635,,,UK
UKE2,2015,13200000000.0,23.303482666538738,-0.22918586577016953,,,UK
UKE2,2016,6260000000.0,22.557446022058418,-0.7460366444803199,,,UK
UKE2,2017,6210000000.0,22.5494267328918,-0.008019289166618648,,,UK
UKE2,2018,4140000000.0,22.143961624783636,-0.4054651081081637,,,UK
UKE2,2019,12300000000.0,23.232865099324783,1.0889034745411479,,,UK
UKE3,2018,107000000.0,18.48833939242618,,,,UK
UKE4,2011,7150000000.0,22.69037819365233,,,,UK
UKE4,2012,8980000000.0,22.918265719260518,0.22788752560818892,,,UK
UKE4,2013,8230000000.0,22.83105185163539,-0.0872138676251275,,,UK
UKF1,2011,16699000000.0,23.538614674336706,,,,UK
UKF1,2012,22553000000.0,23.83913393174038,0.3005192574036748,,,UK
UKF1,2013,11418000000.0,23.158456894488477,-0.680677037251904,,,UK
UKF1,2014,19263000000.0,23.681451994426432,0.5229950999379547,,,UK
UKF1,2015,7726000000.0,22.7678571011905,-0.9135948932359312,,,UK
UKF1,2016,1570000000.0,21.174341456306628,-1.5935156448838725,,,UK
UKF1,2017,3804000000.0,22.059318981629556,0.8849775253229275,,,UK
UKF1,2018,107000000.0,18.48833939242618,-3.5709795892033753,,,UK
UKF1,2019,101000000.0,18.430631074805532,-0.057708317620647875,,,UK
UKF2,2011,700000000.0,20.36659089300768,,,,UK
UKF2,2012,534000000.0,20.09590639692447,-0.2706844960832093,,,UK
UKF2,2013,659000000.0,20.30623409246678,0.21032769554231123,,,UK
UKF2,2014,568000000.0,20.157631976685426,-0.14860211578135463,,,UK
UKF2,2015,584000000.0,20.1854115407925,0.027779564107074606,,,UK
UKF2,2016,632000000.0,20.26439995211113,0.07898841131862966,,,UK
UKF2,2017,581000000.0,20.180261314816185,-0.08413863729494508,,,UK
UKF2,2018,591000000.0,20.197326575370372,0.01706526055418678,,,UK
UKF2,2019,651000000.0,20.29402020017284,0.09669362480246946,,,UK
UKF3,2016,1790000000.0,21.305481456799075,,,,UK
UKF3,2017,1390000000.0,21.05256958408901,-0.2529118727100652,,,UK
UKG2,2011,1103000000.0,20.821299577217776,,,,UK
UKG2,2012,171000000.0,18.957174114466934,-1.8641254627508417,,,UK
UKG2,2013,340000000.0,19.644456175574483,0.687282061107549,,,UK
UKG2,2014,142000000.0,18.771337615565535,-0.8731185600089475,,,UK
UKG2,2015,652000000.0,20.295555119890928,1.5242175043253923,,,UK
UKG2,2016,630000000.0,20.261230377349854,-0.03432474254107376,,,UK
UKG2,2017,641000000.0,20.278540014884943,0.01730963753508874,,,UK
UKG2,2018,703000000.0,20.370867449774938,0.09232743488999517,,,UK
UKG2,2019,690000000.0,20.352202155555577,-0.018665294219360362,,,UK
UKG3,2014,170000000.0,18.951308995014536,,,,UK
UKG3,2015,160000000.0,18.890684373198102,-0.06062462181643369,,,UK
UKG3,2016,158000000.0,18.87810559099124,-0.012578782206862371,,,UK
UKG3,2017,155000000.0,18.858935674883522,-0.019169916107717455,,,UK
UKG3,2018,156000000.0,18.86536656521381,0.006430890330289429,,,UK
UKG3,2019,154000000.0,18.852463160377905,-0.012903404835906684,,,UK
UKH1,2011,305000000.0,19.535822334571687,,,,UK
UKH1,2012,257000000.0,19.364586642859493,-0.17123569171219444,,,UK
UKH1,2013,258000000.0,19.36847014288589,0.0038835000263972574,,,UK
UKH1,2014,288000000.0,19.47847103810022,0.11000089521433054,,,UK
UKH1,2015,286000000.0,19.471502368784126,-0.006968669316094633,,,UK
UKH1,2016,220000000.0,19.209138104316636,-0.2623642644674895,,,UK
UKH1,2017,244000000.0,19.312678783257475,0.1035406789408384,,,UK
UKH1,2018,314000000.0,19.56490354387253,0.2522247606150536,,,UK
UKH1,2019,280000000.0,19.450300161133523,-0.11460338273900561,,,UK
UKH3,2011,631000000.0,20.262816420505487,,,,UK
UKI4,2011,162000000.0,18.903106893196657,,,,UK
UKI4,2012,199000000.0,19.108815382688768,0.2057084894921104,,,UK
UKI4,2013,197000000.0,19.09871428670226,-0.010101095986506436,,,UK
UKI4,2014,215000000.0,19.186148586091935,0.08743429938967395,,,UK
UKI4,2015,208000000.0,19.15304863766559,-0.03309994842634367,,,UK
UKI4,2016,224000000.0,19.227156609819314,0.07410797215372256,,,UK
UKI4,2017,194000000.0,19.083368717027604,-0.14378789279171045,,,UK
UKI4,2018,232000000.0,19.262247929630583,0.178879212602979,,,UK
UKI4,2019,217000000.0,19.195407911504734,-0.06684001812584839,,,UK
UKI6,2019,130000000.0,18.683045008419857,,,,UK
UKJ1,2015,125000000.0,18.643824295266576,,,,UK
UKJ1,2016,121000000.0,18.611301103561015,-0.03252319170556106,,,UK
UKJ1,2017,120000000.0,18.60300230074632,-0.008298802814696415,,,UK
UKJ1,2018,209000000.0,19.157844809929085,0.554842509182766,,,UK
UKJ1,2019,138000000.0,18.742764243121478,-0.41508056680760674,,,UK
UKJ4,2015,412000000.0,19.8365339073138,,,,UK
UKJ4,2016,388000000.0,19.776515897587547,-0.06001800972625304,,,UK
UKJ4,2017,547000000.0,20.119959360386254,0.34344346279870663,,,UK
UKJ4,2018,372000000.0,19.73440441223742,-0.3855549481488332,,,UK
UKJ4,2019,165000000.0,18.921456031864853,-0.8129483803725677,,,UK
UKL1,2016,2360000000.0,21.58192745598393,,,,UK
UKL1,2017,2230000000.0,21.525267422418437,-0.05666003356549254,,,UK
UKL1,2018,2280000000.0,21.54744127991276,0.0221738574943231,,,UK
UKL1,2019,2160000000.0,21.493374058642484,-0.05406722127027663,,,UK
UKL2,2011,5472000000.0,22.42291001726666,,,,UK
UKL2,2012,8604000000.0,22.875493048351895,0.45258303108523634,,,UK
UKL2,2013,8895000000.0,22.90875515806421,0.03326210971231447,,,UK
UKL2,2015,7907000000.0,22.791014280035203,-0.11774087802900723,,,UK
UKL2,2016,7374000000.0,22.721226136758364,-0.06978814327683835,,,UK
UKL2,2017,3168000000.0,21.87636631089859,-0.8448598258597748,,,UK
UKL2,2018,1543000000.0,21.156994410327435,-0.7193719005711543,,,UK
UKL2,2019,1647000000.0,21.222221288141913,0.065226877814478,,,UK
UKM7,2007,12147900000.0,23.22042215228833,,,,UK
UKM7,2011,8561950000.0,22.870593804895048,-0.34982834739328084,,,UK
UKM7,2012,203120000.0,19.129307495360695,-3.7412863095343525,,,UK
UKM7,2013,192700000.0,19.076645133384595,-0.052662361976100414,,,UK
UKM7,2014,504000000.0,20.03808682603564,0.9614416926510465,,,UK
UKM9,2007,89000000.0,18.304146927696415,,,,UK
UKM9,2011,114840000.0,18.559050413217136,0.25490348552072106,,,UK
UKM9,2012,127670000.0,18.664959367796534,0.10590895457939808,,,UK
UKM9,2013,18560000.0,16.736519285322327,-1.9284400824742072,,,UK
UKM9,2014,669000000.0,20.3212946180925,3.5847753327701746,,,UK
