country_code,year,verified_emissions_t,log_emissions,d_log_emissions,dii_high_share_manufacturing,dii_version,dii_high_share_d35,dii_high_share_c_or_d35,eibis_digital_multi,gdp_per_capita,d_log_gdp_per_capita,energy_import_dependency_pct,eu_accession_cohort,dii_version_break_vs_prior_year,dii_lag,dii_lead,energy_dep_2021_baseline,crisis_period,energy_shock_exposure,accession_2004plus
AT,2005,33373155.0,17.323262392257767,,,,,,,40270.0,0.0162727335929577,71.76,EU-15,True,,,51.952,0.0,0.0,0.0
AT,2006,32384372.0,17.293186518717448,-0.0300758735403192,,,,,,41370.0,0.0269492056099576,72.248,EU-15,True,,,51.952,0.0,0.0,0.0
AT,2007,31751260.0,17.273442967554914,-0.0197435511625343,,,,,,42790.0,0.0337484499554054,68.475,EU-15,True,,,51.952,0.0,0.0,0.0
AT,2008,32078974.0,17.283711357907496,0.0102683903525822,,,,,,43270.0,0.0111551238080682,68.738,EU-15,True,,,51.952,0.0,0.0,0.0
AT,2009,27359833.0,17.124586546898826,-0.1591248110086702,,,,,,41620.0,-0.0388787332713054,65.122,EU-15,True,,,51.952,0.0,0.0,0.0
AT,2010,30919711.0,17.24690443493865,0.1223178880398236,,,,,,42280.0,0.0157333400365491,62.782,EU-15,True,,,51.952,0.0,0.0,0.0
AT,2011,30599418.0,17.23649154713389,-0.0104128878047582,,,,,,43370.0,0.0254537968452375,69.981,EU-15,True,,,51.952,0.0,0.0,0.0
AT,2012,28387060.0,17.161443965495994,-0.0750475816378966,,,,,,43450.0,0.0018428938641257,63.785,EU-15,True,,,51.952,0.0,0.0,0.0
AT,2013,29771753.0,17.209070616041657,0.0476266505456628,,,,,,43080.0,-0.0085519994232132,61.26,EU-15,True,,,51.952,0.0,0.0,0.0
AT,2014,28023947.0,17.14856995262159,-0.0605006634200684,,,,,,43070.0,-0.0002321532221678,65.625,EU-15,True,,0.2463,51.952,0.0,0.0,0.0
AT,2015,29459819.0,17.19853782505592,0.0499678724343297,0.2463,1.0,,0.2463,,43200.0,0.0030137961840459,60.379,EU-15,True,,0.1415,51.952,0.0,0.0,0.0
AT,2016,28967793.0,17.181695184586008,-0.0168426404699104,0.1415,1.0,,0.1415,,43550.0,0.0080692080484467,62.102,EU-15,False,0.2463,0.2673999999999999,51.952,0.0,0.0,0.0
AT,2017,30529853.0,17.23421554976334,0.0525203651773331,0.2673999999999999,1.0,,0.2673999999999999,,44260.0,0.0161716313243918,63.93,EU-15,False,0.1415,0.1522,51.952,0.0,0.0,0.0
AT,2018,28380243.0,17.16120379202738,-0.0730117577359621,0.1522,1.0,,0.1522,,45140.0,0.0196874367664854,64.223,EU-15,False,0.2673999999999999,0.3234,51.952,0.0,0.0,0.0
AT,2019,29540448.0,17.201271000829284,0.0400672088019042,0.3234,1.0,,0.3234,,45730.0,0.0129857662805736,71.601,EU-15,False,0.1522,0.1911999999999999,51.952,0.0,0.0,0.0
AT,2020,27013522.0,17.111848113417533,-0.0894228874117502,0.1911999999999999,2.0,,0.1911999999999999,,42650.0,-0.0697272637322754,58.281,EU-15,True,0.3234,0.2748,51.952,0.0,0.0,0.0
AT,2021,28704509.0,17.172564776403615,0.0607166629860813,0.2748,3.0,,0.2748,,44580.0,0.0442580540200356,51.952,EU-15,True,0.1911999999999999,0.3604,51.952,0.0,0.0,0.0
AT,2022,26626257.0,17.097408392147052,-0.0751563842565623,0.3604,4.0,,0.3604,,46430.0,0.040660474074107,73.986,EU-15,True,0.2748,0.2854,51.952,1.0,51.952,0.0
AT,2023,24413340.0,17.010640262177258,-0.0867681299697942,0.2854,3.0,,0.2854,0.56,45670.0,-0.0165041748349228,60.317,EU-15,True,0.3604,0.4034,51.952,1.0,51.952,0.0
AT,2024,23923093.0,16.99035478470747,-0.0202854774697875,0.4034,4.0,,0.4034,0.6,45140.0,-0.011672855807518,53.325,EU-15,True,0.2854,0.3876,51.952,0.0,0.0,0.0
AT,2025,25580873.0,17.057355481757792,0.0670006970503216,0.3876,3.0,,0.3876,0.6,45390.0,0.0055230450789842,,EU-15,True,0.4034,,51.952,0.0,0.0,0.0
BE,2005,55363232.0,17.829426249072444,,,,,,,38100.0,0.0174746305232638,79.912,EU-15,True,,,70.773,0.0,0.0,0.0
BE,2006,54775326.0,17.818750395048358,-0.0106758540240861,,,,,,38810.0,0.0184636632481591,79.486,EU-15,True,,,70.773,0.0,0.0,0.0
BE,2007,52795333.0,17.781933354618335,-0.0368170404300229,,,,,,39950.0,0.0289507268314697,76.882,EU-15,True,,,70.773,0.0,0.0,0.0
BE,2008,55462027.0,17.83120914634806,0.0492757917297232,,,,,,39810.0,-0.0035105352000588,80.846,EU-15,True,,,70.773,0.0,0.0,0.0
BE,2009,46206938.0,17.64864051793728,-0.1825686284107774,,,,,,38740.0,-0.0272454790333753,75.921,EU-15,True,,,70.773,0.0,0.0,0.0
BE,2010,50103979.0,17.729610984059086,0.0809704661218049,,,,,,39420.0,0.0174006437457237,78.656,EU-15,True,,,70.773,0.0,0.0,0.0
BE,2011,46203055.0,17.648556479406896,-0.0810545046521902,,,,,,39670.0,0.006321932801665,76.588,EU-15,True,,,70.773,0.0,0.0,0.0
BE,2012,43006980.0,17.57687298606586,-0.0716834933410339,,,,,,39510.0,-0.004041430102939,76.673,EU-15,True,,,70.773,0.0,0.0,0.0
BE,2013,45231175.0,17.62729711944956,0.0504241333836965,,,,,,39440.0,-0.0017732746888654,77.858,EU-15,True,,,70.773,0.0,0.0,0.0
BE,2014,43853144.0,17.59635697318599,-0.0309401462635676,,,,,,39960.0,0.0130984240459195,80.19,EU-15,True,,,70.773,0.0,0.0,0.0
BE,2015,44713915.0,17.61579530867992,0.0194383354939304,,,,,,40310.0,0.0087206233487204,84.227,EU-15,True,,0.1675,70.773,0.0,0.0,0.0
BE,2016,43655728.0,17.5918450572992,-0.0239502513807217,0.1675,1.0,,0.1675,,40590.0,0.0069221537217316,75.982,EU-15,False,,,70.773,0.0,0.0,0.0
BE,2017,43772976.0,17.59452719863093,0.0026821413317321,,,,,,41030.0,0.0107817756032897,75.318,EU-15,False,0.1675,,70.773,0.0,0.0,0.0
BE,2018,44182748.0,17.60384495411244,0.0093177554815078,,,,,,41610.0,0.0140370165407546,83.043,EU-15,False,,,70.773,0.0,0.0,0.0
BE,2019,44626399.0,17.61383614771273,0.0099911936002889,,,,,,42400.0,0.0188078392430615,77.668,EU-15,False,,,70.773,0.0,0.0,0.0
BE,2020,41511613.0,17.541483777380744,-0.0723523703319841,,,,,,40190.0,-0.0535301537768013,78.133,EU-15,True,,0.252,70.773,0.0,0.0,0.0
BE,2021,41429547.0,17.539504879888085,-0.0019788974926591,0.252,3.0,,0.252,,42530.0,0.0565915008044317,70.773,EU-15,True,,0.4123999999999999,70.773,0.0,0.0,0.0
BE,2022,39722562.0,17.49742989657169,-0.0420749833163967,0.4123999999999999,4.0,0.8977,0.65505,,43890.0,0.0314767944346012,73.697,EU-15,True,0.252,0.3734,70.773,1.0,70.773,0.0
BE,2023,35402662.0,17.382297573016906,-0.115132323554782,0.3734,3.0,,0.3734,0.58,44190.0,0.0068120154425059,75.763,EU-15,True,0.4123999999999999,0.4872999999999999,70.773,1.0,70.773,0.0
BE,2024,35849295.0,17.394834459544573,0.0125368865276662,0.4872999999999999,4.0,,0.4872999999999999,0.71,44410.0,0.004966150161362,75.448,EU-15,True,0.3734,0.6412,70.773,0.0,0.0,0.0
BE,2025,36120855.0,17.40238095732925,0.007546497784677,0.6412,3.0,0.8588,0.75,0.6,44650.0,0.0053896380184976,,EU-15,True,0.4872999999999999,,70.773,0.0,0.0,0.0
BG,2007,39181984.0,17.483727607279256,,,,,,,6670.0,0.069849953176444,51.233,2007,True,,,36.178,0.0,0.0,1.0
BG,2008,38303052.0,17.46104013766013,-0.0226874696191252,,,,,,7110.0,0.0638823838876181,52.154,2007,True,,,36.178,0.0,0.0,1.0
BG,2009,32014545.0,17.281700888745963,-0.179339248914168,,,,,,6910.0,-0.0285326060355721,45.393,2007,True,,,36.178,0.0,0.0,1.0
BG,2010,33525096.0,17.32780485066259,0.0461039619166285,,,,,,7060.0,0.0214754137255717,40.146,2007,True,,,36.178,0.0,0.0,1.0
BG,2011,39997538.0,17.50432846018393,0.1765236095213396,,,,,,7390.0,0.0456826834549612,36.732,2007,True,,,36.178,0.0,0.0,1.0
BG,2012,35050852.0,17.372310479280678,-0.1320179809032531,,,,,,7530.0,0.0187673068516911,36.859,2007,True,,,36.178,0.0,0.0,1.0
BG,2013,32695619.0,17.30275165135679,-0.0695588279238883,,,,,,7600.0,0.0092532054804834,38.313,2007,True,,,36.178,0.0,0.0,1.0
BG,2014,34305079.0,17.35080397697578,0.0480523256189897,,,,,,7770.0,0.0221219170872704,35.171,2007,True,,,36.178,0.0,0.0,1.0
BG,2015,36260861.0,17.40624950818281,0.0554455312070309,,,,,,8130.0,0.0452907591801636,36.446,2007,True,,,36.178,0.0,0.0,1.0
BG,2016,33410834.0,17.32439077660743,-0.0818587315753802,,,,,,8490.0,0.0433280767635366,38.472,2007,False,,,36.178,0.0,0.0,1.0
BG,2017,34908095.0,17.368229308700847,0.0438385320934173,,,,,,8840.0,0.0403978763262955,39.362,2007,False,,,36.178,0.0,0.0,1.0
BG,2018,31028875.0,17.25042878053046,-0.1178005281703882,,,,,,9170.0,0.0366504096188222,36.596,2007,False,,,36.178,0.0,0.0,1.0
BG,2019,29194151.0,17.189478938954963,-0.0609498415754963,,,,,,9650.0,0.0510206290825205,38.457,2007,False,,,36.178,0.0,0.0,1.0
BG,2020,23845295.0,16.9870974812043,-0.2023814577506613,,,,,,9440.0,-0.0220019351934848,38.171,2007,True,,,36.178,0.0,0.0,1.0
BG,2021,28931536.0,17.180442769217287,0.1933452880129849,,,0.1565,0.1565,,10250.0,0.0823217254270076,36.178,2007,True,,0.1232,36.178,0.0,0.0,1.0
BG,2022,33933868.0,17.339924129673523,0.1594813604562368,0.1232,4.0,0.4785999999999999,0.3009,,10740.0,0.0466973834963013,37.11,2007,True,,0.0461,36.178,1.0,36.178,1.0
BG,2023,21639927.0,16.89005063855424,-0.4498734911192841,0.0461,3.0,,0.0461,0.24,10950.0,0.0193643671817902,39.512,2007,True,0.1232,0.1052,36.178,1.0,36.178,1.0
BG,2024,18999979.0,16.759948431866945,-0.1301022066872939,0.1052,4.0,,0.1052,0.26,11330.0,0.034114618777405,41.936,2007,True,0.0461,0.0810999999999999,36.178,0.0,0.0,1.0
BG,2025,10285251.0,16.14622148524394,-0.6137269466230038,0.0810999999999999,3.0,,0.0810999999999999,0.35,11710.0,0.0329891025697115,,2007,True,0.1052,,36.178,0.0,0.0,1.0
CY,2005,5078877.0,15.440600732124514,,,,,,,23470.0,0.0329176537454642,100.703,2004,True,,,89.524,0.0,0.0,1.0
CY,2006,5259273.0,15.47550336223385,0.034902630109336,,,,,,24170.0,0.0293891848524605,102.508,2004,True,,,89.524,0.0,0.0,1.0
CY,2007,5396164.0,15.501198888731547,0.0256955264976976,,,,,,24870.0,0.0285500630999209,95.894,2004,True,,,89.524,0.0,0.0,1.0
CY,2008,5576646.0,15.534098078370516,0.0328991896389698,,,,,,25140.0,0.0107979453467876,97.427,2004,True,,,89.524,0.0,0.0,1.0
CY,2009,5361633.0,15.494779150825382,-0.0393189275451355,,,,,,23980.0,-0.0472400535627333,96.13,2004,True,,,89.524,0.0,0.0,1.0
CY,2010,5056220.0,15.43612972652041,-0.0586494243049724,,,,,,23890.0,-0.0037601882616495,100.636,2004,True,,,89.524,0.0,0.0,1.0
CY,2011,4599381.0,15.34143228718722,-0.0946974393331885,,,,,,23390.0,-0.0211513807416299,92.263,2004,True,,,89.524,0.0,0.0,1.0
CY,2012,4383898.0,15.293448840915964,-0.0479834462712567,,,,,,22280.0,-0.0486191655370049,96.748,2004,True,,,89.524,0.0,0.0,1.0
CY,2013,4024874.0,15.208004163996984,-0.0854446769189802,,,,,,20830.0,-0.0672951597862017,96.071,2004,True,,,89.524,0.0,0.0,1.0
CY,2014,4468556.0,15.312575871894689,0.1045717078977048,,,,,,20490.0,-0.0164572930220732,93.086,2004,True,,0.0443,89.524,0.0,0.0,1.0
CY,2015,4369326.0,15.290119321766966,-0.0224565501277229,0.0443,1.0,,0.0443,,21140.0,0.0312300181912839,97.319,2004,True,,0.0102,89.524,0.0,0.0,1.0
CY,2016,4649223.0,15.352210666827125,0.0620913450601587,0.0102,1.0,,0.0102,,22410.0,0.0583403073707433,95.841,2004,False,0.0443,0.0809,89.524,0.0,0.0,1.0
CY,2017,4672871.0,15.357284215908846,0.0050735490817217,0.0809,1.0,,0.0809,,23500.0,0.0474931333372783,95.927,2004,False,0.0102,0.046,89.524,0.0,0.0,1.0
CY,2018,4585570.0,15.338424974375467,-0.0188592415333772,0.046,1.0,,0.046,,24690.0,0.0493978822069749,92.491,2004,False,0.0809,0.1146,89.524,0.0,0.0,1.0
CY,2019,4471662.0,15.313270709565304,-0.0251542648101636,0.1146,1.0,,0.1146,,25790.0,0.0435885165361646,92.792,2004,False,0.046,0.0483,89.524,0.0,0.0,1.0
CY,2020,4294888.0,15.27293603622696,-0.0403346733383465,0.0483,2.0,,0.0483,,24630.0,-0.0460216077608066,93.179,2004,True,0.1146,0.1467999999999999,89.524,0.0,0.0,1.0
CY,2021,4314996.0,15.277606955500394,0.0046709192734351,0.1467999999999999,3.0,0.3934,0.2701,,27030.0,0.0929821481559098,89.524,2004,True,0.0483,0.1764,89.524,0.0,0.0,1.0
CY,2022,4328319.0,15.280689802892107,0.003082847391715,0.1764,4.0,,0.1764,,28850.0,0.0651626326657517,92.018,2004,True,0.1467999999999999,0.2012,89.524,1.0,89.524,1.0
CY,2023,4343281.0,15.284140611242906,0.0034508083507969,0.2012,3.0,,0.2012,0.29,29320.0,0.0161598840643417,92.205,2004,True,0.1764,0.1656,89.524,1.0,89.524,1.0
CY,2024,4346576.0,15.284898966681416,0.0007583554385099,0.1656,4.0,1.0,0.5828,0.37,29950.0,0.0212594475430076,87.706,2004,True,0.2012,0.2288,89.524,0.0,0.0,1.0
CY,2025,4334042.0,15.282011151848284,-0.0028878148331319,0.2288,3.0,,0.2288,0.32,30590.0,0.0211438336013536,,2004,True,0.1656,,89.524,0.0,0.0,1.0
CZ,2005,82454636.0,18.227758833406128,,,,,,,16180.0,0.0591964085769252,27.846,2004,True,,,39.958,0.0,0.0,1.0
CZ,2006,83624960.0,18.24185259808669,0.0140937646805632,,,,,,17200.0,0.061133472189061,27.498,2004,True,,,39.958,0.0,0.0,1.0
CZ,2007,87834764.0,18.290967925569973,0.0491153274832818,,,,,,18050.0,0.0482363009594823,24.989,2004,True,,,39.958,0.0,0.0,1.0
CZ,2008,80399099.0,18.20251352761874,-0.0884543979512315,,,,,,18330.0,0.0153933770727245,27.737,2004,True,,,39.958,0.0,0.0,1.0
CZ,2009,73784830.0,18.116663712885707,-0.0858498147330344,,,,,,17350.0,-0.0549465554587467,26.867,2004,True,,,39.958,0.0,0.0,1.0
CZ,2010,75584352.0,18.140759835598608,0.0240961227129012,,,,,,17770.0,0.023919135773692,25.38,2004,True,,,39.958,0.0,0.0,1.0
CZ,2011,74187036.0,18.12209997589169,-0.018659859706922,,,,,,18120.0,0.0195046584482732,28.832,2004,True,,,39.958,0.0,0.0,1.0
CZ,2012,69316470.0,18.054193098260573,-0.0679068776311133,,,,,,17970.0,-0.0083125998193658,25.413,2004,True,,,39.958,0.0,0.0,1.0
CZ,2013,67712131.0,18.030775909422644,-0.0234171888379286,,,,,,17970.0,0.0,27.58,2004,True,,,39.958,0.0,0.0,1.0
CZ,2014,66695189.0,18.0156433793489,-0.0151325300737426,,,,,,18370.0,0.0220151984315677,30.227,2004,True,,0.1353,39.958,0.0,0.0,1.0
CZ,2015,66648045.0,18.014936271825707,-0.0007071075231941,0.1353,1.0,,0.1353,,19270.0,0.0478305831992393,32.089,2004,True,,0.1462,39.958,0.0,0.0,1.0
CZ,2016,67530907.0,18.0280959325285,0.0131596607027937,0.1462,1.0,,0.1462,,19760.0,0.0251102098934481,32.8,2004,False,0.1353,0.1355,39.958,0.0,0.0,1.0
CZ,2017,66975758.0,18.019841290986744,-0.0082546415417574,0.1355,1.0,,0.1355,,20760.0,0.0493683659779655,37.162,2004,False,0.1462,0.107,39.958,0.0,0.0,1.0
CZ,2018,66913386.0,18.018909594769283,-0.0009316962174601,0.107,1.0,,0.107,,21320.0,0.0266175409999558,36.879,2004,False,0.1355,0.2985,39.958,0.0,0.0,1.0
CZ,2019,62519244.0,17.950984971313922,-0.0679246234553616,0.2985,1.0,,0.2985,,22050.0,0.0336670025952106,40.81,2004,False,0.107,0.1447,39.958,0.0,0.0,1.0
CZ,2020,54675715.0,17.816930201716403,-0.1340547695975189,0.1447,2.0,,0.1447,,20980.0,-0.0497429989247031,38.768,2004,True,0.2985,0.1613,39.958,0.0,0.0,1.0
CZ,2021,57871344.0,17.873732897748976,0.0568026960325731,0.1613,3.0,0.1714999999999999,0.1664,,21830.0,0.039715567593701,39.958,2004,True,0.1447,0.3003,39.958,0.0,0.0,1.0
CZ,2022,57044774.0,17.859347026220203,-0.0143858715287734,0.3003,4.0,0.3357,0.318,,21910.0,0.0036579830455227,41.772,2004,True,0.1613,0.1742,39.958,1.0,39.958,1.0
CZ,2023,46672102.0,17.65865715655177,-0.2006898696684338,0.1742,3.0,0.2889,0.23155,0.59,21680.0,-0.01055297703593,41.679,2004,True,0.3003,0.3318,39.958,1.0,39.958,1.0
CZ,2024,40564392.0,17.51840119540858,-0.1402559611431897,0.3318,4.0,0.4812999999999999,0.4065499999999999,0.64,21950.0,0.0123769629497356,39.32,2004,True,0.1742,0.4153,39.958,0.0,0.0,1.0
CZ,2025,40028299.0,17.505097236935747,-0.0133039584728322,0.4153,3.0,0.4029,0.4091,0.48,22510.0,0.0251925153974603,,2004,True,0.3318,,39.958,0.0,0.0,1.0
DE,2005,475051535.0,19.97893385085063,,,,,,,35770.0,0.0101152871471139,60.74,EU-15,True,,,63.395,0.0,0.0,0.0
DE,2006,478074868.0,19.98527790580597,0.0063440549553384,,,,,,37230.0,0.0400053346136992,60.981,EU-15,True,,,63.395,0.0,0.0,0.0
DE,2007,487148432.0,20.00407942310931,0.0188015173033413,,,,,,38390.0,0.0306821211280805,58.516,EU-15,True,,,63.395,0.0,0.0,0.0
DE,2008,472853534.0,19.97429624522677,-0.0297831778825354,,,,,,38840.0,0.0116536344104183,60.769,EU-15,True,,,63.395,0.0,0.0,0.0
DE,2009,428294502.0,19.87532160570657,-0.098974639520204,,,,,,36810.0,-0.0536810960321947,61.103,EU-15,True,,,63.395,0.0,0.0,0.0
DE,2010,454864599.0,19.935510348012752,0.0601887423061811,,,,,,38440.0,0.043329036711162,59.992,EU-15,True,,,63.395,0.0,0.0,0.0
DE,2011,450351343.0,19.925538598314592,-0.0099717496981597,,,,,,39890.0,0.0370270818152231,61.801,EU-15,True,,,63.395,0.0,0.0,0.0
DE,2012,452594544.0,19.93050723629653,0.0049686379819391,,,,,,40040.0,0.0037532885297046,61.215,EU-15,True,,,63.395,0.0,0.0,0.0
DE,2013,481031920.0,19.991444187614555,0.0609369513180233,,,,,,40160.0,0.0029925209364538,62.411,EU-15,True,,,63.395,0.0,0.0,0.0
DE,2014,461239388.0,19.94942774600828,-0.0420164416062789,,,,,,40930.0,0.0189918151208381,61.779,EU-15,True,,0.1848999999999999,63.395,0.0,0.0,0.0
DE,2015,455614228.0,19.937157018198057,-0.0122707278102183,0.1848999999999999,1.0,,0.1848999999999999,,41360.0,0.0104509396958629,62.132,EU-15,True,,0.0853,63.395,0.0,0.0,0.0
DE,2016,452813442.0,19.93099077080837,-0.0061662473896824,0.0853,1.0,,0.0853,,42030.0,0.0160694188168513,63.752,EU-15,False,0.1848999999999999,0.2591,63.395,0.0,0.0,0.0
DE,2017,437612723.0,19.89684488314665,-0.0341458876617259,0.2591,1.0,,0.2591,,43160.0,0.0265304913729078,63.959,EU-15,False,0.0853,0.1088,63.395,0.0,0.0,0.0
DE,2018,422846329.0,19.86251938258925,-0.0343255005573972,0.1088,1.0,,0.1088,,43630.0,0.0108308467455842,63.478,EU-15,False,0.2591,0.2498999999999999,63.395,0.0,0.0,0.0
DE,2019,363338408.0,19.710845211394293,-0.1516741711949585,0.2498999999999999,1.0,,0.2498999999999999,,44080.0,0.0102611777091414,67.055,EU-15,False,0.1088,0.1325,63.395,0.0,0.0,0.0
DE,2020,320733883.0,19.58612231234097,-0.1247228990533244,0.1325,2.0,,0.1325,,42350.0,-0.0400377437465948,63.676,EU-15,True,0.2498999999999999,0.2165,63.395,0.0,0.0,0.0
DE,2021,355120201.0,19.68796688449575,0.101844572154782,0.2165,3.0,0.502,0.35925,,44090.0,0.0402645782717829,63.395,EU-15,True,0.1325,0.3603,63.395,0.0,0.0,0.0
DE,2022,353901034.0,19.684527867040725,-0.003439017455026,0.3603,4.0,0.8059000000000001,0.5831000000000001,,44620.0,0.0119491896345387,68.652,EU-15,True,0.2165,0.2373,63.395,1.0,63.395,0.0
DE,2023,289340809.0,19.48311582118033,-0.2014120458603905,0.2373,3.0,0.5198999999999999,0.3785999999999999,0.41,43770.0,-0.0192335378015826,66.831,EU-15,True,0.3603,0.4083,63.395,1.0,63.395,0.0
DE,2024,272950271.0,19.42480017904738,-0.0583156421329533,0.4083,4.0,0.8390000000000001,0.62365,0.5,43650.0,-0.0027453689171927,66.812,EU-15,True,0.2373,0.372,63.395,0.0,0.0,0.0
DE,2025,263564247.0,19.389807717857902,-0.0349924611894749,0.372,3.0,0.7468,0.5594,0.56,43750.0,0.002288330518013,,EU-15,True,0.4083,,63.395,0.0,0.0,0.0
DK,2005,26475718.0,17.091738569008463,,,,,,,49780.0,0.0204979272174856,-50.618,EU-15,True,,,32.225,0.0,0.0,0.0
DK,2006,34199588.0,17.347724155176646,0.2559855861681832,,,,,,51510.0,0.0341626666380481,-35.492,EU-15,True,,,32.225,0.0,0.0,0.0
DK,2007,29407401.0,17.196756935322927,-0.1509672198537188,,,,,,51790.0,0.0054211168583062,-24.247,EU-15,True,,,32.225,0.0,0.0,0.0
DK,2008,26548563.0,17.094486179893664,-0.102270755429263,,,,,,51270.0,-0.0100912946401923,-21.129,EU-15,True,,,32.225,0.0,0.0,0.0
DK,2009,25461124.0,17.052663297801693,-0.0418228820919708,,,,,,48460.0,-0.0563670704072283,-18.8,EU-15,True,,,32.225,0.0,0.0,0.0
DK,2010,25266362.0,17.0449845038243,-0.0076787939773943,,,,,,49010.0,0.0112856435330765,-16.235,EU-15,True,,,32.225,0.0,0.0,0.0
DK,2011,21465658.0,16.881964913724882,-0.1630195900994167,,,,,,49440.0,0.0087354542279776,-6.315,EU-15,True,,,32.225,0.0,0.0,0.0
DK,2012,18185550.0,16.71613788065304,-0.1658270330718423,,,,,,49260.0,-0.0036474204570424,-3.175,EU-15,True,,,32.225,0.0,0.0,0.0
DK,2013,21601954.0,16.88829433152583,0.1721564508727908,,,,,,49750.0,0.0098980709122091,12.312,EU-15,True,,,32.225,0.0,0.0,0.0
DK,2014,18388751.0,16.72724967692763,-0.1610446545982,,,,,,50110.0,0.0072101253670329,12.225,EU-15,True,,0.3937,32.225,0.0,0.0,0.0
DK,2015,15795936.0,16.57526324972182,-0.1519864272058093,0.3937,1.0,,0.3937,,50810.0,0.0138725966340071,13.078,EU-15,True,,0.3618,32.225,0.0,0.0,0.0
DK,2016,17220334.0,16.66160145282686,0.0863382031050399,0.3618,1.0,,0.3618,,51950.0,0.0221885319395944,13.57,EU-15,False,0.3937,0.3390999999999999,32.225,0.0,0.0,0.0
DK,2017,15062601.0,16.52772547458686,-0.1338759782400025,0.3390999999999999,1.0,,0.3390999999999999,,53200.0,0.0237766788023634,11.344,EU-15,False,0.3618,0.3398,32.225,0.0,0.0,0.0
DK,2018,14954342.0,16.52051225041556,-0.0072132241712985,0.3398,1.0,,0.3398,,53920.0,0.0134430702564518,22.704,EU-15,False,0.3390999999999999,0.4528,32.225,0.0,0.0,0.0
DK,2019,12040553.0,16.303790927022746,-0.2167213233928144,0.4528,1.0,,0.4528,,54630.0,0.0130817158035743,38.882,EU-15,False,0.3398,0.4026999999999999,32.225,0.0,0.0,0.0
DK,2020,10832424.0,16.198054416647288,-0.1057365103754577,0.4026999999999999,2.0,,0.4026999999999999,,53540.0,-0.0201541443154198,44.89,EU-15,True,0.4528,0.3657,32.225,0.0,0.0,0.0
DK,2021,11618665.0,16.268123414663968,0.0700689980166799,0.3657,3.0,0.5891000000000001,0.4774,,56780.0,0.0587551129526193,32.225,EU-15,True,0.4026999999999999,0.575,32.225,0.0,0.0,0.0
DK,2022,11214879.0,16.232751936756532,-0.0353714779074358,0.575,4.0,1.0,0.7875,,56530.0,-0.0044126803576247,43.142,EU-15,True,0.3657,0.3174,32.225,1.0,32.225,0.0
DK,2023,9244100.0,16.039496068145677,-0.1932558686108549,0.3174,3.0,0.5062000000000001,0.4118,0.53,56770.0,0.0042365464954343,39.705,EU-15,True,0.575,0.5568,32.225,1.0,32.225,0.0
DK,2024,8268287.0,15.927937911324548,-0.1115581568211308,0.5568,4.0,0.8997999999999999,0.7283,0.64,58670.0,0.0329205057551345,38.229,EU-15,True,0.3174,0.6401,32.225,0.0,0.0,0.0
DK,2025,6842939.0,15.738727875675991,-0.1892100356485535,0.6401,3.0,,0.6401,0.72,60390.0,0.02889500538204,,EU-15,True,0.5568,,32.225,0.0,0.0,0.0
EE,2005,12621824.0,16.350937937121643,,,,,,,15400.0,0.0967397726139207,26.878,2004,True,,,1.412,0.0,0.0,1.0
EE,2006,12104433.0,16.309082307108564,-0.0418556300130781,,,,,,17010.0,0.0994338969881862,30.03,2004,True,,,1.412,0.0,0.0,1.0
EE,2007,15329934.0,16.54531794555497,0.2362356384464057,,,,,,18400.0,0.07854925820717,24.288,2004,True,,,1.412,0.0,0.0,1.0
EE,2008,13540891.0,16.421224628305506,-0.1240933172494642,,,,,,17510.0,-0.0495785183171797,27.215,2004,True,,,1.412,0.0,0.0,1.0
EE,2009,10378346.0,16.155232078111244,-0.2659925501942624,,,,,,14980.0,-0.1560561682086874,27.175,2004,True,,,1.412,0.0,0.0,1.0
EE,2010,14514390.0,16.4906511290669,0.3354190509556574,,,,,,15380.0,0.0263519859884251,14.68,2004,True,,,1.412,0.0,0.0,1.0
EE,2011,14809461.0,16.510776791253534,0.0201256621866328,,,,,,16590.0,0.0757321401248543,13.646,2004,True,,,1.412,0.0,0.0,1.0
EE,2012,13543879.0,16.421445268909956,-0.0893315223435777,,,,,,17260.0,0.0395915814529281,20.648,2004,True,,,1.412,0.0,0.0,1.0
EE,2013,15921498.0,16.583180829431196,0.1617355605212402,,,,,,17630.0,0.0212103107544976,14.522,2004,True,,,1.412,0.0,0.0,1.0
EE,2014,14967813.0,16.52141265353894,-0.0617681758922579,,,,,,18280.0,0.0362055696162251,11.562,2004,True,,0.1364999999999999,1.412,0.0,0.0,1.0
EE,2015,11894068.0,16.291550346400655,-0.2298623071382834,0.1364999999999999,1.0,,0.1364999999999999,,18650.0,0.0200385800638205,11.182,2004,True,,0.1205,1.412,0.0,0.0,1.0
EE,2016,13447175.0,16.414279604776503,0.1227292583758483,0.1205,1.0,,0.1205,,19190.0,0.0285431639297844,8.069,2004,False,0.1364999999999999,0.154,1.412,0.0,0.0,1.0
EE,2017,14670571.0,16.501354072333736,0.0870744675572332,0.154,1.0,,0.154,,20270.0,0.0547526504442998,4.584,2004,False,0.1205,0.1097,1.412,0.0,0.0,1.0
EE,2018,13853417.0,16.444042474969972,-0.0573115973637641,0.1097,1.0,,0.1097,,20970.0,0.0339508844499203,1.229,2004,False,0.154,0.17,1.412,0.0,0.0,1.0
EE,2019,8486473.0,15.953984042055064,-0.4900584329149069,0.17,1.0,,0.17,,21650.0,0.03191260953467,4.724,2004,False,0.1097,0.1612,1.412,0.0,0.0,1.0
EE,2020,5617417.0,15.54138250767657,-0.4126015343784956,0.1612,2.0,,0.1612,,20960.0,-0.0323895949956583,10.528,2004,True,0.17,0.1302,1.412,0.0,0.0,1.0
EE,2021,6850057.0,15.73976753137167,0.198385023695101,0.1302,3.0,0.2429,0.18655,,22670.0,0.0784266050665962,1.412,2004,True,0.1612,0.2231,1.412,0.0,0.0,1.0
EE,2022,8407460.0,15.94462996492839,0.2048624335567197,0.2231,4.0,0.5174,0.3702499999999999,,22800.0,0.0057180714409579,6.159,2004,True,0.1302,0.1632999999999999,1.412,1.0,1.412,1.0
EE,2023,5260450.0,15.475727132385384,-0.4689028325430051,0.1632999999999999,3.0,0.2954,0.22935,0.38,21580.0,-0.054993576130407,3.471,2004,True,0.2231,0.2863,1.412,1.0,1.412,1.0
EE,2024,4497104.0,15.318944192014229,-0.1567829403711584,0.2863,4.0,0.565,0.42565,0.4,21470.0,-0.0051103479392988,4.622,2004,True,0.1632999999999999,0.3156,1.412,0.0,0.0,1.0
EE,2025,4123789.0,15.232282958891544,-0.0866612331226832,0.3156,3.0,0.5232,0.4194,0.4,21820.0,0.0161703685142349,,2004,True,0.2863,,1.412,0.0,0.0,1.0
EL,2005,71267752.0,18.0819544969573,,,,,,,19590.0,0.0087157690932713,68.204,EU-15,True,,,73.819,0.0,0.0,0.0
EL,2006,69965151.0,18.06350783319159,-0.0184466637657116,,,,,,20790.0,0.0594528699134713,71.419,EU-15,True,,,73.819,0.0,0.0,0.0
EL,2007,72717011.0,18.102085904128465,0.0385780709368752,,,,,,21470.0,0.0321845100207678,70.858,EU-15,True,,,73.819,0.0,0.0,0.0
EL,2008,69853893.0,18.061916375829284,-0.0401695282991809,,,,,,21420.0,-0.0023315468710869,72.915,EU-15,True,,,73.819,0.0,0.0,0.0
EL,2009,63661572.0,17.96909167319854,-0.0928247026307431,,,,,,20490.0,-0.044388102768794,67.341,EU-15,True,,,73.819,0.0,0.0,0.0
EL,2010,59939996.0,17.90885455311939,-0.0602371200791509,,,,,,19300.0,-0.0598318663399677,68.584,EU-15,True,,,73.819,0.0,0.0,0.0
EL,2011,58838181.0,17.89030153887567,-0.0185530142437215,,,,,,17420.0,-0.102486124486484,64.677,EU-15,True,,,73.819,0.0,0.0,0.0
EL,2012,61440385.0,17.9335779130601,0.0432763741844297,,,,,,16050.0,-0.0819101218483311,65.889,EU-15,True,,,73.819,0.0,0.0,0.0
EL,2013,58632976.0,17.886807826649303,-0.0467700864107953,,,,,,15800.0,-0.0156989095431043,61.75,EU-15,True,,,73.819,0.0,0.0,0.0
EL,2014,55372015.0,17.829584879684763,-0.05722294696454,,,,,,16030.0,0.0144520265885415,65.455,EU-15,True,,0.0712,73.819,0.0,0.0,0.0
EL,2015,49876100.0,17.725052488068936,-0.1045323916158267,0.0712,1.0,,0.0712,,16100.0,0.0043573053689556,71.047,EU-15,True,,0.1233,73.819,0.0,0.0,0.0
EL,2016,46299722.0,17.650646514718783,-0.0744059733501529,0.1233,1.0,,0.1233,,16160.0,0.0037197811025322,72.911,EU-15,False,0.0712,,73.819,0.0,0.0,0.0
EL,2017,49572075.0,17.718938229116617,0.0682917143978336,,,,,,16430.0,0.0165698789562274,71.282,EU-15,False,0.1233,0.067,73.819,0.0,0.0,0.0
EL,2018,47105832.0,17.667907372977428,-0.0510308561391887,0.067,1.0,,0.067,,16810.0,0.0228650153713463,70.681,EU-15,False,,,73.819,0.0,0.0,0.0
EL,2019,40476026.0,17.516220406187546,-0.1516869667898817,,,,,,17210.0,0.0235166628029244,74.103,EU-15,False,0.067,,73.819,0.0,0.0,0.0
EL,2020,31728304.0,17.272719711138073,-0.2435006950494731,,,,,,15660.0,-0.0943809196607912,81.415,EU-15,True,,0.1172,73.819,0.0,0.0,0.0
EL,2021,33250959.0,17.319594166755476,0.0468744556174023,0.1172,3.0,0.4325,0.27485,,17110.0,0.0885533973414443,73.819,EU-15,True,,0.1467999999999999,73.819,0.0,0.0,0.0
EL,2022,31630344.0,17.26962747097356,-0.0499666957819151,0.1467999999999999,4.0,0.6437,0.39525,,18160.0,0.0595582852690466,79.506,EU-15,True,0.1172,0.1432,73.819,1.0,73.819,0.0
EL,2023,25466136.0,17.052860127555196,-0.2167673434183648,0.1432,3.0,0.184,0.1636,0.39,18600.0,0.0239402075460084,75.447,EU-15,True,0.1467999999999999,0.1384,73.819,1.0,73.819,0.0
EL,2024,26549389.0,17.094517292204742,0.0416571646495462,0.1384,4.0,0.3395,0.23895,0.32,19020.0,0.0223294763980881,77.714,EU-15,True,0.1432,0.2019,73.819,0.0,0.0,0.0
EL,2025,25797702.0,17.065795976157457,-0.0287213160472852,0.2019,3.0,0.5128,0.35735,0.31,19400.0,0.0197820089520384,,EU-15,True,0.1384,,73.819,0.0,0.0,0.0
ES,2005,183627216.0,19.028418260459016,,,,,,,25000.0,0.0165359686400989,81.534,EU-15,True,,,69.38,0.0,0.0,0.0
ES,2006,179724889.0,19.00693784522378,-0.021480415235235,,,,,,25600.0,0.0237165266173153,81.304,EU-15,True,,,69.38,0.0,0.0,0.0
ES,2007,186573449.0,19.04433554793632,0.0373977027125356,,,,,,25990.0,0.0151194971678823,79.56,EU-15,True,,,69.38,0.0,0.0,0.0
ES,2008,163462312.0,18.91209301408535,-0.1322425338509667,,,,,,25760.0,-0.0088889474172457,81.605,EU-15,True,,,69.38,0.0,0.0,0.0
ES,2009,136935766.0,18.73502251252869,-0.1770705015566562,,,,,,24590.0,-0.0464830450080508,79.549,EU-15,True,,,69.38,0.0,0.0,0.0
ES,2010,121483473.0,18.61528878680132,-0.1197337257273716,,,,,,24510.0,-0.0032586586880807,77.003,EU-15,True,,,69.38,0.0,0.0,0.0
ES,2011,132687966.0,18.70351080943289,0.0882220226315659,,,,,,24260.0,-0.0102522940241165,76.012,EU-15,True,,,69.38,0.0,0.0,0.0
ES,2012,135639644.0,18.72551225062375,0.0220014411908628,,,,,,23560.0,-0.0292785447325183,72.798,EU-15,True,,,69.38,0.0,0.0,0.0
ES,2013,122808166.0,18.62613406983773,-0.0993781807860187,,,,,,23310.0,-0.0106679057357208,69.997,EU-15,True,,,69.38,0.0,0.0,0.0
ES,2014,124851227.0,18.64263340243512,0.0164993325973838,,,,,,23730.0,0.017857617400006,72.557,EU-15,True,,0.2061,69.38,0.0,0.0,0.0
ES,2015,137270031.0,18.73746057306012,0.0948271706250025,0.2061,1.0,,0.2061,,24720.0,0.0408725621418195,72.741,EU-15,True,,0.1642,69.38,0.0,0.0,0.0
ES,2016,123556983.0,18.6322130084294,-0.1052475646307193,0.1642,1.0,,0.1642,,25420.0,0.0279236331718166,71.486,EU-15,False,0.2061,0.2112,69.38,0.0,0.0,0.0
ES,2017,136316842.0,18.73049245469713,0.0982794462677318,0.2112,1.0,,0.2112,,26110.0,0.0267821169497306,73.886,EU-15,False,0.1642,0.089,69.38,0.0,0.0,0.0
ES,2018,127373884.0,18.66263728793787,-0.0678551667592621,0.089,1.0,,0.089,,26620.0,0.0193444302559271,73.613,EU-15,False,0.2112,0.1772,69.38,0.0,0.0,0.0
ES,2019,109522705.0,18.51164243732463,-0.1509948506132374,0.1772,1.0,,0.1772,,26930.0,0.0115780938565421,75.034,EU-15,False,0.089,0.1386,69.38,0.0,0.0,0.0
ES,2020,89044166.0,18.30464305179751,-0.2069993855271228,0.1386,2.0,,0.1386,,23850.0,-0.1214566894891575,67.892,EU-15,True,0.1772,0.2127,69.38,0.0,0.0,0.0
ES,2021,91665975.0,18.333661821479723,0.0290187696822137,0.2127,3.0,,0.2127,,25440.0,0.064538521137571,69.38,EU-15,True,0.1386,0.2187,69.38,0.0,0.0,0.0
ES,2022,96302882.0,18.38300880363103,0.0493469821513059,0.2187,4.0,,0.2187,,26820.0,0.0528251393816106,74.202,EU-15,True,0.2127,0.2284,69.38,1.0,69.38,0.0
ES,2023,81133557.0,18.211607206624755,-0.1714015970062732,0.2284,3.0,,0.2284,0.56,27150.0,0.0122291685264119,68.261,EU-15,True,0.2187,0.2763,69.38,1.0,69.38,0.0
ES,2024,76911171.0,18.15816169050568,-0.0534455161190763,0.2763,4.0,,0.2763,0.59,27800.0,0.0236589743166479,68.871,EU-15,True,0.2284,0.3659999999999999,69.38,0.0,0.0,0.0
ES,2025,78478629.0,18.17833690364983,0.0201752131441494,0.3659999999999999,3.0,,0.3659999999999999,0.66,28320.0,0.0185322481289276,,EU-15,True,0.2763,,69.38,0.0,0.0,0.0
FI,2005,33099647.0,17.315033175637854,,,,,,,40680.0,0.023881732003387,54.459,EU-15,True,,,37.933,0.0,0.0,0.0
FI,2006,44621436.0,17.613724929328438,0.2986917536905835,,,,,,42150.0,0.0354981132675042,54.073,EU-15,True,,,37.933,0.0,0.0,0.0
FI,2007,42541345.0,17.56598698453791,-0.0477379447905264,,,,,,44210.0,0.0477163233902881,53.32,EU-15,True,,,37.933,0.0,0.0,0.0
FI,2008,36163966.0,17.403573766677464,-0.1624132178604469,,,,,,44350.0,0.0031617009174365,54.483,EU-15,True,,,37.933,0.0,0.0,0.0
FI,2009,34354708.0,17.352249626920578,-0.0513241397568862,,,,,,40570.0,-0.0890838315372324,54.795,EU-15,True,,,37.933,0.0,0.0,0.0
FI,2010,41297856.0,17.536321143750815,0.1840715168302367,,,,,,41660.0,0.0265125586144705,48.852,EU-15,True,,,37.933,0.0,0.0,0.0
FI,2011,35089924.0,17.373424581697833,-0.1628965620529818,,,,,,42460.0,0.0190210204422829,53.897,EU-15,True,,,37.933,0.0,0.0,0.0
FI,2012,29504184.0,17.200042641761527,-0.1733819399363056,,,,,,41620.0,-0.0199816353096213,47.103,EU-15,True,,,37.933,0.0,0.0,0.0
FI,2013,31344451.0,17.260547807781677,0.0605051660201496,,,,,,41020.0,-0.0145210683212528,49.64,EU-15,True,,,37.933,0.0,0.0,0.0
FI,2014,28630675.0,17.169989253464202,-0.0905585543174751,,,,,,40650.0,-0.0090609166504158,49.89,EU-15,True,,0.3405,37.933,0.0,0.0,0.0
FI,2015,25345406.0,17.048108048698932,-0.1218812047652697,0.3405,1.0,,0.3405,,40700.0,0.0012292564547298,47.901,EU-15,True,,0.4065999999999999,37.933,0.0,0.0,0.0
FI,2016,27121173.0,17.115825272313508,0.0677172236145757,0.4065999999999999,1.0,,0.4065999999999999,,41640.0,0.0228331512982187,46.104,EU-15,False,0.3405,0.2702,37.933,0.0,0.0,0.0
FI,2017,25043551.0,17.036126907240686,-0.0796983650728222,0.2702,1.0,,0.2702,,42910.0,0.0300436552566658,43.868,EU-15,False,0.4065999999999999,0.4757,37.933,0.0,0.0,0.0
FI,2018,26170972.0,17.08016141558197,0.0440345083412836,0.4757,1.0,,0.4757,,43360.0,0.0104324581279566,45.23,EU-15,False,0.2702,0.5317000000000001,37.933,0.0,0.0,0.0
FI,2019,23242612.0,16.96149787605928,-0.1186635395226893,0.5317000000000001,1.0,,0.5317000000000001,,43910.0,0.0126047274422358,42.894,EU-15,False,0.4757,0.5037999999999999,37.933,0.0,0.0,0.0
FI,2020,19580017.0,16.790020063299153,-0.171477812760127,0.5037999999999999,2.0,,0.5037999999999999,,42740.0,-0.0270068346826253,43.031,EU-15,True,0.5317000000000001,0.5431,37.933,0.0,0.0,0.0
FI,2021,20312533.0,16.826748642668296,0.0367285793691429,0.5431,3.0,,0.5431,,43800.0,0.0244985674913991,37.933,EU-15,True,0.5037999999999999,0.5581999999999999,37.933,0.0,0.0,0.0
FI,2022,19020708.0,16.761038838363486,-0.0657098043048094,0.5581999999999999,4.0,,0.5581999999999999,,44010.0,0.0047830634406,40.919,EU-15,True,0.5431,0.518,37.933,1.0,37.933,0.0
FI,2023,15359928.0,16.547272598172814,-0.2137662401906723,0.518,3.0,,0.518,0.54,43280.0,-0.0167262462847741,29.709,EU-15,True,0.5581999999999999,0.6236,37.933,1.0,37.933,0.0
FI,2024,13267526.0,16.400829953358166,-0.1464426448146483,0.6236,4.0,,0.6236,0.62,43330.0,0.0011546012135923,32.973,EU-15,True,0.518,,37.933,0.0,0.0,0.0
FI,2025,11870873.0,16.28959831063795,-0.1112316427202166,,,,,0.58,43450.0,0.0027656159595821,,EU-15,True,0.6236,,37.933,0.0,0.0,0.0
FR,2005,131263794.0,18.69271955105655,,,,,,,33680.0,0.0113467923877266,51.698,EU-15,True,,,44.036,0.0,0.0,0.0
FR,2006,126979057.0,18.659532725312644,-0.033186825743904,,,,,,34360.0,0.0199889077419292,51.518,EU-15,True,,,44.036,0.0,0.0,0.0
FR,2007,126634815.0,18.65681802986878,-0.0027146954438634,,,,,,35010.0,0.0187406378505201,50.42,EU-15,True,,,44.036,0.0,0.0,0.0
FR,2008,124129806.0,18.63683839861328,-0.0199796312554987,,,,,,34960.0,-0.0014291841792406,50.748,EU-15,True,,,44.036,0.0,0.0,0.0
FR,2009,111092554.0,18.5258742316618,-0.1109641669514829,,,,,,33800.0,-0.0337437482983613,50.652,EU-15,True,,,44.036,0.0,0.0,0.0
FR,2010,115543172.0,18.56515480163624,0.0392805699744371,,,,,,34310.0,0.0149760543813854,48.668,EU-15,True,,,44.036,0.0,0.0,0.0
FR,2011,105575300.0,18.47493500036206,-0.090219801274177,,,,,,34990.0,0.0196254495092382,49.012,EU-15,True,,,44.036,0.0,0.0,0.0
FR,2012,103660840.0,18.456634974108013,-0.018300026254046,,,,,,34880.0,-0.0031487073388181,48.133,EU-15,True,,,44.036,0.0,0.0,0.0
FR,2013,114589342.0,18.556865356174782,0.1002303820667691,,,,,,34990.0,0.0031487073388181,47.934,EU-15,True,,,44.036,0.0,0.0,0.0
FR,2014,100273317.0,18.423410185635117,-0.1334551705396691,,,,,,35150.0,0.004562311877077,46.215,EU-15,True,,0.1507,44.036,0.0,0.0,0.0
FR,2015,99694769.0,18.4176237661534,-0.0057864194817156,0.1507,1.0,,0.1507,,35370.0,0.0062393849607165,45.895,EU-15,True,,0.0861,44.036,0.0,0.0,0.0
FR,2016,101715243.0,18.437687731793503,0.0200639656401051,0.0861,1.0,,0.0861,,35540.0,0.0047948195091152,47.327,EU-15,False,0.1507,0.1487,44.036,0.0,0.0,0.0
FR,2017,106842018.0,18.486861834084564,0.0491741022910616,0.1487,1.0,,0.1487,,36140.0,0.0167414624375776,48.703,EU-15,False,0.0861,0.1008,44.036,0.0,0.0,0.0
FR,2018,97489683.0,18.395257114984616,-0.0916047190999478,0.1008,1.0,,0.1008,,36570.0,0.0118279469972062,46.735,EU-15,False,0.1487,0.1934999999999999,44.036,0.0,0.0,0.0
FR,2019,94310187.0,18.36209976934071,-0.0331573456439073,0.1934999999999999,1.0,,0.1934999999999999,,37160.0,0.0160046817843486,47.584,EU-15,False,0.1008,0.135,44.036,0.0,0.0,0.0
FR,2020,82145955.0,18.224008162038672,-0.1380916073020373,0.135,2.0,,0.135,,34230.0,-0.082130461403544,44.424,EU-15,True,0.1934999999999999,0.1076999999999999,44.036,0.0,0.0,0.0
FR,2021,87869606.0,18.291364523565303,0.0673563615266346,0.1076999999999999,3.0,,0.1076999999999999,,36460.0,0.0631133167084225,44.036,EU-15,True,0.135,0.2325999999999999,44.036,0.0,0.0,0.0
FR,2022,84935550.0,18.257403291554706,-0.0339612320106041,0.2325999999999999,4.0,,0.2325999999999999,,37280.0,0.0222412205668742,51.819,EU-15,True,0.1076999999999999,,44.036,1.0,44.036,0.0
FR,2023,70652409.0,18.07328276417804,-0.1841205273766597,,,,,0.23,37730.0,0.0119985441588283,44.773,EU-15,True,0.2325999999999999,0.2093999999999999,44.036,1.0,44.036,0.0
FR,2024,63827920.0,17.971701270143242,-0.1015814940348001,0.2093999999999999,4.0,0.6106,0.41,0.33,38180.0,0.0118562843213823,41.672,EU-15,True,,0.3393,44.036,0.0,0.0,0.0
FR,2025,52360859.0,17.77366990452457,-0.1980313656186716,0.3393,3.0,,0.3393,0.29,38360.0,0.0047034317176368,,EU-15,True,0.2093999999999999,,44.036,0.0,0.0,0.0
HR,2013,8785904.0,15.988659176984232,,,,,,,11340.0,0.0061919702479222,47.436,2013,True,,,54.539,0.0,0.0,1.0
HR,2014,8387121.0,15.942207872952022,-0.0464513040322103,,,,,,11370.0,0.0026420094628374,44.206,2013,True,,0.1379999999999999,54.539,0.0,0.0,1.0
HR,2015,8386120.0,15.942088516174024,-0.0001193567779989,0.1379999999999999,1.0,,0.1379999999999999,,11760.0,0.0337256347080359,48.791,2013,True,,0.1392,54.539,0.0,0.0,1.0
HR,2016,8267141.0,15.927799299853245,-0.0142892163207779,0.1392,1.0,,0.1392,,12320.0,0.0465200156348935,48.43,2013,False,0.1379999999999999,0.1159999999999999,54.539,0.0,0.0,1.0
HR,2017,8367776.0,15.939898696286107,0.0120993964328626,0.1159999999999999,1.0,,0.1159999999999999,,12910.0,0.0467782467531776,53.157,2013,False,0.1392,0.0673,54.539,0.0,0.0,1.0
HR,2018,7444621.0,15.8230023161557,-0.1168963801304059,0.0673,1.0,,0.0673,,13460.0,0.0417201193580307,52.695,2013,False,0.1159999999999999,0.1603,54.539,0.0,0.0,1.0
HR,2019,7514711.0,15.832373124009251,0.0093708078535517,0.1603,1.0,,0.1603,,14020.0,0.0407625573898613,56.216,2013,False,0.0673,0.1374,54.539,0.0,0.0,1.0
HR,2020,7323810.0,15.806641242331898,-0.0257318816773555,0.1374,2.0,,0.1374,,12980.0,-0.0770751703304988,53.564,2013,True,0.1603,0.1408,54.539,0.0,0.0,1.0
HR,2021,6996696.0,15.760948595592524,-0.0456926467393739,0.1408,3.0,0.2364,0.1886,,14750.0,0.1278333715098849,54.539,2013,True,0.1374,0.227,54.539,0.0,0.0,1.0
HR,2022,6455403.0,15.680428012537153,-0.080520583055371,0.227,4.0,,0.227,,15900.0,0.0750760264403567,60.303,2013,True,0.1408,0.2091999999999999,54.539,1.0,54.539,1.0
HR,2023,6567049.0,15.697575126695448,0.0171471141582948,0.2091999999999999,3.0,0.1311,0.1701499999999999,0.32,16490.0,0.0364350273453215,55.721,2013,True,0.227,0.1929,54.539,1.0,54.539,1.0
HR,2024,5513270.0,15.522668471522223,-0.1749066551732241,0.1929,4.0,,0.1929,0.33,17060.0,0.0339824054920256,59.929,2013,True,0.2091999999999999,0.2438,54.539,0.0,0.0,1.0
HR,2025,5740215.0,15.563007224040266,0.0403387525180427,0.2438,3.0,0.6102000000000001,0.427,0.29,17590.0,0.0305940166859333,,2013,True,0.1929,,54.539,0.0,0.0,1.0
HU,2005,26161642.0,17.079804850167566,,,,,,,11050.0,0.0444106280816161,62.254,2004,True,,,54.121,0.0,0.0,1.0
HU,2006,25845908.0,17.06766284851594,-0.0121420016516253,,,,,,11500.0,0.0399166074054413,61.819,2004,True,,,54.121,0.0,0.0,1.0
HU,2007,26836758.0,17.1052830729062,0.0376202243902596,,,,,,11550.0,0.0043384015985985,60.362,2004,True,,,54.121,0.0,0.0,1.0
HU,2008,27236610.0,17.120072582161917,0.014789509255717,,,,,,11690.0,0.0120483385161751,62.589,2004,True,,,54.121,0.0,0.0,1.0
HU,2009,22401259.0,16.92462772060295,-0.1954448615589683,,,,,,10920.0,-0.0681378051672183,57.574,2004,True,,,54.121,0.0,0.0,1.0
HU,2010,22991711.0,16.950644317632523,0.0260165970295744,,,,,,11060.0,0.0127390257774298,56.93,2004,True,,,54.121,0.0,0.0,1.0
HU,2011,22469975.0,16.927690531566324,-0.0229537860661999,,,,,,11300.0,0.0214677296241063,50.273,2004,True,,,54.121,0.0,0.0,1.0
HU,2012,21265823.0,16.872611788013604,-0.0550787435527198,,,,,,11220.0,-0.0071048256237453,50.146,2004,True,,,54.121,0.0,0.0,1.0
HU,2013,19132898.0,16.7669198197496,-0.1056919682640042,,,,,,11490.0,0.0237791917661134,50.122,2004,True,,,54.121,0.0,0.0,1.0
HU,2014,18820042.0,16.750432923787454,-0.0164868959621458,,,,,,12040.0,0.0467573480200105,59.845,2004,True,,0.0767,54.121,0.0,0.0,1.0
HU,2015,19649901.0,16.793582858098915,0.0431499343114616,0.0767,1.0,,0.0767,,12530.0,0.0398913290273021,53.875,2004,True,,0.0652,54.121,0.0,0.0,1.0
HU,2016,19400528.0,16.78081084015804,-0.0127720179408754,0.0652,1.0,,0.0652,,12880.0,0.0275499517682309,55.823,2004,False,0.0767,0.0883999999999999,54.121,0.0,0.0,1.0
HU,2017,20642090.0,16.84284275314114,0.0620319129831017,0.0883999999999999,1.0,,0.0883999999999999,,13460.0,0.0440466035403748,62.645,2004,False,0.0652,0.0818,54.121,0.0,0.0,1.0
HU,2018,20054307.0,16.81395450161543,-0.0288882515257107,0.0818,1.0,,0.0818,,14240.0,0.056332581767247,58.123,2004,False,0.0883999999999999,0.1015,54.121,0.0,0.0,1.0
HU,2019,19527471.0,16.78733280138035,-0.0266217002350792,0.1015,1.0,,0.1015,,14980.0,0.0506610721052442,69.712,2004,False,0.0818,0.0823,54.121,0.0,0.0,1.0
HU,2020,18904209.0,16.75489515364896,-0.0324376477313919,0.0823,2.0,,0.0823,,14370.0,-0.0415732779981397,56.618,2004,True,0.1015,0.0822,54.121,0.0,0.0,1.0
HU,2021,17611523.0,16.68406396168451,-0.0708311919644479,0.0822,3.0,0.1742,0.1282,,15470.0,0.0737599644940409,54.121,2004,True,0.0823,0.2300999999999999,54.121,0.0,0.0,1.0
HU,2022,15558989.0,16.56014910031054,-0.1239148613739722,0.2300999999999999,4.0,0.5,0.36505,,16160.0,0.0436363885079753,64.206,2004,True,0.0822,0.1923,54.121,1.0,54.121,1.0
HU,2023,13436680.0,16.41349883873435,-0.1466502615761911,0.1923,3.0,0.347,0.26965,0.28,16050.0,-0.0068302035169249,62.087,2004,True,0.2300999999999999,0.187,54.121,1.0,54.121,1.0
HU,2024,12799176.0,16.364891351817686,-0.0486074869166621,0.187,4.0,0.485,0.3359999999999999,0.25,16210.0,0.0099194861715599,48.943,2004,True,0.1923,0.2479,54.121,0.0,0.0,1.0
HU,2025,11063058.0,16.2191220077042,-0.1457693441134857,0.2479,3.0,0.4437,0.3458,0.37,16370.0,0.0098220556354586,,2004,True,0.187,,54.121,0.0,0.0,1.0
IE,2005,22441091.0,16.92640425597525,,,,,,,47240.0,0.0333615357539809,89.647,EU-15,True,,,76.997,0.0,0.0,0.0
IE,2006,21705439.0,16.893073432265727,-0.0333308237095231,,,,,,48320.0,0.0226045622973991,90.745,EU-15,True,,,76.997,0.0,0.0,0.0
IE,2007,21246399.0,16.871697980151403,-0.0213754521143236,,,,,,49380.0,0.0216999302904739,87.548,EU-15,True,,,76.997,0.0,0.0,0.0
IE,2008,20382527.0,16.830188572184092,-0.041509407967311,,,,,,46160.0,-0.0674318617171891,89.991,EU-15,True,,,76.997,0.0,0.0,0.0
IE,2009,17216080.0,16.661354388773,-0.1688341834110929,,,,,,43390.0,-0.0618846223895861,87.797,EU-15,True,,,76.997,0.0,0.0,0.0
IE,2010,17374051.0,16.67048832921844,0.0091339404454409,,,,,,43920.0,0.0121407973910159,87.462,EU-15,True,,,76.997,0.0,0.0,0.0
IE,2011,15770748.0,16.57366738964696,-0.0968209395714794,,,,,,44450.0,0.0119951647586393,90.312,EU-15,True,,,76.997,0.0,0.0,0.0
IE,2012,16896866.0,16.642638718909495,0.0689713292625349,,,,,,44090.0,-0.0081319625900668,83.677,EU-15,True,,,76.997,0.0,0.0,0.0
IE,2013,15694759.0,16.568837392931634,-0.0738013259778611,,,,,,44830.0,0.0166445587975001,91.506,EU-15,True,,,76.997,0.0,0.0,0.0
IE,2014,15962536.0,16.585755034606215,0.0169176416745813,,,,,,48700.0,0.0828014719211971,86.012,EU-15,True,,0.1493,76.997,0.0,0.0,0.0
IE,2015,16828719.0,16.63859744918817,0.0528424145819528,0.1493,1.0,,0.1493,,60150.0,0.2111624123321434,88.653,EU-15,True,,0.1233,76.997,0.0,0.0,0.0
IE,2016,17738632.0,16.691255418005312,0.0526579688171437,0.1233,1.0,,0.1233,,60160.0,0.0001662372208972,68.951,EU-15,False,0.1493,0.1825,76.997,0.0,0.0,0.0
IE,2017,16895726.0,16.64257124850057,-0.0486841695047424,0.1825,1.0,,0.1825,,65290.0,0.0818312055569574,66.021,EU-15,False,0.1233,0.1708,76.997,0.0,0.0,0.0
IE,2018,15527076.0,16.558095896650883,-0.0844753518496865,0.1708,1.0,,0.1708,,69310.0,0.059750310731351,67.576,EU-15,False,0.1825,0.2713,76.997,0.0,0.0,0.0
IE,2019,14162311.0,16.46609483912785,-0.0920010575230314,0.2713,1.0,,0.2713,,71640.0,0.0330643812626174,68.673,EU-15,False,0.1708,0.2527,76.997,0.0,0.0,0.0
IE,2020,13296424.0,16.403005684858925,-0.0630891542689262,0.2527,2.0,,0.2527,,75620.0,0.0540672212702766,71.125,EU-15,True,0.2713,0.2951,76.997,0.0,0.0,0.0
IE,2021,15320020.0,16.544671027758895,0.1416653428999694,0.2951,3.0,0.6667000000000001,0.4809,,87150.0,0.1419099735032425,76.997,EU-15,True,0.2527,0.4446,76.997,0.0,0.0,0.0
IE,2022,14686224.0,16.50242046949892,-0.0422505582599761,0.4446,4.0,,0.4446,,92300.0,0.0574133695427754,79.086,EU-15,True,0.2951,0.3135,76.997,1.0,76.997,0.0
IE,2023,12193816.0,16.31643949594783,-0.1859809735510893,0.3135,3.0,0.5192,0.41635,0.48,87630.0,-0.0519207364410458,77.761,EU-15,True,0.4446,0.4943,76.997,1.0,76.997,0.0
IE,2024,11294199.0,16.239799789034898,-0.0766397069129318,0.4943,4.0,0.775,0.63465,0.47,89300.0,0.0188780828146928,79.533,EU-15,True,0.3135,0.4396,76.997,0.0,0.0,0.0
IE,2025,10670686.0,16.18301091361989,-0.0567888754150089,0.4396,3.0,0.6925,0.5660499999999999,0.45,94930.0,0.0611382900112538,,EU-15,True,0.4943,,76.997,0.0,0.0,0.0
IS,2013,1779881.0,14.39205706610086,,,,,,,52880.0,0.0250850874805639,13.505,,True,,,15.132,0.0,0.0,0.0
IS,2014,1754945.0,14.377948075359686,-0.0141089907411728,,,,,,53280.0,0.0075358306887025,13.955,,True,,,15.132,0.0,0.0,0.0
IS,2015,1812042.0,14.409964944124384,0.032016868764698,,,,,,54760.0,0.0273989741881148,16.418,,True,,,15.132,0.0,0.0,0.0
IS,2016,1780965.0,14.392665910197731,-0.0172990339266529,,,,,,57320.0,0.0456896025397224,18.941,,False,,,15.132,0.0,0.0,0.0
IS,2017,1831667.0,14.420737039135354,0.028071128937622,,,,,,57910.0,0.0102404782777281,18.37,,False,,,15.132,0.0,0.0,0.0
IS,2018,1854685.0,14.433225428283343,0.0124883891479896,,,,,,59120.0,0.0206791954022467,19.143,,False,,,15.132,0.0,0.0,0.0
IS,2019,1796154.0,14.401158270270743,-0.0320671580125981,,,,,,58770.0,-0.0059377560153865,16.106,,False,,,15.132,0.0,0.0,0.0
IS,2020,1759642.0,14.38062093723299,-0.0205373330377547,,,,,,54190.0,-0.0811351310465369,11.966,,True,,,15.132,0.0,0.0,0.0
IS,2021,1828020.0,14.418743971855418,0.0381230346224281,,,,,,56150.0,0.0355302916064292,15.132,,True,,,15.132,0.0,0.0,0.0
IS,2022,1875076.0,14.444159749898528,0.0254157780431096,,,,,,59720.0,0.0616402914865386,17.336,,True,,,15.132,1.0,15.132,0.0
IS,2023,1812530.0,14.410234217298129,-0.0339255326004011,,,,,,61170.0,0.0239899005834836,16.978,,True,,,15.132,1.0,15.132,0.0
IS,2024,1889154.0,14.451639667776895,0.0414054504787682,,,,,,59270.0,-0.0315535974547263,16.807,,True,,,15.132,0.0,0.0,0.0
IS,2025,1676585.0,14.332269544468073,-0.1193701233088226,,,,,,59220.0,-0.0008439531263029,,,True,,,15.132,0.0,0.0,0.0
IT,2005,225989455.0,19.235998896855943,,,,,,,31850.0,0.0018856070954615,83.348,EU-15,True,,,73.416,0.0,0.0,0.0
IT,2006,227439469.0,19.242394690622618,0.0063957937666714,,,,,,32290.0,0.0137202027520118,85.867,EU-15,True,,,73.416,0.0,0.0,0.0
IT,2007,226405990.0,19.23784036154048,-0.0045543290821399,,,,,,32570.0,0.0086340345179571,83.002,EU-15,True,,,73.416,0.0,0.0,0.0
IT,2008,220676325.0,19.21220759315752,-0.0256327683829589,,,,,,31990.0,-0.017968265326715,82.804,EU-15,True,,,73.416,0.0,0.0,0.0
IT,2009,184881602.0,19.03522618897291,-0.1769814041846089,,,,,,30110.0,-0.0605660114677846,80.777,EU-15,True,,,73.416,0.0,0.0,0.0
IT,2010,191489539.0,19.070343738461037,0.0351175494881239,,,,,,30440.0,0.0109001904998429,82.571,EU-15,True,,,73.416,0.0,0.0,0.0
IT,2011,189958180.0,19.062314500634884,-0.0080292378261503,,,,,,30550.0,0.0036071526241201,81.353,EU-15,True,,,73.416,0.0,0.0,0.0
IT,2012,179069626.0,19.003285260242045,-0.0590292403928387,,,,,,29510.0,-0.0346354966627568,79.109,EU-15,True,,,73.416,0.0,0.0,0.0
IT,2013,164499980.0,18.918421006589146,-0.0848642536528991,,,,,,28920.0,-0.0201957916642836,76.736,EU-15,True,,,73.416,0.0,0.0,0.0
IT,2014,152581871.0,18.84321186897089,-0.0752091376182555,,,,,,28910.0,-0.0003458412623089,75.811,EU-15,True,,0.0944,73.416,0.0,0.0,0.0
IT,2015,156206307.0,18.866688172275573,0.0234763033046832,0.0944,1.0,,0.0944,,29210.0,0.0103235603713933,77.03,EU-15,True,,0.0699,73.416,0.0,0.0,0.0
IT,2016,154956291.0,18.858653641567475,-0.0080345307080982,0.0699,1.0,,0.0699,,29630.0,0.0142762451858242,77.653,EU-15,False,0.0944,0.0939999999999999,73.416,0.0,0.0,0.0
IT,2017,155331759.0,18.86107376817732,0.0024201266098415,0.0939999999999999,1.0,,0.0939999999999999,,30160.0,0.0177291815542819,76.979,EU-15,False,0.0699,0.0794,73.416,0.0,0.0,0.0
IT,2018,146482048.0,18.802413439663702,-0.0586603285136142,0.0794,1.0,,0.0794,,30470.0,0.010226049857863,76.338,EU-15,False,0.0939999999999999,0.1607999999999999,73.416,0.0,0.0,0.0
IT,2019,140942002.0,18.763859030388343,-0.0385544092753562,0.1607999999999999,1.0,,0.1607999999999999,,30680.0,0.0068683835014375,77.484,EU-15,False,0.0794,0.1479,73.416,0.0,0.0,0.0
IT,2020,126028578.0,18.65201924872217,-0.1118397816661769,0.1479,2.0,,0.1479,,28100.0,-0.0878414001593554,73.454,EU-15,True,0.1607999999999999,0.1754,73.416,0.0,0.0,0.0
IT,2021,131474799.0,18.69432574863076,0.0423064999085873,0.1754,3.0,0.4029999999999999,0.2892,,30760.0,0.0904455682977438,73.416,EU-15,True,0.1479,0.2543999999999999,73.416,0.0,0.0,0.0
IT,2022,136294721.0,18.73033016517569,0.0360044165449373,0.2543999999999999,4.0,,0.2543999999999999,,32310.0,0.0491616351989634,79.49,EU-15,True,0.1754,0.2027,73.416,1.0,73.416,0.0
IT,2023,114784026.0,18.558562885826525,-0.1717672793491687,0.2027,3.0,,0.2027,0.42,32630.0,0.009855330768822,75.356,EU-15,True,0.2543999999999999,0.2684999999999999,73.416,1.0,73.416,0.0
IT,2024,101392574.0,18.43451041172556,-0.1240524741009636,0.2684999999999999,4.0,,0.2684999999999999,0.44,32900.0,0.0082405471660962,73.884,EU-15,True,0.2027,0.3569,73.416,0.0,0.0,0.0
IT,2025,101173099.0,18.432343459323096,-0.0021669524024652,0.3569,3.0,,0.3569,0.45,33080.0,0.0054562123841641,,EU-15,True,0.2684999999999999,,73.416,0.0,0.0,0.0
LI,2008,19883.0,9.89762037425808,,,,,,,,,,,True,,,,0.0,,0.0
LI,2009,13379.0,9.50144159247362,-0.3961787817844602,,,,,,,,,,True,,,,0.0,,0.0
LI,2010,1796.0,7.493317248862145,-2.008124343611475,,,,,,,,,,True,,,,0.0,,0.0
LI,2011,1546.0,7.343426229147367,-0.1498910197147784,,,,,,,,,,True,,,,0.0,,0.0
LI,2012,1096.0,6.999422467507961,-0.3440037616394056,,,,,,,,,,True,,,,0.0,,0.0
LI,2013,943.0,6.849066282633458,-0.1503561848745036,,,,,,,,,,True,,,,0.0,,0.0
LI,2014,309.0,5.733341276897746,-1.1157250057357118,,,,,,,,,,True,,,,0.0,,0.0
LI,2015,290.0,5.66988092298052,-0.0634603539172262,,,,,,,,,,True,,,,0.0,,0.0
LI,2016,151.0,5.017279836814924,-0.6526010861655953,,,,,,,,,,False,,,,0.0,,0.0
LI,2017,516.0,6.246106765481563,1.2288269286666385,,,,,,,,,,False,,,,0.0,,0.0
LI,2018,341.0,5.831882477283517,-0.4142242881980458,,,,,,,,,,False,,,,0.0,,0.0
LI,2019,198.0,5.288267030694535,-0.5436154465889818,,,,,,,,,,False,,,,0.0,,0.0
LI,2020,600.0,6.396929655216146,1.1086626245216111,,,,,,,,,,True,,,,0.0,,0.0
LT,2005,6603869.0,15.70316624736266,,,,,,,9940.0,0.0904928280552805,55.332,2004,True,,,73.272,0.0,0.0,1.0
LT,2006,6516911.0,15.68991104863081,-0.0132551987318514,,,,,,10850.0,0.087598059317985,60.351,2004,True,,,73.272,0.0,0.0,1.0
LT,2007,5998744.0,15.607060671945716,-0.0828503766850943,,,,,,12190.0,0.1164508635067118,59.111,2004,True,,,73.272,0.0,0.0,1.0
LT,2008,6103720.0,15.624408979334666,0.0173483073889499,,,,,,12640.0,0.0362504452255318,56.016,2004,True,,,73.272,0.0,0.0,1.0
LT,2009,5786742.0,15.57107999687681,-0.053328982457856,,,,,,10880.0,-0.1499401472909145,48.045,2004,True,,,73.272,0.0,0.0,1.0
LT,2010,6393952.0,15.6708631015359,0.0997831046590889,,,,,,11160.0,0.0254097155253667,79.045,2004,True,,,73.272,0.0,0.0,1.0
LT,2011,5606425.0,15.53942381946371,-0.1314392820721881,,,,,,12140.0,0.0841698286781884,78.604,2004,True,,,73.272,0.0,0.0,1.0
LT,2012,5718037.0,15.559136122637442,0.0197123031737316,,,,,,12830.0,0.0552803929961918,77.534,2004,True,,,73.272,0.0,0.0,1.0
LT,2013,7464155.0,15.825622787638824,0.2664866650013806,,,,,,13480.0,0.0494209268566159,75.556,2004,True,,,73.272,0.0,0.0,1.0
LT,2014,6864234.0,15.741835010477944,-0.0837877771608788,,,,,,14100.0,0.0449676918999628,74.935,2004,True,,0.2430999999999999,73.272,0.0,0.0,1.0
LT,2015,6844943.0,15.73902068942385,-0.0028143210540942,0.2430999999999999,1.0,,0.2430999999999999,,14630.0,0.0368994176479091,75.452,2004,True,,0.1542,73.272,0.0,0.0,1.0
LT,2016,6159573.0,15.633518014925269,-0.1055026744985809,0.1542,1.0,,0.1542,,15200.0,0.0382212128201988,74.784,2004,False,0.2430999999999999,0.2251999999999999,73.272,0.0,0.0,1.0
LT,2017,6283336.0,15.653411607593275,0.0198935926680086,0.2251999999999999,1.0,,0.2251999999999999,,16090.0,0.0569025331520602,71.965,2004,False,0.1542,0.2051,73.272,0.0,0.0,1.0
LT,2018,5952939.0,15.599395605148707,-0.0540160024445697,0.2051,1.0,,0.2051,,17030.0,0.0567785336703057,73.897,2004,False,0.2251999999999999,0.2621,73.272,0.0,0.0,1.0
LT,2019,6066873.0,15.618353873789564,0.0189582686408567,0.2621,1.0,,0.2621,,17870.0,0.0481468344967392,75.202,2004,False,0.2051,0.0653,73.272,0.0,0.0,1.0
LT,2020,6137662.0,15.629954445848584,0.0116005720590202,0.0653,2.0,,0.0653,,17890.0,0.0011185683492911,74.909,2004,True,0.2621,0.172,73.272,0.0,0.0,1.0
LT,2021,5976002.0,15.603262340466756,-0.0266921053818283,0.172,3.0,,0.172,,19040.0,0.0623001318425924,73.272,2004,True,0.0653,0.2595,73.272,0.0,0.0,1.0
LT,2022,5066303.0,15.438121918256565,-0.1651404222101931,0.2595,4.0,,0.2595,,19350.0,0.0161503901125712,72.434,2004,True,0.172,0.2178999999999999,73.272,1.0,73.272,1.0
LT,2023,4752053.0,15.374087293161075,-0.0640346250954877,0.2178999999999999,3.0,,0.2178999999999999,0.36,19220.0,-0.0067410159336454,69.498,2004,True,0.2595,0.2507,73.272,1.0,73.272,1.0
LT,2024,4961894.0,15.417298080651817,0.0432107874907394,0.2507,4.0,,0.2507,0.34,19690.0,0.0241594891088876,66.014,2004,True,0.2178999999999999,0.422,73.272,0.0,0.0,1.0
LT,2025,4612455.0,15.344270811185767,-0.0730272694660474,0.422,3.0,,0.422,0.44,20260.0,0.0285376061695039,,2004,True,0.2507,,73.272,0.0,0.0,1.0
LU,2005,2603349.0,14.772309251055388,,,,,,,98260.0,0.0088934907673952,97.376,EU-15,True,,,92.374,0.0,0.0,0.0
LU,2006,2712972.0,14.813555270909594,0.0412460198542063,,,,,,102580.0,0.0430259552206191,98.232,EU-15,True,,,92.374,0.0,0.0,0.0
LU,2007,2567231.0,14.758338444117776,-0.0552168267918169,,,,,,109100.0,0.0616219108779034,96.668,EU-15,True,,,92.374,0.0,0.0,0.0
LU,2008,2098895.0,14.55692157373067,-0.2014168703871082,,,,,,106870.0,-0.0206517503022194,97.446,EU-15,True,,,92.374,0.0,0.0,0.0
LU,2009,2181694.0,14.595612197227368,0.0386906234966986,,,,,,101540.0,-0.0511603330175578,97.514,EU-15,True,,,92.374,0.0,0.0,0.0
LU,2010,2252662.0,14.627623185967296,0.0320109887399269,,,,,,103430.0,0.0184422458704638,97.069,EU-15,True,,,92.374,0.0,0.0,0.0
LU,2011,2052211.0,14.534428306497237,-0.0931948794700598,,,,,,102120.0,-0.0127464630164286,97.293,EU-15,True,,,92.374,0.0,0.0,0.0
LU,2012,1989537.0,14.503412506313785,-0.0310158001834501,,,,,,101440.0,-0.0066811016843679,97.51,EU-15,True,,,92.374,0.0,0.0,0.0
LU,2013,1847117.0,14.429136603141538,-0.0742759031722464,,,,,,102010.0,0.005603357005512,97.1,EU-15,True,,,92.374,0.0,0.0,0.0
LU,2014,1931704.0,14.473913072907155,0.0447764697656172,,,,,,102250.0,0.0023499472284846,96.626,EU-15,True,,0.2112,92.374,0.0,0.0,0.0
LU,2015,1660832.0,14.32282923959082,-0.1510838333163349,0.2112,1.0,,0.2112,,102530.0,0.0027346437590871,95.958,EU-15,True,,0.1510999999999999,92.374,0.0,0.0,0.0
LU,2016,1503325.0,14.223189879558136,-0.0996393600326843,0.1510999999999999,1.0,,0.1510999999999999,,104920.0,0.0230427163166737,96.28,EU-15,False,0.2112,0.2082,92.374,0.0,0.0,0.0
LU,2017,1492043.0,14.21565687970588,-0.0075329998522573,0.2082,1.0,,0.2082,,104020.0,-0.0086149666537469,95.558,EU-15,False,0.1510999999999999,0.1666,92.374,0.0,0.0,0.0
LU,2018,1468882.0,14.200012125176755,-0.0156447545291236,0.1666,1.0,,0.1666,,103640.0,-0.0036598326510173,95.156,EU-15,False,0.2082,0.3496,92.374,0.0,0.0,0.0
LU,2019,1496130.0,14.218392332136837,0.0183802069600798,0.3496,1.0,,0.3496,,104310.0,0.0064438789939718,95.009,EU-15,False,0.1666,0.1882,92.374,0.0,0.0,0.0
LU,2020,1376500.0,14.135054603564798,-0.0833377285720367,0.1882,2.0,,0.1882,,102190.0,-0.0205334090637627,92.342,EU-15,True,0.3496,0.2471,92.374,0.0,0.0,0.0
LU,2021,1316802.0,14.090716627737326,-0.0443379758274726,0.2471,3.0,,0.2471,,107570.0,0.0513079728197958,92.374,EU-15,True,0.1882,0.3243999999999999,92.374,0.0,0.0,0.0
LU,2022,1133340.0,13.94067958325392,-0.1500370444834047,0.3243999999999999,4.0,,0.3243999999999999,,104100.0,-0.0327898228229894,91.483,EU-15,True,0.2471,0.2151,92.374,1.0,92.374,0.0
LU,2023,883632.0,13.691795965354451,-0.2488836178994677,0.2151,3.0,,0.2151,0.36,102250.0,-0.017931180698012,91.448,EU-15,True,0.3243999999999999,0.381,92.374,1.0,92.374,0.0
LU,2024,831051.0,13.630446443795568,-0.0613495215588866,0.381,4.0,,0.381,0.3,101000.0,-0.0123002780816516,91.034,EU-15,True,0.2151,0.4311,92.374,0.0,0.0,0.0
LU,2025,667686.0,13.411573282125763,-0.2188731616698014,0.4311,3.0,,0.4311,0.36,100380.0,-0.0061575326144733,,EU-15,True,0.381,,92.374,0.0,0.0,0.0
LV,2005,2854492.0,14.864404451790126,,,,,,,10430.0,0.1211443833590895,63.841,2004,True,,,38.335,0.0,0.0,1.0
LV,2006,2940685.0,14.894153105373444,0.0297486535833186,,,,,,11870.0,0.1293279396088955,66.707,2004,True,,,38.335,0.0,0.0,1.0
LV,2007,2849210.0,14.8625523208373,-0.0316007845361436,,,,,,13220.0,0.107716625801963,62.478,2004,True,,,38.335,0.0,0.0,1.0
LV,2008,2742918.0,14.824532875196558,-0.0380194456407423,,,,,,12900.0,-0.0245035230559143,58.825,2004,True,,,38.335,0.0,0.0,1.0
LV,2009,2489805.0,14.727714952121236,-0.0968179230753225,,,,,,11020.0,-0.1575155076428576,60.411,2004,True,,,38.335,0.0,0.0,1.0
LV,2010,3240172.0,14.99113697277923,0.2634220206579947,,,,,,10840.0,-0.0164688077132684,45.545,2004,True,,,38.335,0.0,0.0,1.0
LV,2011,2923455.0,14.888276693970417,-0.1028602788088139,,,,,,11380.0,0.0486144326866853,59.863,2004,True,,,38.335,0.0,0.0,1.0
LV,2012,2740013.0,14.823473222878546,-0.0648034710918707,,,,,,12360.0,0.0826080233313604,56.388,2004,True,,,38.335,0.0,0.0,1.0
LV,2013,2649814.0,14.79000000681982,-0.0334732160587272,,,,,,12750.0,0.0310658195748896,55.883,2004,True,,,38.335,0.0,0.0,1.0
LV,2014,2354247.0,14.671731489080322,-0.1182685177394962,,,,,,13140.0,0.0301297414520291,40.592,2004,True,,,38.335,0.0,0.0,1.0
LV,2015,2312538.0,14.65385618066614,-0.0178753084141831,,,,,,13750.0,0.0453778110561167,51.179,2004,True,,,38.335,0.0,0.0,1.0
LV,2016,2197000.0,14.602603351366747,-0.0512528292993916,,,,,,14230.0,0.03431358798918,47.152,2004,False,,,38.335,0.0,0.0,1.0
LV,2017,2049810.0,14.533257663892432,-0.0693456874743141,,,,,,14850.0,0.042647453146948,44.055,2004,False,,0.0379,38.335,0.0,0.0,1.0
LV,2018,2612632.0,14.775868700294582,0.2426110364021489,0.0379,1.0,,0.0379,,15610.0,0.0499118692786311,44.316,2004,False,,0.073,38.335,0.0,0.0,1.0
LV,2019,2493060.0,14.729021429604767,-0.0468472706898133,0.073,1.0,,0.073,,15820.0,0.0133632278121673,43.917,2004,False,0.0379,0.0458999999999999,38.335,0.0,0.0,1.0
LV,2020,2021990.0,14.519592732951908,-0.2094286966528624,0.0458999999999999,2.0,,0.0458999999999999,,15370.0,-0.0288574047890026,45.485,2004,True,0.073,0.1084,38.335,0.0,0.0,1.0
LV,2021,2064880.0,14.540582671308592,0.0209899383566867,0.1084,3.0,0.0926999999999999,0.10055,,16580.0,0.0757795921566444,38.335,2004,True,0.0458999999999999,0.1574,38.335,0.0,0.0,1.0
LV,2022,1689971.0,14.340221926988711,-0.2003607443198802,0.1574,4.0,0.2582,0.2077999999999999,,16890.0,0.01852458111256,38.213,2004,True,0.1084,0.1828,38.335,1.0,38.335,1.0
LV,2023,1739119.0,14.368889221127445,0.0286672941387315,0.1828,3.0,0.1357,0.15925,0.39,16770.0,-0.0071301549845923,32.716,2004,True,0.1574,0.1877,38.335,1.0,38.335,1.0
LV,2024,1600151.0,14.28560855775697,-0.0832806633704752,0.1877,4.0,0.3747999999999999,0.28125,0.35,16910.0,0.0083135870753725,29.26,2004,True,0.1828,0.2597,38.335,0.0,0.0,1.0
LV,2025,1659267.0,14.321886496548574,0.0362779387916045,0.2597,3.0,0.3793999999999999,0.31955,0.6,17520.0,0.0354379225977563,,2004,True,0.1877,,38.335,0.0,0.0,1.0
MT,2005,1971258.0,14.494182475589769,,,,,,,18120.0,0.0223223554378986,99.967,2004,True,,,97.042,0.0,0.0,1.0
MT,2006,1985765.0,14.501514788287825,0.0073323126980557,,,,,,18480.0,0.0196727655987043,99.962,2004,True,,,97.042,0.0,0.0,1.0
MT,2007,2027364.0,14.522246985040022,0.0207321967521991,,,,,,19340.0,0.0454864238116101,99.956,2004,True,,,97.042,0.0,0.0,1.0
MT,2008,2018585.0,14.517907328866588,-0.0043396561734336,,,,,,20060.0,0.0365522925086416,99.952,2004,True,,,97.042,0.0,0.0,1.0
MT,2009,1897113.0,14.455843814881598,-0.0620635139849898,,,,,,19630.0,-0.0216687742454197,99.926,2004,True,,,97.042,0.0,0.0,1.0
MT,2010,1878307.0,14.445881397168778,-0.0099624177128205,,,,,,20750.0,0.0554872383883378,99.036,2004,True,,,97.042,0.0,0.0,1.0
MT,2011,1931566.0,14.473841630838615,0.0279602336698392,,,,,,20860.0,0.0052872028959196,101.3,2004,True,,,97.042,0.0,0.0,1.0
MT,2012,2052430.0,14.534535014976836,0.0606933841382186,,,,,,21540.0,0.032078222155615,100.973,2004,True,,,97.042,0.0,0.0,1.0
MT,2013,1697304.0,14.344551667830991,-0.1899833471458443,,,,,,22600.0,0.048038234549999,104.139,2004,True,,,97.042,0.0,0.0,1.0
MT,2014,1659118.0,14.321796693828215,-0.0227549740027761,,,,,,23840.0,0.0534149359189086,97.657,2004,True,,0.1628,97.042,0.0,0.0,1.0
MT,2015,889614.0,13.698542939764696,-0.6232537540635192,0.1628,1.0,,0.1628,,25520.0,0.0680976162794397,97.296,2004,True,,0.1091,97.042,0.0,0.0,1.0
MT,2016,579539.0,13.269988238893472,-0.4285547008712242,0.1091,1.0,,0.1091,,25960.0,0.0170944333593006,101.076,2004,False,0.1628,0.1357,97.042,0.0,0.0,1.0
MT,2017,723997.0,13.49254252771286,0.2225542888193885,0.1357,1.0,,0.1357,,28530.0,0.0943992733895182,103.052,2004,False,0.1091,0.123,97.042,0.0,0.0,1.0
MT,2018,698028.0,13.45601449555312,-0.0365280321597403,0.123,1.0,,0.123,,29510.0,0.0337730237294398,97.527,2004,False,0.1357,0.207,97.042,0.0,0.0,1.0
MT,2019,739362.0,13.513542931142632,0.0575284355895124,0.207,1.0,,0.207,,29480.0,-0.001017121633712,97.274,2004,False,0.123,0.1275,97.042,0.0,0.0,1.0
MT,2020,810207.0,13.605045049555418,0.0915021184127855,0.1275,2.0,,0.1275,,27870.0,-0.0561612258272798,97.555,2004,True,0.207,0.2208,97.042,0.0,0.0,1.0
MT,2021,771044.0,13.555500719659,-0.0495443298964168,0.2208,3.0,,0.2208,,31410.0,0.1195754720566988,97.042,2004,True,0.1275,0.3433,97.042,0.0,0.0,1.0
MT,2022,796530.0,13.588020072406367,0.0325193527473661,0.3433,4.0,,0.3433,,31830.0,0.0132829277434467,98.965,2004,True,0.2208,0.3390999999999999,97.042,1.0,97.042,1.0
MT,2023,797185.0,13.588842051288262,0.0008219788818948,0.3390999999999999,3.0,,0.3390999999999999,0.55,32760.0,0.0287990176908667,97.553,2004,True,0.3433,0.3894,97.042,1.0,97.042,1.0
MT,2024,736465.0,13.509616991691798,-0.0792250595964638,0.3894,4.0,,0.3894,0.54,33540.0,0.0235304974101939,98.388,2004,True,0.3390999999999999,0.4576999999999999,97.042,0.0,0.0,1.0
MT,2025,718878.0,13.48544694219462,-0.0241700494971794,0.4576999999999999,3.0,1.0,0.72885,0.6,34360.0,0.024154340720992,,2004,True,0.3894,,97.042,0.0,0.0,1.0
NL,2005,80351292.0,18.201918729670044,,,,,,,42160.0,0.0177080482656677,37.784,EU-15,True,,,58.451,0.0,0.0,0.0
NL,2006,76702137.0,18.15544012774857,-0.0464786019214749,,,,,,43590.0,0.0333558620171938,38.561,EU-15,True,,,58.451,0.0,0.0,0.0
NL,2007,79872395.0,18.19594085667161,0.0405007289230425,,,,,,45180.0,0.0358267447895563,37.407,EU-15,True,,,58.451,0.0,0.0,0.0
NL,2008,83510582.0,18.24048391233037,0.0445430556587567,,,,,,45960.0,0.0171169419406975,33.555,EU-15,True,,,58.451,0.0,0.0,0.0
NL,2009,81030700.0,18.21033865317536,-0.030145259155013,,,,,,44050.0,-0.0424461005983651,34.059,EU-15,True,,,58.451,0.0,0.0,0.0
NL,2010,84735599.0,18.2550463664824,0.0447077133070443,,,,,,44400.0,0.0079141170559893,28.279,EU-15,True,,,58.451,0.0,0.0,0.0
NL,2011,79966837.0,18.19712256919373,-0.0579237972886659,,,,,,44980.0,0.0129784770929912,29.357,EU-15,True,,,58.451,0.0,0.0,0.0
NL,2012,76425922.0,18.151832489783548,-0.0452900794101864,,,,,,44370.0,-0.013654381140352,30.635,EU-15,True,,,58.451,0.0,0.0,0.0
NL,2013,86946145.0,18.28079946195652,0.1289669721729716,,,,,,44230.0,-0.0031602735105824,23.738,EU-15,True,,,58.451,0.0,0.0,0.0
NL,2014,89044478.0,18.30464655567056,0.0238470937140391,,,,,,44780.0,0.0123583192903726,30.948,EU-15,True,,0.3543,58.451,0.0,0.0,0.0
NL,2015,94087699.0,18.359737873375167,0.0550913177046084,0.3543,1.0,,0.3543,,45530.0,0.0166098381760821,48.372,EU-15,True,,0.1991,58.451,0.0,0.0,0.0
NL,2016,93871917.0,18.35744182596467,-0.0022960474104962,0.1991,1.0,,0.1991,,46380.0,0.0184968824806954,45.874,EU-15,False,0.3543,0.3602,58.451,0.0,0.0,0.0
NL,2017,91409751.0,18.33086271563548,-0.026579110329191,0.3602,1.0,,0.3602,,47390.0,0.0215429041521115,51.699,EU-15,False,0.1991,0.2469,58.451,0.0,0.0,0.0
NL,2018,87394669.0,18.28594484334213,-0.0449178722933538,0.2469,1.0,,0.2469,,48180.0,0.0165327612072285,59.517,EU-15,False,0.3602,0.3431,58.451,0.0,0.0,0.0
NL,2019,83726614.0,18.243067453854973,-0.0428773894871525,0.3431,1.0,,0.3431,,48970.0,0.0162638685275009,64.304,EU-15,False,0.2469,0.2503,58.451,0.0,0.0,0.0
NL,2020,74121865.0,18.1212211209645,-0.1218463328904739,0.2503,2.0,,0.2503,,46810.0,-0.0451110104022483,68.023,EU-15,True,0.3431,0.3248,58.451,0.0,0.0,0.0
NL,2021,74153581.0,18.12164891938075,0.0004277984162506,0.3248,3.0,0.5575,0.44115,,49490.0,0.0556737736518169,58.451,EU-15,True,0.2503,0.4065,58.451,0.0,0.0,0.0
NL,2022,68522183.0,18.042668090223845,-0.0789808291569045,0.4065,4.0,0.8015000000000001,0.6040000000000001,,51480.0,0.0394227537641302,80.242,EU-15,True,0.3248,0.4576,58.451,1.0,58.451,0.0
NL,2023,58888869.0,17.891162649438318,-0.1515054407855274,0.4576,3.0,0.7737,0.61565,0.56,50660.0,-0.016056738154397,70.411,EU-15,True,0.4065,0.4299,58.451,1.0,58.451,0.0
NL,2024,59865342.0,17.907608297970683,0.0164456485323647,0.4299,4.0,0.8253,0.6276,0.57,50870.0,0.0041367142611452,70.564,EU-15,True,0.4576,0.6564,58.451,0.0,0.0,0.0
NL,2025,61854185.0,17.940290318216192,0.0326820202455095,0.6564,3.0,0.856,0.7562,0.65,51400.0,0.0103648136264453,,EU-15,True,0.4299,,58.451,0.0,0.0,0.0
NO,2008,19342443.0,16.77781235852277,,,,,,,61200.0,-0.0042393671840574,-592.319,,True,,,-622.175,0.0,-0.0,0.0
NO,2009,19215690.0,16.771237690782097,-0.0065746677406721,,,,,,59450.0,-0.0290115663814898,-601.253,,True,,,-622.175,0.0,-0.0,0.0
NO,2010,19274275.0,16.774281863217286,0.0030441724351888,,,,,,59310.0,-0.0023576972861558,-536.301,,True,,,-622.175,0.0,-0.0,0.0
NO,2011,19083018.0,16.764309387576525,-0.0099724756407617,,,,,,59350.0,0.0006741952050415,-590.038,,True,,,-622.175,0.0,-0.0,0.0
NO,2012,18560346.0,16.736537927389943,-0.0277714601865817,,,,,,60230.0,0.0147184459999536,-568.081,,True,,,-622.175,0.0,-0.0,0.0
NO,2013,24687895.0,17.021823600497616,0.2852856731076727,,,,,,60260.0,0.0004979666465256,-508.738,,True,,,-622.175,0.0,-0.0,0.0
NO,2014,24975363.0,17.0334004169278,0.0115768164301854,,,,,,60840.0,0.0095789336889353,-566.17,,True,,0.3109,-622.175,0.0,-0.0,0.0
NO,2015,25706419.0,17.062251285215943,0.028850868288142,0.3109,1.0,,0.3109,,61450.0,0.0099763686209524,-678.008,,True,,0.3292,-622.175,0.0,-0.0,0.0
NO,2016,25215836.0,17.042982767811488,-0.0192685174044555,0.3292,1.0,,0.3292,,61700.0,0.0040600948992981,-608.666,,False,0.3109,0.276,-622.175,0.0,-0.0,0.0
NO,2017,25414470.0,17.050829254819217,0.007846487007729,0.276,1.0,,0.276,,62850.0,0.0184670041249148,-595.383,,False,0.3292,0.3055,-622.175,0.0,-0.0,0.0
NO,2018,25158775.0,17.04071730021692,-0.0101119546022978,0.3055,1.0,,0.3055,,63130.0,0.0044451573432766,-563.803,,False,0.276,0.2918,-622.175,0.0,-0.0,0.0
NO,2019,24641834.0,17.019956125677865,-0.0207611745390536,0.2918,1.0,,0.2918,,63630.0,0.0078889648651667,-561.944,,False,0.3055,0.3907,-622.175,0.0,-0.0,0.0
NO,2020,23727592.0,16.982149148336763,-0.037806977341102,0.3907,2.0,,0.3907,,62400.0,-0.0195197818693184,-603.999,,True,0.2918,0.3422,-622.175,0.0,-0.0,0.0
NO,2021,22988107.0,16.950487553201338,-0.0316615951354251,0.3422,3.0,0.6535,0.49785,,64640.0,0.0352681388374573,-622.175,,True,0.3907,0.4294,-622.175,0.0,-0.0,0.0
NO,2022,22522445.0,16.930022925502307,-0.020464627699031,0.4294,4.0,0.906,0.6677,,66670.0,0.0309216624171302,-682.103,,True,0.3422,0.3730999999999999,-622.175,1.0,-622.175,0.0
NO,2023,21327464.0,16.87550618980201,-0.0545167357002966,0.3730999999999999,3.0,0.8064999999999999,0.5897999999999999,,66140.0,-0.0079813690763224,-655.137,,True,0.4294,0.444,-622.175,1.0,-622.175,0.0
NO,2024,20451375.0,16.833560675356583,-0.0419455144454268,0.444,4.0,0.8809,0.66245,,66460.0,0.0048265553728015,-677.196,,True,0.3730999999999999,0.4916,-622.175,0.0,-0.0,0.0
NO,2025,20558860.0,16.838802549543153,0.00524187418657,0.4916,3.0,0.9693,0.73045,,66720.0,0.0039044951240434,,,True,0.444,,-622.175,0.0,-0.0,0.0
PL,2005,203149576.0,19.129453093268094,,,,,,,8080.0,0.0327073179757846,17.748,2004,True,,,40.464,0.0,0.0,1.0
PL,2006,209616290.0,19.16078922685681,0.0313361335887165,,,,,,8590.0,0.061206863463159,20.149,2004,True,,,40.464,0.0,0.0,1.0
PL,2007,209618357.0,19.16079908768303,9.860826221341767e-06,,,,,,9170.0,0.0653385502722105,25.79,2004,True,,,40.464,0.0,0.0,1.0
PL,2008,204107419.0,19.13415697694795,-0.0266421107350822,,,,,,9570.0,0.0426959191964879,30.862,2004,True,,,40.464,0.0,0.0,1.0
PL,2009,191174249.0,19.068695868548936,-0.0654611083990133,,,,,,9810.0,0.024769068112409,32.041,2004,True,,,40.464,0.0,0.0,1.0
PL,2010,199726907.0,19.112461526415476,0.0437656578665368,,,,,,10150.0,0.0340714319105242,31.559,2004,True,,,40.464,0.0,0.0,1.0
PL,2011,203026525.0,19.12884719349476,0.0163856670792874,,,,,,10680.0,0.0508991280442536,34.008,2004,True,,,40.464,0.0,0.0,1.0
PL,2012,196636280.0,19.09686628578369,-0.0319809077110697,,,,,,10840.0,0.0148701624794505,31.613,2004,True,,,40.464,0.0,0.0,1.0
PL,2013,205735395.0,19.142101410797824,0.045235125014134,,,,,,10930.0,0.0082683061769479,26.236,2004,True,,,40.464,0.0,0.0,1.0
PL,2014,197129387.0,19.099370857914234,-0.0427305528835901,,,,,,11360.0,0.0385871111045581,29.395,2004,True,,0.1033,40.464,0.0,0.0,1.0
PL,2015,198700536.0,19.107309405052376,0.0079385471381421,0.1033,1.0,,0.1033,,11870.0,0.0439157953285711,29.829,2004,True,,0.0771,40.464,0.0,0.0,1.0
PL,2016,198051726.0,19.10403879696519,-0.0032706080871847,0.0771,1.0,,0.0771,,12240.0,0.0306950684626023,30.744,2004,False,0.1033,0.0856,40.464,0.0,0.0,1.0
PL,2017,202166696.0,19.124603142775065,0.0205643458098734,0.0856,1.0,,0.0856,,12870.0,0.0501897445238554,38.255,2004,False,0.0771,0.0793,40.464,0.0,0.0,1.0
PL,2018,199974539.0,19.11370061140834,-0.0109025313667245,0.0793,1.0,,0.0793,,13680.0,0.0610358905863694,43.52,2004,False,0.0856,0.0939,40.464,0.0,0.0,1.0
PL,2019,183690533.0,19.02876301374578,-0.0849375976625594,0.0939,1.0,,0.0939,,14310.0,0.045023681373955,45.251,2004,False,0.0793,0.0967,40.464,0.0,0.0,1.0
PL,2020,171729419.0,18.96143065073648,-0.067332363009303,0.0967,2.0,,0.0967,,14310.0,0.0,42.775,2004,True,0.0939,0.1116,40.464,0.0,0.0,1.0
PL,2021,192032908.0,19.073177311138803,0.1117466604023249,0.1116,3.0,0.1284,0.12,,15380.0,0.0721093705091391,40.464,2004,True,0.0967,0.247,40.464,0.0,0.0,1.0
PL,2022,184145848.0,19.031238653764348,-0.0419386573744553,0.247,4.0,0.5051,0.37605,,15840.0,0.0294704223087816,46.115,2004,True,0.1116,0.1655,40.464,1.0,40.464,1.0
PL,2023,153018903.0,18.846072020744767,-0.1851666330195804,0.1655,3.0,0.2779999999999999,0.22175,0.32,15950.0,0.0069204428445726,47.996,2004,True,0.247,0.2677,40.464,1.0,40.464,1.0
PL,2024,148707821.0,18.8174940058778,-0.0285780148669658,0.2677,4.0,0.6051000000000001,0.4364,0.41,16510.0,0.0345074287011843,45.669,2004,True,0.1655,0.2627,40.464,0.0,0.0,1.0
PL,2025,113915915.0,18.550971146487814,-0.2665228593899833,0.2627,3.0,0.4887999999999999,0.37575,0.42,17170.0,0.0391974169773465,,2004,True,0.2677,,40.464,0.0,0.0,1.0
PT,2005,36425933.0,17.410791523993414,,,,,,,19000.0,0.0058062976530219,88.561,EU-15,True,,,66.925,0.0,0.0,0.0
PT,2006,33061969.0,17.313894206962328,-0.096897317031086,,,,,,19280.0,0.0146293100159589,83.967,EU-15,True,,,66.925,0.0,0.0,0.0
PT,2007,31197278.0,17.255841405384025,-0.0580528015783023,,,,,,19720.0,0.0225650599920896,81.519,EU-15,True,,,66.925,0.0,0.0,0.0
PT,2008,29911640.0,17.213758260263106,-0.0420831451209195,,,,,,19760.0,0.0020263431452338,83.623,EU-15,True,,,66.925,0.0,0.0,0.0
PT,2009,28261960.0,17.157027288795824,-0.0567309714672816,,,,,,19120.0,-0.0329247846964673,81.434,EU-15,True,,,66.925,0.0,0.0,0.0
PT,2010,24167190.0,17.000506486094736,-0.1565208027010882,,,,,,19440.0,0.0165978914090381,75.22,EU-15,True,,,66.925,0.0,0.0,0.0
PT,2011,25010518.0,17.03480701435463,0.0343005282598944,,,,,,19110.0,-0.0171210407801112,77.792,EU-15,True,,,66.925,0.0,0.0,0.0
PT,2012,25254395.0,17.044510757945,0.0097037435903715,,,,,,18410.0,-0.037317763007195,79.461,EU-15,True,,,66.925,0.0,0.0,0.0
PT,2013,24660693.0,17.020721157495394,-0.0237896004496072,,,,,,18330.0,-0.0043549333933725,73.347,EU-15,True,,,66.925,0.0,0.0,0.0
PT,2014,24196794.0,17.00173070301191,-0.018990454483486,,,,,,18560.0,0.0124696655064404,70.234,EU-15,True,,0.1051,66.925,0.0,0.0,0.0
PT,2015,27957283.0,17.14618829607308,0.1444575930611726,0.1051,1.0,,0.1051,,18920.0,0.0192108362656764,76.293,EU-15,True,,0.082,66.925,0.0,0.0,0.0
PT,2016,25755477.0,17.064157861485914,-0.0820304345871676,0.082,1.0,,0.082,,19350.0,0.0224728558520599,72.241,EU-15,False,0.1051,0.1641999999999999,66.925,0.0,0.0,0.0
PT,2017,30076001.0,17.219238102729157,0.1550802412432439,0.1641999999999999,1.0,,0.1641999999999999,,20020.0,0.0340393544112824,77.965,EU-15,False,0.082,0.0684,66.925,0.0,0.0,0.0
PT,2018,26296307.0,17.08493906903748,-0.1342990336916791,0.0684,1.0,,0.0684,,20620.0,0.0295297047017406,75.657,EU-15,False,0.1641999999999999,0.1378,66.925,0.0,0.0,0.0
PT,2019,21604075.0,16.88839251226823,-0.196546556769249,0.1378,1.0,,0.1378,,21150.0,0.0253784269034724,73.875,EU-15,False,0.0684,0.0875,66.925,0.0,0.0,0.0
PT,2020,18733777.0,16.745838709189385,-0.1425538030788438,0.0875,2.0,,0.0875,,19360.0,-0.088430823643856,65.282,EU-15,True,0.1378,0.1266,66.925,0.0,0.0,0.0
PT,2021,16037219.0,16.590422766318387,-0.1554159428709987,0.1266,3.0,0.3456,0.2361,,20390.0,0.0518355027379335,66.925,EU-15,True,0.0875,0.256,66.925,0.0,0.0,0.0
PT,2022,16191278.0,16.59998326015422,0.0095604938358349,0.256,4.0,,0.256,,21690.0,0.0618067402524182,71.274,EU-15,True,0.1266,0.1508,66.925,1.0,66.925,0.0
PT,2023,12762063.0,16.36198749992857,-0.237995760225651,0.1508,3.0,,0.1508,0.32,22130.0,0.0200828292241759,66.866,EU-15,True,0.256,0.2717,66.925,1.0,66.925,0.0
PT,2024,11322162.0,16.24227260190245,-0.1197148980261211,0.2717,4.0,,0.2717,0.41,22370.0,0.0107866214390792,64.524,EU-15,True,0.1508,0.2321,66.925,0.0,0.0,0.0
PT,2025,11396005.0,16.24877341335028,0.0065008114478288,0.2321,3.0,,0.2321,0.41,22560.0,0.00845765112782,,EU-15,True,0.2717,,66.925,0.0,0.0,0.0
RO,2007,69611799.0,18.058444636798832,,,,,,,7870.0,0.0848190262586374,31.46,2007,True,,,31.65,0.0,0.0,1.0
RO,2008,63816826.0,17.971527443951793,-0.0869171928470393,,,,,,8740.0,0.1048521272381322,27.65,2007,True,,,31.65,0.0,0.0,1.0
RO,2009,49061704.0,17.708589329171467,-0.2629381147803258,,,,,,8330.0,-0.0480467334886913,19.89,2007,True,,,31.65,0.0,0.0,1.0
RO,2010,47344119.0,17.67295316713705,-0.0356361620344181,,,,,,8050.0,-0.0341913647482794,21.386,2007,True,,,31.65,0.0,0.0,1.0
RO,2011,51238935.0,17.752010250233482,0.0790570830964334,,,,,,8460.0,0.0496770821876602,21.14,2007,True,,,31.65,0.0,0.0,1.0
RO,2012,47857377.0,17.683735833259373,-0.0682744169741091,,,,,,8660.0,0.0233655489562103,22.463,2007,True,,,31.65,0.0,0.0,1.0
RO,2013,42414701.0,17.563005581806223,-0.1207302514531498,,,,,,8710.0,0.0057570682900678,18.317,2007,True,,,31.65,0.0,0.0,1.0
RO,2014,42575226.0,17.566783092778444,0.0037775109722204,,,,,,9100.0,0.0438026226583936,16.663,2007,True,,0.0713,31.65,0.0,0.0,1.0
RO,2015,42396344.0,17.56257269006938,-0.004210402709063,0.0713,1.0,,0.0713,,9430.0,0.0356216831225619,16.687,2007,True,,0.0293,31.65,0.0,0.0,1.0
RO,2016,39778381.0,17.49883413171824,-0.0637385583511402,0.0293,1.0,,0.0293,,9760.0,0.0343963037796353,21.901,2007,False,0.0713,0.0747,31.65,0.0,0.0,1.0
RO,2017,40617496.0,17.519709467706317,0.0208753359880766,0.0747,1.0,,0.0747,,10620.0,0.0844466153887903,23.295,2007,False,0.0293,0.0455,31.65,0.0,0.0,1.0
RO,2018,39638158.0,17.495302798132457,-0.0244066695738602,0.0455,1.0,,0.0455,,11260.0,0.0585176068977517,24.291,2007,False,0.0747,0.0699,31.65,0.0,0.0,1.0
RO,2019,36545538.0,17.414069657364408,-0.0812331407680488,0.0699,1.0,,0.0699,,11760.0,0.0434473197589362,30.282,2007,False,0.0455,0.0351,31.65,0.0,0.0,1.0
RO,2020,32665999.0,17.30184530898235,-0.1122243483820568,0.0351,2.0,,0.0351,,11390.0,-0.0319681650113885,28.191,2007,True,0.0699,0.0472999999999999,31.65,0.0,0.0,1.0
RO,2021,32302679.0,17.290660725929925,-0.0111845830524259,0.0472999999999999,3.0,0.3013,0.1743,,12130.0,0.0629459454968675,31.65,2007,True,0.0351,0.1311,31.65,0.0,0.0,1.0
RO,2022,28160835.0,17.15344274080314,-0.1372179851267851,0.1311,4.0,0.424,0.2775499999999999,,12690.0,0.0451325587703372,32.423,2007,True,0.0472999999999999,0.0527,31.65,1.0,31.65,1.0
RO,2023,23830020.0,16.986456688352792,-0.1669860524503477,0.0527,3.0,0.1691,0.1109,0.35,12970.0,0.0218247166020564,27.863,2007,True,0.1311,0.1467,31.65,1.0,31.65,1.0
RO,2024,22903082.0,16.946782044621536,-0.0396746437312565,0.1467,4.0,0.5153,0.3309999999999999,0.32,13090.0,0.0092095815934563,30.356,2007,True,0.0527,0.1283,31.65,0.0,0.0,1.0
RO,2025,21101835.0,16.864870561489543,-0.0819114831319929,0.1283,3.0,0.2462,0.18725,0.48,13190.0,0.0076103868074142,,2007,True,0.1467,,31.65,0.0,0.0,1.0
SE,2005,19381682.0,16.779838951166493,,,,,,,41330.0,0.0237494330382315,38.075,EU-15,True,,,21.224,0.0,0.0,0.0
SE,2006,20002497.0,16.81136767372515,0.031528722558658,,,,,,42990.0,0.0393789019845502,38.227,EU-15,True,,,21.224,0.0,0.0,0.0
SE,2007,19040731.0,16.76209097944765,-0.049276694277502,,,,,,44080.0,0.0250386343364681,36.797,EU-15,True,,,21.224,0.0,0.0,0.0
SE,2008,20080518.0,16.81526064926782,0.0531696698201713,,,,,,43330.0,-0.0171609290928405,38.416,EU-15,True,,,21.224,0.0,0.0,0.0
SE,2009,17491867.0,16.677246588010167,-0.1380140612576532,,,,,,41130.0,-0.0521074535094854,38.186,EU-15,True,,,21.224,0.0,0.0,0.0
SE,2010,22661193.0,16.936164460015885,0.2589178720057177,,,,,,43130.0,0.0474810284174189,37.99,EU-15,True,,,21.224,0.0,0.0,0.0
SE,2011,19853885.0,16.80391026383136,-0.132254196184526,,,,,,44150.0,0.023374116390217,36.483,EU-15,True,,,21.224,0.0,0.0,0.0
SE,2012,18172023.0,16.7153937715441,-0.0885164922872583,,,,,,43650.0,-0.0113896447643586,30.169,EU-15,True,,,21.224,0.0,0.0,0.0
SE,2013,20143270.0,16.81838079553098,0.1029870239868806,,,,,,43770.0,0.0027453689171927,32.8,EU-15,True,,,21.224,0.0,0.0,0.0
SE,2014,19326501.0,16.776987820831582,-0.0413929746993986,,,,,,44330.0,0.0127129975541588,32.345,EU-15,True,,0.2332,21.224,0.0,0.0,0.0
SE,2015,19236229.0,16.772305986070734,-0.0046818347608486,0.2332,1.0,,0.2332,,45790.0,0.0324040779120426,30.071,EU-15,True,,0.2813,21.224,0.0,0.0,0.0
SE,2016,19884726.0,16.805462457298418,0.0331564712276843,0.2813,1.0,,0.2813,,46220.0,0.0093468781772294,33.311,EU-15,False,0.2332,0.2755,21.224,0.0,0.0,0.0
SE,2017,19761991.0,16.79927100431745,-0.0061914529809676,0.2755,1.0,,0.2755,,46420.0,0.0043177960000573,26.668,EU-15,False,0.2813,0.3114,21.224,0.0,0.0,0.0
SE,2018,19999943.0,16.811239981514206,0.011968977196755,0.3114,1.0,,0.3114,,46700.0,0.0060137638285606,29.072,EU-15,False,0.2755,0.4445,21.224,0.0,0.0,0.0
SE,2019,18895094.0,16.754412869614427,-0.0568271118997785,0.4445,1.0,,0.4445,,47410.0,0.0150890122391746,30.056,EU-15,False,0.3114,0.3218999999999999,21.224,0.0,0.0,0.0
SE,2020,16705579.0,16.631253293453693,-0.1231595761607344,0.3218999999999999,2.0,,0.3218999999999999,,46180.0,-0.0262863729876769,31.982,EU-15,True,0.4445,0.4876,21.224,0.0,0.0,0.0
SE,2021,18476247.0,16.731996519137795,0.1007432256841021,0.4876,3.0,0.7434999999999999,0.6155499999999999,,48300.0,0.044884756732177,21.224,EU-15,True,0.3218999999999999,0.5971,21.224,0.0,0.0,0.0
SE,2022,17658168.0,16.686709010499662,-0.0452875086381325,0.5971,4.0,0.981,0.78905,,48390.0,0.0018616201467001,26.961,EU-15,True,0.4876,0.3757,21.224,1.0,21.224,0.0
SE,2023,17234053.0,16.662397810093356,-0.0243112004063057,0.3757,3.0,0.7102,0.54295,0.58,47960.0,-0.0089258506459142,26.388,EU-15,True,0.5971,0.595,21.224,1.0,21.224,0.0
SE,2024,16906770.0,16.64322469139384,-0.0191731186995163,0.595,4.0,0.9311,0.76305,0.58,48770.0,0.016748039562648,26.504,EU-15,True,0.3757,0.5709,21.224,0.0,0.0,0.0
SE,2025,16181173.0,16.59935896387661,-0.0438657275172289,0.5709,3.0,0.8117,0.6913,0.66,49250.0,0.0097939978961374,,EU-15,True,0.595,,21.224,0.0,0.0,0.0
SI,2005,8720550.0,15.981192867290616,,,,,,,18610.0,0.0361089557198717,50.826,2004,True,,,48.6,0.0,0.0,1.0
SI,2006,8842182.0,15.995044236734865,0.0138513694442483,,,,,,19640.0,0.0538692322721612,50.897,2004,True,,,48.6,0.0,0.0,1.0
SI,2007,9048634.0,16.01812436505712,0.0230801283222561,,,,,,20930.0,0.0636152335315891,50.821,2004,True,,,48.6,0.0,0.0,1.0
SI,2008,8860105.0,15.997069173526842,-0.0210551915302765,,,,,,21600.0,0.0315097782322109,53.587,2004,True,,,48.6,0.0,0.0,1.0
SI,2009,8067023.0,15.9032950750369,-0.0937740984899413,,,,,,19770.0,-0.088527677507594,48.836,2004,True,,,48.6,0.0,0.0,1.0
SI,2010,8129863.0,15.9110546302135,0.007759555176598,,,,,,19920.0,0.0075586149739255,49.28,2004,True,,,48.6,0.0,0.0,1.0
SI,2011,7994552.0,15.894270867658282,-0.0167837625552174,,,,,,20010.0,0.0045078964391898,48.353,2004,True,,,48.6,0.0,0.0,1.0
SI,2012,7610592.0,15.845051519190648,-0.0492193484676342,,,,,,19390.0,-0.0314746793410805,51.844,2004,True,,,48.6,0.0,0.0,1.0
SI,2013,7389985.0,15.815636263152363,-0.0294152560382823,,,,,,19210.0,-0.009326492474095,47.475,2004,True,,,48.6,0.0,0.0,1.0
SI,2014,6115287.0,15.626302259771474,-0.1893340033808908,,,,,,19720.0,0.0262023723940227,45.19,2004,True,,,48.6,0.0,0.0,1.0
SI,2015,6109590.0,15.625370225786607,-0.000932033984867,,,,,,20170.0,0.0225630027916317,49.257,2004,True,,,48.6,0.0,0.0,1.0
SI,2016,6478662.0,15.68402456552674,0.0586543397401317,,,,,,20770.0,0.0293132859219014,48.946,2004,False,,,48.6,0.0,0.0,1.0
SI,2017,6570026.0,15.698028347835002,0.0140037823082632,,,,,,21830.0,0.0497755326738307,50.662,2004,False,,0.1893,48.6,0.0,0.0,1.0
SI,2018,6491912.0,15.686067652379954,-0.0119606954550484,0.1893,1.0,,0.1893,,22720.0,0.0399604232910988,51.091,2004,False,,,48.6,0.0,0.0,1.0
SI,2019,6253595.0,15.648667056348472,-0.0374005960314818,,,,,,23330.0,0.0264944921803866,51.971,2004,False,0.1893,0.1937,48.6,0.0,0.0,1.0
SI,2020,6095593.0,15.623076609027867,-0.0255904473206047,0.1937,2.0,,0.1937,,22230.0,-0.0482973580572334,45.671,2004,True,,0.1818,48.6,0.0,0.0,1.0
SI,2021,5680711.0,15.552586958919804,-0.0704896501080636,0.1818,3.0,,0.1818,,24040.0,0.0782763816909017,48.6,2004,True,0.1937,0.3258,48.6,0.0,0.0,1.0
SI,2022,4861180.0,15.396791764759836,-0.1557951941599675,0.3258,4.0,0.6894,0.5076,,24650.0,0.0250577908216929,53.91,2004,True,0.1818,0.2079999999999999,48.6,1.0,48.6,1.0
SI,2023,4582144.0,15.337677568826065,-0.0591141959337733,0.2079999999999999,3.0,0.8469,0.52745,0.54,25170.0,0.0208759086585246,49.26,2004,True,0.3258,0.2769999999999999,48.6,1.0,48.6,1.0
SI,2024,5007459.0,15.426439158770169,0.0887615899441058,0.2769999999999999,4.0,0.6459,0.46145,0.52,25600.0,0.0169395423382923,46.382,2004,True,0.2079999999999999,0.2911999999999999,48.6,0.0,0.0,1.0
SI,2025,3671417.0,15.116088249054195,-0.3103509097159733,0.2911999999999999,3.0,0.8187000000000001,0.55495,0.56,25940.0,0.013193827402782,,2004,True,0.2769999999999999,,48.6,0.0,0.0,1.0
SK,2005,25231769.0,17.04361443310183,,,,,,,11070.0,0.0614718640936686,65.99,2004,True,,,52.584,0.0,0.0,1.0
SK,2006,25543243.0,17.05588337779826,0.0122689446964301,,,,,,12050.0,0.0848259132161182,64.344,2004,True,,,52.584,0.0,0.0,1.0
SK,2007,24516834.0,17.014870541609238,-0.0410128361890222,,,,,,13340.0,0.1017023805508134,69.736,2004,True,,,52.584,0.0,0.0,1.0
SK,2008,25336706.0,17.04776473230022,0.0328941906909818,,,,,,14030.0,0.0504308536268922,65.842,2004,True,,,52.584,0.0,0.0,1.0
SK,2009,21595209.0,16.887982042496347,-0.1597826898038725,,,,,,13230.0,-0.0587109159875058,67.692,2004,True,,,52.584,0.0,0.0,1.0
SK,2010,21698625.0,16.8927594524478,0.0047774099514548,,,,,,14100.0,0.0636878192572591,61.942,2004,True,,,52.584,0.0,0.0,1.0
SK,2011,22222534.0,16.91661737707767,0.0238579246298691,,,,,,14540.0,0.0307286747212494,63.462,2004,True,,,52.584,0.0,0.0,1.0
SK,2012,20937594.0,16.85705685709172,-0.0595605199859505,,,,,,14750.0,0.0143396106804569,58.952,2004,True,,,52.584,0.0,0.0,1.0
SK,2013,21831827.0,16.898879417190876,0.0418225600991561,,,,,,14830.0,0.0054090733640119,58.4,2004,True,,,52.584,0.0,0.0,1.0
SK,2014,20918069.0,16.85612388888542,-0.0427555283054559,,,,,,15220.0,0.0259581962836978,60.698,2004,True,,0.1207,52.584,0.0,0.0,1.0
SK,2015,21181216.0,16.86862530914294,0.0125014202575179,0.1207,1.0,,0.1207,,16000.0,0.0499783698062419,58.013,2004,True,,0.0702,52.584,0.0,0.0,1.0
SK,2016,21264045.0,16.872528176185746,0.0039028670428074,0.0702,1.0,,0.0702,,16280.0,0.0173486383346137,58.206,2004,False,0.1207,0.0988999999999999,52.584,0.0,0.0,1.0
SK,2017,22063225.0,16.909422753307673,0.0368945771219273,0.0988999999999999,1.0,,0.0988999999999999,,16730.0,0.0272661544243373,62.541,2004,False,0.0702,0.0686,52.584,0.0,0.0,1.0
SK,2018,22193396.0,16.915305325109827,0.0058825718021537,0.0686,1.0,,0.0686,,17380.0,0.0381166048385139,61.905,2004,False,0.0988999999999999,0.1202999999999999,52.584,0.0,0.0,1.0
SK,2019,19903840.0,16.806423235903523,-0.108882089206304,0.1202999999999999,1.0,,0.1202999999999999,,17760.0,0.0216286177267779,69.785,2004,False,0.0686,0.0755,52.584,0.0,0.0,1.0
SK,2020,18169997.0,16.71528227526502,-0.0911409606385014,0.0755,2.0,,0.0755,,17270.0,-0.0279778454054362,56.329,2004,True,0.1202999999999999,0.1128,52.584,0.0,0.0,1.0
SK,2021,20898870.0,16.855205648487722,0.1399233732227003,0.1128,3.0,0.146,0.1294,,18320.0,0.0590224670873968,52.584,2004,True,0.0755,0.2181,52.584,0.0,0.0,1.0
SK,2022,17418249.0,16.673029007688964,-0.1821766407987581,0.2181,4.0,0.4429,0.3305,,18360.0,0.0021810259463599,69.595,2004,True,0.1128,0.1152,52.584,1.0,52.584,1.0
SK,2023,16994172.0,16.648381019713657,-0.0246479879753067,0.1152,3.0,0.1244,0.1198,0.35,18750.0,0.0210193672240741,58.41,2004,True,0.2181,0.2256,52.584,1.0,52.584,1.0
SK,2024,15308277.0,16.543904220477682,-0.1044767992359751,0.2256,4.0,0.382,0.3038,0.41,19110.0,0.0190180058357629,53.501,2004,True,0.1152,0.2267,52.584,0.0,0.0,1.0
SK,2025,14613054.0,16.497425796789727,-0.0464784236879545,0.2267,3.0,0.2332999999999999,0.2299999999999999,0.49,19270.0,0.0083377241740922,,2004,True,0.2256,,52.584,0.0,0.0,1.0
UK,2005,237216298.0,19.284482932676838,,,,,,,,,13.363,EU-15,True,,,,0.0,,0.0
UK,2006,245414741.0,19.31846015771165,0.0339772250348175,,,,,,,,21.132,EU-15,True,,,,0.0,,0.0
UK,2007,251884577.0,19.34448151277116,0.0260213550595054,,,,,,,,20.378,EU-15,True,,,,0.0,,0.0
UK,2008,260224618.0,19.377055731404308,0.032574218633151,,,,,,,,26.236,EU-15,True,,,,0.0,,0.0
UK,2009,228241593.0,19.24591524434043,-0.1311404870638775,,,,,,,,27.274,EU-15,True,,,,0.0,,0.0
UK,2010,233358921.0,19.268088259755764,0.0221730154153334,,,,,,,,29.008,EU-15,True,,,,0.0,,0.0
UK,2011,217117679.0,19.19595006405265,-0.0721381957031148,,,,,,,,36.942,EU-15,True,,,,0.0,,0.0
UK,2012,227256696.0,19.2415907559343,0.0456406918816512,,,,,,,,43.387,EU-15,True,,,,0.0,,0.0
UK,2013,221146011.0,19.214333724584844,-0.0272570313494568,,,,,,,,47.758,EU-15,True,,,,0.0,,0.0
UK,2014,194141422.0,19.084097430832635,-0.1302362937522083,,,,,,,,46.773,EU-15,True,,0.1745,,0.0,,0.0
UK,2015,172184309.0,18.96407602501637,-0.12002140581626,0.1745,1.0,,0.1745,,,,37.638,EU-15,True,,0.1673,,0.0,,0.0
UK,2016,143328206.0,18.780647705250917,-0.1834283197654613,0.1673,1.0,,0.1673,,,,35.639,EU-15,False,0.1745,0.1301999999999999,,0.0,,0.0
UK,2017,133625070.0,18.71054845116341,-0.0700992540874985,0.1301999999999999,1.0,,0.1301999999999999,,,,35.575,EU-15,False,0.1673,0.1411,,0.0,,0.0
UK,2018,125998614.0,18.65178146485525,-0.0587669863081643,0.1411,1.0,,0.1411,,,,35.513,EU-15,False,0.1301999999999999,0.2493,,0.0,,0.0
UK,2019,115856805.0,18.567865546867225,-0.0839159179880262,0.2493,1.0,,0.2493,,,,34.829,EU-15,False,0.1411,0.1285,,0.0,,0.0
UK,2020,102575278.0,18.44610750650089,-0.121758040366334,0.1285,2.0,,0.1285,,,,,EU-15,True,0.2493,,,0.0,,0.0
XI,2005,5297128.0,15.482675344856188,,,,,,,,,,,True,,,,0.0,,0.0
XI,2006,5745420.0,15.563913573642411,0.0812382287862227,,,,,,,,,,True,,,,0.0,,0.0
XI,2007,4698519.0,15.36275791064086,-0.2011556630015505,,,,,,,,,,True,,,,0.0,,0.0
XI,2008,4831028.0,15.390569839421218,0.0278119287803573,,,,,,,,,,True,,,,0.0,,0.0
XI,2009,3704434.0,15.125041038510616,-0.2655288009106034,,,,,,,,,,True,,,,0.0,,0.0
XI,2010,3984920.0,15.198027794722632,0.0729867562120176,,,,,,,,,,True,,,,0.0,,0.0
XI,2011,3761225.0,15.140255260177817,-0.0577725345448172,,,,,,,,,,True,,,,0.0,,0.0
XI,2012,3873954.0,15.169786248846574,0.0295309886687586,,,,,,,,,,True,,,,0.0,,0.0
XI,2013,4072459.0,15.21975755188157,0.0499713030349955,,,,,,,,,,True,,,,0.0,,0.0
XI,2014,3812460.0,15.153785208039483,-0.065972343842084,,,,,,,,,,True,,,,0.0,,0.0
XI,2015,3827742.0,15.157785631164504,0.004000423125019,,,,,,,,,,True,,,,0.0,,0.0
XI,2016,3983703.0,15.197722346715,0.0399367155504961,,,,,,,,,,False,,,,0.0,,0.0
XI,2017,3423431.0,15.046153822527817,-0.1515685241871835,,,,,,,,,,False,,,,0.0,,0.0
XI,2018,2975664.0,14.905977765335264,-0.1401760571925532,,,,,,,,,,False,,,,0.0,,0.0
XI,2019,2747825.0,14.826320247618238,-0.0796575177170257,,,,,,,,,,False,,,,0.0,,0.0
XI,2020,2812224.0,14.84948618734609,0.0231659397278516,,,,,,,,,,True,,,,0.0,,0.0
XI,2021,3112486.0,14.950932321753015,0.1014461344069275,,,,,,,,,,True,,,,0.0,,0.0
XI,2022,2998092.0,14.91348664429859,-0.0374456774544267,,,,,,,,,,True,,,,1.0,,0.0
XI,2023,2199921.0,14.603932008592889,-0.3095546357057017,,,,,,,,,,True,,,,1.0,,0.0
XI,2024,2052694.0,14.534663634721507,-0.069268373871381,,,,,,,,,,True,,,,0.0,,0.0
XI,2025,1942672.0,14.479574902992548,-0.0550887317289596,,,,,,,,,,True,,,,0.0,,0.0
