instrument,sample,spec,n,G,F_cluster,p_F,partial_R2,fs_coef,fs_se,k,cr1_reliable
Z_NGAxFTTP,all,S1 Phase-D controls,284,28,19.53488095097965,0.00014465455525114468,0.19810410856096727,0.3991156825519873,0.09030117647928437,15,True
Z_NGAxFTTP,all,S2 +GDPpc2013 x EU-FTTP shock,284,28,7.656312153002441,0.010087897708384364,0.07933965014591726,0.25099206143094727,0.09070895624340752,16,True
Z_NGAxFTTP,all,S3 +GDPpc2013 x year FE,284,28,4.851339323951167,0.03634501423520198,0.049481276128723994,0.2000380751315748,0.09082007178136078,26,True
Z_NGAxFTTP,all,S4 country FE + year FE,284,28,4.358193549701289,0.04639862318602883,0.05793464854549546,0.33361955413840655,0.15980789861961647,41,False
Z_NGAxFTTP,all,S5 country FE + year FE + GDPpc2013 x year FE,284,28,1.0507514460211882,0.31443078960211823,0.016644840128497318,0.18223163402291773,0.17777626237823146,52,False
Z_NGAxFTTP,EU15,S1 Phase-D controls,155,15,20.40892517854924,0.0004826427688142676,0.29217124875991485,0.5228481774405046,0.11573521738798079,14,True
Z_NGAxFTTP,EU15,S2 +GDPpc2013 x EU-FTTP shock,155,15,14.859144246035484,0.0017510522045364185,0.16228667645105066,0.41075056225581663,0.10655682392373601,15,True
Z_NGAxFTTP,EU15,S3 +GDPpc2013 x year FE,155,15,12.062829796274967,0.0037289378004705664,0.12939949858834787,0.36752133341624055,0.10581761126180418,25,False
Z_NGAxFTTP,ACC2004+,S1 Phase-D controls,129,13,0.3930122812130457,0.5424637499262778,0.021114474327212474,0.10088287569961786,0.1609216187279273,14,False
Z_NGAxFTTP,ACC2004+,S2 +GDPpc2013 x EU-FTTP shock,129,13,0.29362994016313154,0.5978217795352776,0.010831454333023127,-0.06527709254449278,0.12046493047147355,15,False
Z_NGAxFTTP,ACC2004+,S3 +GDPpc2013 x year FE,129,13,0.655995164810864,0.4337452272885045,0.027723868413599972,-0.10520431905967252,0.12989225323853762,25,False
Z_NGAxG100,all,S1 Phase-D controls,284,28,17.826627603720542,0.0002453143306491157,0.19778864630945803,0.29165310785018833,0.06907676850009001,15,True
Z_NGAxG100,all,S2 +GDPpc2013 x EU-FTTP shock,284,28,7.4426720570242475,0.011062266769934714,0.085557975270112,0.18786588959112857,0.06886261199301372,16,True
Z_NGAxG100,all,S3 +GDPpc2013 x year FE,284,28,4.434053745978216,0.0446678753087717,0.05003181451804939,0.1478363507792211,0.07020705522631664,26,True
Z_NGAxG100,all,S4 country FE + year FE,284,28,4.4390043959348064,0.04455745755784213,0.051233520793417586,0.37134672980287503,0.17625312107488192,41,False
Z_NGAxG100,all,S5 country FE + year FE + GDPpc2013 x year FE,284,28,0.798929826150724,0.3793120653273583,0.011723901758640243,0.18145085362787758,0.20300404809793274,52,False
Z_NGAxG100,EU15,S1 Phase-D controls,155,15,19.694180432322586,0.0005624052576390648,0.30497994584169874,0.3913352453383894,0.08818201285173644,14,True
Z_NGAxG100,EU15,S2 +GDPpc2013 x EU-FTTP shock,155,15,15.395042954545312,0.0015289289972882925,0.1809588789836034,0.3121754461891919,0.07956247574991948,15,True
Z_NGAxG100,EU15,S3 +GDPpc2013 x year FE,155,15,11.69492027680049,0.004146470480423492,0.1373431664371796,0.2773956994181328,0.08111498476203172,25,False
Z_NGAxG100,ACC2004+,S1 Phase-D controls,129,13,0.26650085006901764,0.6150685897667656,0.014056953168291919,0.05978122406716588,0.11580185171708417,14,False
Z_NGAxG100,ACC2004+,S2 +GDPpc2013 x EU-FTTP shock,129,13,0.473109110518186,0.5046389037278145,0.01652974351587233,-0.058200047207907835,0.08461408867947612,15,False
Z_NGAxG100,ACC2004+,S3 +GDPpc2013 x year FE,129,13,0.8465126572561759,0.3756659745831581,0.034922929291559934,-0.08595043461853522,0.09341816860451786,25,False
Z_VDSLxFTTP,all,S1 Phase-D controls,258,25,3.4113592324620807,0.07711513126329628,0.08458422094105456,0.22321518226449344,0.12085371438880364,15,True
Z_VDSLxFTTP,all,S2 +GDPpc2013 x EU-FTTP shock,258,25,0.04382334958993093,0.8359493795464424,0.0010144394323471362,0.029965134995385407,0.14314080454693937,16,True
Z_VDSLxFTTP,all,S3 +GDPpc2013 x year FE,258,25,0.001257759436721159,0.9720023592942628,3.708842919047939e-05,0.00522402262384339,0.14730119050227938,26,False
Z_VDSLxFTTP,all,S4 country FE + year FE,258,25,3.71343665310502,0.0658952764215941,0.06258067967757275,0.32052328986703704,0.1663303808113129,38,False
Z_VDSLxFTTP,all,S5 country FE + year FE + GDPpc2013 x year FE,258,25,0.8497908186963872,0.36578618355586334,0.020754839232582922,0.19207751698951533,0.20836295867262467,49,False
Z_VDSLxFTTP,EU15,S1 Phase-D controls,144,14,0.9002567812018248,0.36001873854305944,0.03886595134872517,0.17551972722029976,0.18498764967847348,14,True
Z_VDSLxFTTP,EU15,S2 +GDPpc2013 x EU-FTTP shock,144,14,0.08200661091492487,0.7791091090790135,0.003740164698823212,-0.07081847365769416,0.24729886898399156,15,False
Z_VDSLxFTTP,EU15,S3 +GDPpc2013 x year FE,144,14,0.06701066265778968,0.7997936262216427,0.004112055569424067,-0.06320407708813536,0.24415922501731283,25,False
Z_VDSLxFTTP,ACC2004+,S1 Phase-D controls,114,11,8.27096018857083,0.016500266229661276,0.28694548652971885,0.27907738556059175,0.0970390822646152,14,False
Z_VDSLxFTTP,ACC2004+,S2 +GDPpc2013 x EU-FTTP shock,114,11,2.0559262674505416,0.18213462417620374,0.049615621430302514,0.12772768023653636,0.08908021509565614,15,False
Z_VDSLxFTTP,ACC2004+,S3 +GDPpc2013 x year FE,114,11,2.193391733754951,0.16940984761680822,0.04626226229462116,0.12606457229226728,0.08512065434315828,25,False
Z_VDSLxG100,all,S1 Phase-D controls,258,25,3.0620430456751047,0.09291806766705923,0.08182092477989444,0.1610900584883089,0.09205833024171824,15,True
Z_VDSLxG100,all,S2 +GDPpc2013 x EU-FTTP shock,258,25,0.026043187845728972,0.8731457245324694,0.0006364258709307125,0.017400814810247685,0.10782575637100068,16,True
Z_VDSLxG100,all,S3 +GDPpc2013 x year FE,258,25,0.0039329351246695675,0.9505143342973343,0.00012396789345381354,-0.00714398791999893,0.11391536871946045,26,False
Z_VDSLxG100,all,S4 country FE + year FE,258,25,4.100969286421627,0.05411966580210259,0.05894374672401814,0.3784010361291538,0.18685686515980862,38,False
Z_VDSLxG100,all,S5 country FE + year FE + GDPpc2013 x year FE,258,25,0.8370538739059133,0.3693419528416886,0.017738544759702934,0.21574604998041072,0.23581213361746456,49,False
Z_VDSLxG100,EU15,S1 Phase-D controls,144,14,0.8255039407594685,0.3801114510063279,0.03926246620470464,0.12999299028088543,0.14307388126011095,14,True
Z_VDSLxG100,EU15,S2 +GDPpc2013 x EU-FTTP shock,144,14,0.08342258266303394,0.7772659935551066,0.004009388604982567,-0.05447752124436394,0.18861469394998248,15,False
Z_VDSLxG100,EU15,S3 +GDPpc2013 x year FE,144,14,0.09719312434532801,0.7601679326806079,0.006287574807484875,-0.05910654056335148,0.1895910229371606,25,False
Z_VDSLxG100,ACC2004+,S1 Phase-D controls,114,11,7.540181000402473,0.020621474318076816,0.26415728019702034,0.19348804411637424,0.07046334387070759,14,False
Z_VDSLxG100,ACC2004+,S2 +GDPpc2013 x EU-FTTP shock,114,11,1.3676560354709504,0.2693343381680471,0.03368970337360844,0.07634856914099582,0.06528485729238419,15,False
Z_VDSLxG100,ACC2004+,S3 +GDPpc2013 x year FE,114,11,1.8161147464984646,0.2075136942089657,0.03794987995995147,0.08240292657983897,0.06114641418394422,25,False
Z_DOCSISxFTTP,all,S1 Phase-D controls,265,26,4.886193358557559,0.03644853782231139,0.059181361375494124,0.2020471256180292,0.09140445255389903,15,True
Z_DOCSISxFTTP,all,S2 +GDPpc2013 x EU-FTTP shock,265,26,1.5068682895225731,0.23105122602074746,0.01984134098788859,0.11045631480521431,0.08998143248367747,16,True
Z_DOCSISxFTTP,all,S3 +GDPpc2013 x year FE,265,26,1.382267432935846,0.2507907229785259,0.019130830324675885,0.106102225134961,0.09024610229168105,26,True
Z_DOCSISxFTTP,all,S4 country FE + year FE,265,26,12.187769498712521,0.0018053393982184751,0.07583574980084218,0.3828806247729908,0.10967339157106468,39,False
Z_DOCSISxFTTP,all,S5 country FE + year FE + GDPpc2013 x year FE,265,26,3.0062633750879217,0.09526075432476944,0.03626798994804903,0.26788257316599196,0.1545008769980597,50,False
Z_DOCSISxFTTP,EU15,S1 Phase-D controls,136,13,0.780493627944358,0.3943452964901265,0.02502876265491827,0.17094346451380335,0.19349414169294332,14,False
Z_DOCSISxFTTP,EU15,S2 +GDPpc2013 x EU-FTTP shock,136,13,0.28801845409282917,0.601301489920794,0.010230314578604571,0.10500440879322402,0.19565789487555538,15,False
Z_DOCSISxFTTP,EU15,S3 +GDPpc2013 x year FE,136,13,0.36345339500588775,0.5578165613364907,0.013379909585386707,0.1164524151733605,0.19316308597466597,25,False
Z_DOCSISxFTTP,ACC2004+,S1 Phase-D controls,129,13,3.9872421278541483,0.0690404856094935,0.11409580485524351,0.18449205748794215,0.09239348945888796,14,False
Z_DOCSISxFTTP,ACC2004+,S2 +GDPpc2013 x EU-FTTP shock,129,13,1.9677594058709291,0.186025245531946,0.04569420881407893,0.10138840549156779,0.07227736223359013,15,False
Z_DOCSISxFTTP,ACC2004+,S3 +GDPpc2013 x year FE,129,13,1.0948674893594452,0.3160147959835573,0.03577347065021641,0.08970872993571832,0.08573416610818166,25,False
Z_DOCSISxG100,all,S1 Phase-D controls,265,26,4.280266736594355,0.04904608234352159,0.053292004636053214,0.14140685420654853,0.06834945308969144,15,True
Z_DOCSISxG100,all,S2 +GDPpc2013 x EU-FTTP shock,265,26,1.380437408565362,0.2510963778734746,0.018442548892116162,0.07806212767149674,0.06644036725947682,16,True
Z_DOCSISxG100,all,S3 +GDPpc2013 x year FE,265,26,1.154882856850208,0.2927923778686887,0.016333605449002198,0.07214605849165172,0.06713417281783111,26,True
Z_DOCSISxG100,all,S4 country FE + year FE,265,26,9.400858773962797,0.00514884791742265,0.055766113374428716,0.38824935039880204,0.1266271911745682,39,False
Z_DOCSISxG100,all,S5 country FE + year FE + GDPpc2013 x year FE,265,26,1.7135286294323009,0.20243333747368952,0.020419108053662205,0.23635648591389968,0.18056012299120838,50,False
Z_DOCSISxG100,EU15,S1 Phase-D controls,136,13,0.6636241235581513,0.43115383596768997,0.022554916949131143,0.12074904386520047,0.14822539561173037,14,False
Z_DOCSISxG100,EU15,S2 +GDPpc2013 x EU-FTTP shock,136,13,0.25092273328516623,0.6254875845149287,0.009547181719039233,0.0752574898259693,0.1502379758551101,15,False
Z_DOCSISxG100,EU15,S3 +GDPpc2013 x year FE,136,13,0.2844230474165884,0.6035543375512864,0.011174031175998578,0.07919487448125484,0.1484959749825133,25,False
Z_DOCSISxG100,ACC2004+,S1 Phase-D controls,129,13,4.241676749987393,0.061821852836307034,0.10792475744225527,0.130179975542724,0.06320848792747981,14,False
Z_DOCSISxG100,ACC2004+,S2 +GDPpc2013 x EU-FTTP shock,129,13,1.7347314431992626,0.212404578089749,0.03914665327859368,0.06823257776844217,0.05180547423363078,15,False
Z_DOCSISxG100,ACC2004+,S3 +GDPpc2013 x year FE,129,13,1.0078872719807943,0.33522458842520964,0.03379805380863299,0.0639288468276115,0.06367821634885822,25,False
Z_DOCSISzxFTTP,all,S1 Phase-D controls,284,28,18.713645476215447,0.0001859658198831715,0.15349634346133656,0.29523151974423767,0.06824699337933657,15,True
Z_DOCSISzxFTTP,all,S2 +GDPpc2013 x EU-FTTP shock,284,28,8.033101503313006,0.008589992067762564,0.07021756819452674,0.18783930389811918,0.06627425322961167,16,True
Z_DOCSISzxFTTP,all,S3 +GDPpc2013 x year FE,284,28,5.4620154393571205,0.027099258808298554,0.052601016120804034,0.1591398897469473,0.06809301923080191,26,True
Z_DOCSISzxFTTP,all,S4 country FE + year FE,284,28,6.573326334965039,0.016235195456543616,0.06665718484534289,0.3111005513265953,0.12134117162219096,41,False
Z_DOCSISzxFTTP,all,S5 country FE + year FE + GDPpc2013 x year FE,284,28,2.0586294472777076,0.16282900405329837,0.028439622625749172,0.20144463308374805,0.14039983938215547,52,False
Z_DOCSISzxFTTP,EU15,S1 Phase-D controls,155,15,11.890441847025649,0.003918240103169213,0.1621898968379596,0.34180871981408123,0.09912521472790932,14,True
Z_DOCSISzxFTTP,EU15,S2 +GDPpc2013 x EU-FTTP shock,155,15,5.62914229370398,0.03253107900204566,0.07745091010419758,0.22989449846765642,0.09689636050952316,15,True
Z_DOCSISzxFTTP,EU15,S3 +GDPpc2013 x year FE,155,15,4.223880978169109,0.059011910046438354,0.06428473781755428,0.2037063312187583,0.09911712380505994,25,False
Z_DOCSISzxFTTP,ACC2004+,S1 Phase-D controls,129,13,3.9872421278541483,0.0690404856094935,0.11409580485524351,0.18449205748794215,0.09239348945888796,14,False
Z_DOCSISzxFTTP,ACC2004+,S2 +GDPpc2013 x EU-FTTP shock,129,13,1.9677594058709291,0.186025245531946,0.04569420881407893,0.10138840549156779,0.07227736223359013,15,False
Z_DOCSISzxFTTP,ACC2004+,S3 +GDPpc2013 x year FE,129,13,1.0948674893594452,0.3160147959835573,0.03577347065021641,0.08970872993571832,0.08573416610818166,25,False
Z_DOCSISzxG100,all,S1 Phase-D controls,284,28,17.137539916598072,0.0003054948649123812,0.15047926868561123,0.21466091739881596,0.05185357948758121,15,True
Z_DOCSISzxG100,all,S2 +GDPpc2013 x EU-FTTP shock,284,28,7.663913692302931,0.010055001410863906,0.07143330720074081,0.13829980925995286,0.04995699173194307,16,True
Z_DOCSISzxG100,all,S3 +GDPpc2013 x year FE,284,28,4.912667469106221,0.035274168033610054,0.05038894446664355,0.11467201539419282,0.0517367044340953,26,True
Z_DOCSISzxG100,all,S4 country FE + year FE,284,28,5.5496118652191715,0.02600114998082126,0.04943121826530128,0.32011602561922237,0.1358864369628243,41,False
Z_DOCSISzxG100,all,S5 country FE + year FE + GDPpc2013 x year FE,284,28,1.173249768520211,0.2883131301712645,0.01576802079039641,0.1788669773944216,0.16513340251443592,52,False
Z_DOCSISzxG100,EU15,S1 Phase-D controls,155,15,11.426968999794848,0.0044845517293123915,0.16327187952718802,0.2530277259777956,0.07485185847877775,14,True
Z_DOCSISzxG100,EU15,S2 +GDPpc2013 x EU-FTTP shock,155,15,5.780395463919155,0.030618906224819997,0.08231337408397976,0.17353328960645856,0.07217786370893121,15,True
Z_DOCSISzxG100,EU15,S3 +GDPpc2013 x year FE,155,15,4.047091642464511,0.06390447216003325,0.06332160186750202,0.1489985439943341,0.07406456990013115,25,False
Z_DOCSISzxG100,ACC2004+,S1 Phase-D controls,129,13,4.241676749987393,0.061821852836307034,0.10792475744225527,0.130179975542724,0.06320848792747981,14,False
Z_DOCSISzxG100,ACC2004+,S2 +GDPpc2013 x EU-FTTP shock,129,13,1.7347314431992626,0.212404578089749,0.03914665327859368,0.06823257776844217,0.05180547423363078,15,False
Z_DOCSISzxG100,ACC2004+,S3 +GDPpc2013 x year FE,129,13,1.0078872719807943,0.33522458842520964,0.03379805380863299,0.0639288468276115,0.06367821634885822,25,False
Z_DSLxFTTP,all,S1 Phase-D controls,284,28,0.5964876553638045,0.44662946950671056,0.00760065037457569,0.11814486727100283,0.15297276921970562,15,True
Z_DSLxFTTP,all,S2 +GDPpc2013 x EU-FTTP shock,284,28,0.785903011018813,0.3831702418427151,0.010923677445915159,-0.1329045332856337,0.1499185310996269,16,True
Z_DSLxFTTP,all,S3 +GDPpc2013 x year FE,284,28,0.6155061919599866,0.43955169242655956,0.00840083127308755,-0.11007934988075968,0.14031032896584034,26,True
Z_DSLxFTTP,all,S4 country FE + year FE,284,28,2.1717710646310353,0.1521285791106789,0.023548495394340896,0.3294469879319087,0.2235519795831608,41,False
Z_DSLxFTTP,all,S5 country FE + year FE + GDPpc2013 x year FE,284,28,0.0025255460267565215,0.9602892727455724,1.820385288364701e-05,-0.01000222118679183,0.19903012251966964,52,False
Z_DSLxFTTP,EU15,S1 Phase-D controls,155,15,0.214021748542539,0.650741826903091,0.006674869178712406,-0.22289356260432236,0.4818019704737161,14,True
Z_DSLxFTTP,EU15,S2 +GDPpc2013 x EU-FTTP shock,155,15,5.822177625357818,0.030114061627604216,0.055314909439493576,-0.5977204794920364,0.24771677121563426,15,True
Z_DSLxFTTP,EU15,S3 +GDPpc2013 x year FE,155,15,4.249942030146435,0.05832885098392093,0.04104789864719538,-0.4825589714567528,0.23407707992540328,25,False
Z_DSLxFTTP,ACC2004+,S1 Phase-D controls,129,13,1.271909048573574,0.28145376378193665,0.03767085604107101,0.13371710492076536,0.11856566370231231,14,False
Z_DSLxFTTP,ACC2004+,S2 +GDPpc2013 x EU-FTTP shock,129,13,0.04112092724620154,0.8427022639644138,0.0014068660999456695,-0.023311998499233582,0.11496034458949943,15,False
Z_DSLxFTTP,ACC2004+,S3 +GDPpc2013 x year FE,129,13,0.021080779855097997,0.8869693226543915,0.0007794358808768109,-0.016720874963209724,0.11516371412693979,25,False
Z_DSLxG100,all,S1 Phase-D controls,284,28,0.41395061592710125,0.5253985241303132,0.005609000227016825,0.07553370844413596,0.11739957940562162,15,True
Z_DSLxG100,all,S2 +GDPpc2013 x EU-FTTP shock,284,28,0.5770757805187502,0.45404290865236896,0.008250280910287788,-0.08447913102032004,0.11120722764838144,16,True
Z_DSLxG100,all,S3 +GDPpc2013 x year FE,284,28,0.5760381809023487,0.45444472777171496,0.008291656153025295,-0.08054391010448535,0.1061224026556789,26,True
Z_DSLxG100,all,S4 country FE + year FE,284,28,4.557955387388568,0.04199384578542509,0.04474085004157735,0.5807759254689698,0.27203423993976916,41,False
Z_DSLxG100,all,S5 country FE + year FE + GDPpc2013 x year FE,284,28,0.25993416253965235,0.6143078623749985,0.0022483653612248578,0.14569125453793905,0.2857602401719092,52,False
Z_DSLxG100,EU15,S1 Phase-D controls,155,15,0.2669249106602752,0.6134663124993787,0.007792127576767838,-0.175869975691536,0.3404059562485807,14,True
Z_DSLxG100,EU15,S2 +GDPpc2013 x EU-FTTP shock,155,15,3.573457341318154,0.0795911793205083,0.04305670903969672,-0.3790068736856562,0.20049464862523605,15,True
Z_DSLxG100,EU15,S3 +GDPpc2013 x year FE,155,15,3.48541027853702,0.08299353232589879,0.03996501729596702,-0.34687984268750854,0.18580273811597067,25,False
Z_DSLxG100,ACC2004+,S1 Phase-D controls,129,13,1.1996104980568671,0.29489551973199435,0.03495146662738213,0.09511841312246505,0.08684492959134381,14,False
Z_DSLxG100,ACC2004+,S2 +GDPpc2013 x EU-FTTP shock,129,13,0.04514329742591374,0.8353070986743527,0.0017240804441175372,-0.018995205874770636,0.08940202703066491,15,False
Z_DSLxG100,ACC2004+,S3 +GDPpc2013 x year FE,129,13,0.01209387049644249,0.9142492188709853,0.0004832784058452777,-0.009717859611876312,0.08836656307388481,25,False
Z_G100xFTTP,all,S1 Phase-D controls,284,28,10.17561277101433,0.0035889711123956447,0.14305659941218996,0.26973444458931584,0.084558276560584,15,True
Z_G100xFTTP,all,S2 +GDPpc2013 x EU-FTTP shock,284,28,2.166967528678114,0.1525654956203446,0.03352445872822041,0.13170320277132647,0.08946849553803002,16,True
Z_G100xFTTP,all,S3 +GDPpc2013 x year FE,284,28,1.24371720858862,0.2745840635283452,0.01908798412837298,0.09801669693742607,0.08788995485965626,26,True
Z_G100xFTTP,all,S4 country FE + year FE,284,28,8.479124395162216,0.0071227877686685925,0.07742653859174953,0.3208395267387444,0.11018243443098041,41,False
Z_G100xFTTP,all,S5 country FE + year FE + GDPpc2013 x year FE,284,28,2.821743120297876,0.10453182681416506,0.035802435280929856,0.216157239745842,0.12867999889174464,52,False
Z_G100xFTTP,EU15,S1 Phase-D controls,155,15,3.3272475385082725,0.08955438678823546,0.09892485106861992,0.2702514297920106,0.14815811506733825,14,True
Z_G100xFTTP,EU15,S2 +GDPpc2013 x EU-FTTP shock,155,15,0.7879248122158132,0.3897236764707094,0.02389631270921,0.13160365642045216,0.1482605364723411,15,True
Z_G100xFTTP,EU15,S3 +GDPpc2013 x year FE,155,15,0.46498730842158104,0.5064275935369158,0.014199173364561779,0.09923438627060296,0.14552635056605287,25,False
Z_G100xFTTP,ACC2004+,S1 Phase-D controls,129,13,11.300354129708762,0.005657423435339148,0.2683680553125736,0.24659721039162938,0.07335709634892724,14,False
Z_G100xFTTP,ACC2004+,S2 +GDPpc2013 x EU-FTTP shock,129,13,1.7143075296073877,0.21494338766993726,0.07361493178403378,0.1342838300684018,0.10256031674724474,15,False
Z_G100xFTTP,ACC2004+,S3 +GDPpc2013 x year FE,129,13,0.8309172858951718,0.37995499191570026,0.04691307419694446,0.1106636081698248,0.12140202455302954,25,False
Z_G100xG100,all,S1 Phase-D controls,284,28,8.57574554444322,0.006842380583067742,0.1323329995341449,0.19044081777761787,0.06503154838071257,15,True
Z_G100xG100,all,S2 +GDPpc2013 x EU-FTTP shock,284,28,1.8552034270933517,0.1844357754662589,0.030601343908496004,0.0911613974149917,0.06692913388318832,16,True
Z_G100xG100,all,S3 +GDPpc2013 x year FE,284,28,0.8604090195137176,0.36184258526845214,0.01435731254802275,0.062287536328782096,0.06715041117668843,26,True
Z_G100xG100,all,S4 country FE + year FE,284,28,7.116087754785419,0.012756408087924442,0.058756129783238964,0.3352841727644119,0.12568759184421108,41,False
Z_G100xG100,all,S5 country FE + year FE + GDPpc2013 x year FE,284,28,1.737969921953985,0.19847115069664212,0.02185550568094108,0.20255437014937372,0.15364572800746887,52,False
Z_G100xG100,EU15,S1 Phase-D controls,155,15,2.7955533872979563,0.11671751964699617,0.09222037522904925,0.19182065274402038,0.11472589892762645,14,True
Z_G100xG100,EU15,S2 +GDPpc2013 x EU-FTTP shock,155,15,0.67258734084465,0.4258942517032106,0.02271739073834167,0.09337436539502564,0.11385531750593676,15,True
Z_G100xG100,EU15,S3 +GDPpc2013 x year FE,155,15,0.30316116832245127,0.5905856288436957,0.010371495131736186,0.0621850361985552,0.11294034379972086,25,False
Z_G100xG100,ACC2004+,S1 Phase-D controls,129,13,10.058706336392827,0.00804648891707449,0.2456929471962903,0.1721496614845168,0.05427940876441209,14,False
Z_G100xG100,ACC2004+,S2 +GDPpc2013 x EU-FTTP shock,129,13,1.5128552869479641,0.2422727440478093,0.0613625816364598,0.08808022114837806,0.0716109941155313,15,False
Z_G100xG100,ACC2004+,S3 +GDPpc2013 x year FE,129,13,0.7354351976053668,0.40792865209113527,0.04265376676389776,0.07590451856272919,0.08851062846386769,25,False
Z_ruralgap_NGA,all,S1 Phase-D controls,284,28,0.36070221909570666,0.5531249955209254,0.006458542103215614,-0.0005694699816263461,0.0009481923105363297,15,True
Z_ruralgap_NGA,all,S2 +GDPpc2013 x EU-FTTP shock,284,28,3.811966677486851,0.06132790548985978,0.06268163311972808,-0.001614804215135047,0.0008270758245954214,16,True
Z_ruralgap_NGA,all,S3 +GDPpc2013 x year FE,284,28,6.188784112239524,0.019326976620704484,0.09651836037185124,-0.0019613356319623182,0.0007884047855391376,26,True
Z_ruralgap_NGA,all,S4 country FE + year FE,284,28,0.2523963548048476,0.6194657862632298,0.002191351337983871,0.00028325740205240615,0.0005638190278614186,41,False
Z_ruralgap_NGA,all,S5 country FE + year FE + GDPpc2013 x year FE,284,28,0.3502261078923728,0.5589083870628017,0.003526413598986866,0.000332862493630589,0.0005624586543088599,52,False
Z_ruralgap_NGA,EU15,S1 Phase-D controls,155,15,0.6257920589690867,0.4420992671188373,0.019944643975529863,-0.0012258081703187518,0.0015495567556825212,14,True
Z_ruralgap_NGA,EU15,S2 +GDPpc2013 x EU-FTTP shock,155,15,3.562104202480414,0.08002038219526819,0.09121603352969931,-0.002439380780031865,0.0012924873100901226,15,True
Z_ruralgap_NGA,EU15,S3 +GDPpc2013 x year FE,155,15,5.034382147696344,0.04154096165631871,0.12252350208783502,-0.002761739771967506,0.0012308628527227653,25,False
Z_ruralgap_NGA,ACC2004+,S1 Phase-D controls,129,13,0.054672960695521924,0.8190642106035727,0.0019124691426911644,-0.00019811922364402465,0.0008473060766733243,14,False
Z_ruralgap_NGA,ACC2004+,S2 +GDPpc2013 x EU-FTTP shock,129,13,1.6888492164782345,0.2181641216392174,0.04682296374864603,-0.0008346124236212069,0.0006422282523557123,15,False
Z_ruralgap_NGA,ACC2004+,S3 +GDPpc2013 x year FE,129,13,2.0380667489267745,0.17890720385788073,0.06399748174050124,-0.0010281859630890263,0.0007202155083550288,25,False
Z_lag2_G100,all,S1 Phase-D controls,284,28,2.840430159428003,0.10344494467175502,0.05788331335029373,0.001266391410954734,0.000751408145599956,15,True
Z_lag2_G100,all,S2 +GDPpc2013 x EU-FTTP shock,284,28,1.2721176380617714,0.26929308913118155,0.026654082842326843,0.000769869537847535,0.0006825799052042539,16,True
Z_lag2_G100,all,S3 +GDPpc2013 x year FE,284,28,0.17500582678500518,0.6790095600858489,0.0038965857443616914,0.00030650502150740306,0.0007326749437810594,26,True
Z_lag2_G100,all,S4 country FE + year FE,284,28,5.65577289568897,0.02473565204664019,0.04246222035132419,-0.0011303898057604118,0.0004753158001678783,41,False
Z_lag2_G100,all,S5 country FE + year FE + GDPpc2013 x year FE,284,28,2.0712324880261375,0.161593521099353,0.02072955516973496,-0.0007598890035075072,0.0005280022035718285,52,False
Z_lag2_G100,EU15,S1 Phase-D controls,155,15,2.089675884878281,0.17030974516302433,0.07927278772665214,0.0016505858260132595,0.0011418226294974837,14,True
Z_lag2_G100,EU15,S2 +GDPpc2013 x EU-FTTP shock,155,15,1.0864730803833926,0.3149200578180962,0.04289147808450011,0.0011172942594814914,0.0010719094070536556,15,True
Z_lag2_G100,EU15,S3 +GDPpc2013 x year FE,155,15,0.22267350413051817,0.6442807012940699,0.010383855445425527,0.0005830428716494704,0.0012355667660014843,25,False
Z_lag2_G100,ACC2004+,S1 Phase-D controls,129,13,1.0114251640579188,0.33441085701588247,0.01798480588093776,0.0005044573670294338,0.0005016000735465518,14,False
Z_lag2_G100,ACC2004+,S2 +GDPpc2013 x EU-FTTP shock,129,13,0.058279530536081266,0.8133119663964343,0.0005693647371818322,7.59260328122258e-05,0.0003145087162555779,15,False
Z_lag2_G100,ACC2004+,S3 +GDPpc2013 x year FE,129,13,0.0012091089295528212,0.9728330702151694,2.7889991570551054e-05,1.7652446998225696e-05,0.0005076591308830195,25,False
