dropped,n_dropped_units,n,G,coef,se,p_t_Gm1,p_wild,sample,regression
AT,9,174,18,-0.03206975166125769,0.11767108382641728,0.7884916940360855,0.7983596719343868,NUTS2,A3
BE,9,174,18,-0.06265567902086265,0.12078358687905665,0.610626581453785,0.6189237847569514,NUTS2,A3
BG,3,180,18,-0.049932098461509075,0.11719710758736715,0.675415261922558,0.6883376675335067,NUTS2,A3
CZ,8,175,18,-0.05212995157486667,0.12061033221170595,0.6710155784432876,0.6857371474294859,NUTS2,A3
DE,34,149,18,-0.10367662579542332,0.11851814044619928,0.3938879672549682,0.3890778155631126,NUTS2,A3
DK,5,178,18,-0.052457392099807806,0.12250164280906622,0.6738685759776346,0.6799359871974395,NUTS2,A3
EL,6,177,18,-0.0423874798120454,0.11589219987703715,0.7190636556518708,0.7223444688937788,NUTS2,A3
ES,16,167,18,-0.06780858610403839,0.12595966375502715,0.5973241050712337,0.6051210242048409,NUTS2,A3
FI,2,181,18,-0.003991146862044993,0.09991535669952423,0.9686021261805082,0.9697939587917583,NUTS2,A3
FR,24,159,18,-0.11530592912163895,0.11922697135031672,0.34704588040282514,0.3650730146029206,NUTS2,A3
HU,8,175,18,-0.01990935793301975,0.10241820286491352,0.8481724243180915,0.8467693538707741,NUTS2,A3
IT,20,163,18,0.019192511305019148,0.11878367825336089,0.8735450402270308,0.8815763152630526,NUTS2,A3
LT,2,181,18,-0.048561877774657924,0.11684125325764351,0.6828851485640302,0.6895379075815163,NUTS2,A3
NL,6,177,18,-0.04083576617897654,0.11425143648465383,0.7251759701543055,0.7371474294858972,NUTS2,A3
PL,10,173,18,-0.06252295264390663,0.13527902535612,0.6498139145508406,0.6625325065013002,NUTS2,A3
PT,3,180,18,-0.06043436411169521,0.12168686090572535,0.6258048732325436,0.6335267053410683,NUTS2,A3
RO,6,177,18,-0.04219428378148851,0.11889089516435933,0.7270297780133819,0.7349469893978796,NUTS2,A3
SE,8,175,18,-0.07639731871298813,0.12396422017406017,0.5458709440283718,0.5505101020204041,NUTS2,A3
SK,4,179,18,-0.0510479317720578,0.11532786726770305,0.6636114622054814,0.6687337467493498,NUTS2,A3
AT,35,960,24,-0.027380399442415618,0.07350658244327703,0.7129391240865817,0.8411682336467293,NUTS3,A3
BE,36,959,24,-0.023687219448375225,0.06952187871930457,0.7364099633817323,0.8549709941988398,NUTS3,A3
BG,23,972,24,-0.02720743785339253,0.07045234791817526,0.7029111161394028,0.8357671534306861,NUTS3,A3
CZ,14,981,24,-0.024711510187585682,0.06970689040377258,0.7261894511123881,0.8489697939587918,NUTS3,A3
DE,381,614,24,-0.02332388575129466,0.08148800927343133,0.7772682702054423,0.8533706741348269,NUTS3,A3
DK,11,984,24,-0.026206687928435224,0.06874298967936977,0.7065336815581444,0.8347669533906782,NUTS3,A3
EE,3,992,24,-0.02513809612427166,0.06894412518898729,0.718729484894197,0.8441688337667533,NUTS3,A3
EL,35,960,24,-0.03600082839286584,0.07214185773969521,0.6224990612534953,0.795759151830366,NUTS3,A3
ES,54,941,24,-0.0212804932541048,0.07263404761978742,0.7721627259156401,0.8895779155831166,NUTS3,A3
FI,8,987,24,-0.0153780671255401,0.06720240562524722,0.8210218959091788,0.9267853570714143,NUTS3,A3
FR,98,897,24,-0.056835123439342376,0.06470602826358562,0.38883295513285865,0.6403280656131226,NUTS3,A3
HR,4,991,24,-0.019268654100179545,0.06901355696433806,0.7825858086190411,0.8805761152230446,NUTS3,A3
HU,20,975,24,-0.030219780462337528,0.0689784047055912,0.6653973292845707,0.7949589917983597,NUTS3,A3
IE,4,991,24,-0.02600549181984397,0.06845303989433882,0.7075031355958217,0.8269653930786157,NUTS3,A3
IT,102,893,24,0.04438971133407415,0.03745732553835762,0.24808889842236992,0.34546909381876373,NUTS3,A3
LT,10,985,24,-0.02013773589904525,0.07088217694834295,0.778874551131171,0.8855771154230846,NUTS3,A3
LV,2,993,24,-0.024829758641321725,0.06830270659272239,0.7195326327195382,0.840368073614723,NUTS3,A3
MT,2,993,24,-0.024651841347207087,0.06819963335379799,0.721050603439017,0.8415683136627325,NUTS3,A3
NL,23,972,24,-0.028826113748682585,0.07005593153253911,0.6845349714245126,0.8043608721744349,NUTS3,A3
PL,51,944,24,-0.03529438653148979,0.0743246762433545,0.6393594568217431,0.8091618323664733,NUTS3,A3
PT,5,990,24,-0.02508369829557676,0.06891385841160616,0.7191929737859064,0.843368673734747,NUTS3,A3
RO,39,956,24,-0.022347559599706666,0.07153311361088202,0.7575448633634951,0.8739747949589918,NUTS3,A3
SE,20,975,24,-0.03105646164064603,0.06997209977234686,0.6613053837059839,0.7991598319663933,NUTS3,A3
SI,7,988,24,-0.02526369124493761,0.06985908133344049,0.7209237728043885,0.8501700340068014,NUTS3,A3
SK,8,987,24,-0.025470526390604944,0.06803401975956733,0.7115516595807074,0.839367873574715,NUTS3,A3
AT,9,191,16,-0.014988053843847724,0.11809154419013422,0.9006902880097467,0.9051810362072414,NUTS2_lenient,A3
BE,11,189,16,-0.048050804589863716,0.12096168540043088,0.6967857241900883,0.7113422684536908,NUTS2_lenient,A3
BG,6,194,16,-0.028509641414919525,0.12012149767958154,0.8156041047308658,0.8209641928385677,NUTS2_lenient,A3
CZ,8,192,16,-0.04162495448876512,0.12445029800913052,0.7426554537702295,0.7549509901980396,NUTS2_lenient,A3
DE,35,165,16,-0.08577244439726454,0.11866806250423581,0.48092590216057496,0.5269053810762152,NUTS2_lenient,A3
EL,9,191,16,-0.022074942722641384,0.1172560160662703,0.8531939522353129,0.8671734346869374,NUTS2_lenient,A3
ES,17,183,16,-0.052828674933761435,0.12623969450540498,0.6815269108885049,0.7029405881176235,NUTS2_lenient,A3
FI,5,195,16,0.046104489893635074,0.0863685938236526,0.6012942273867403,0.6057211442288458,NUTS2_lenient,A3
FR,24,176,16,-0.08761614198477986,0.1319782770463395,0.5168497217398207,0.6083216643328666,NUTS2_lenient,A3
HU,6,194,16,-0.03485268612798431,0.1212521187256582,0.7777085595247077,0.7973594718943788,NUTS2_lenient,A3
IT,21,179,16,0.025790475978292676,0.12937270771913703,0.8446659602155147,0.8475695139027806,NUTS2_lenient,A3
NL,10,190,16,-0.05138104774819585,0.12968828450695136,0.69754442481522,0.7241448289657931,NUTS2_lenient,A3
PL,15,185,16,-0.051774823125354086,0.1391558832262578,0.715049398300698,0.7307461492298459,NUTS2_lenient,A3
PT,4,196,16,-0.040204303152383936,0.12623511697026593,0.7545066196275703,0.7689537907581516,NUTS2_lenient,A3
RO,8,192,16,-0.028243434176608018,0.12444582184323541,0.8235238169194055,0.8415683136627325,NUTS2_lenient,A3
SE,8,192,16,-0.055705023655485755,0.12494702670985935,0.662088385554573,0.6857371474294859,NUTS2_lenient,A3
SK,4,196,16,-0.03594908190081419,0.11793203089456776,0.7646851834883557,0.7811562312462492,NUTS2_lenient,A3
AT,35,960,24,0.0687692843690882,0.031786603708014664,0.0411386517333272,0.15583116623324664,NUTS3,A2
BE,36,959,24,0.07020524488732663,0.03010662143247968,0.028825022855959892,0.1194238847769554,NUTS3,A2
BG,23,972,24,0.06784953901095041,0.030469967722494634,0.036038692949176054,0.1408281656331266,NUTS3,A2
CZ,14,981,24,0.06751527116733196,0.030358247564954078,0.03625279097656553,0.14302860572114423,NUTS3,A2
DE,381,614,24,0.07341863027563332,0.06217697378138179,0.24974916812265868,0.33526705341068214,NUTS3,A2
DK,11,984,24,0.06652668098357171,0.030391360290427955,0.03900779173629987,0.15923184636927384,NUTS3,A2
EE,3,992,24,0.0672060039073381,0.03019241608895764,0.03610276193652395,0.14962992598519703,NUTS3,A2
EL,35,960,24,0.07238257089058053,0.031141476526538862,0.029296800105217624,0.11242248449689939,NUTS3,A2
ES,54,941,24,0.07075087155442852,0.03118724129057545,0.03299203048377719,0.1300260052010402,NUTS3,A2
FI,8,987,24,0.07697760661354104,0.029995318480965313,0.01726046395031977,0.03660732146429286,NUTS3,A2
FR,98,897,24,0.046924851184199375,0.02492816723099459,0.0724934949697651,0.30586117223444687,NUTS3,A2
HR,4,991,24,0.06785818136850102,0.030235875257560392,0.03473190742318688,0.14622924584916983,NUTS3,A2
HU,20,975,24,0.0655910379386729,0.03043932994851905,0.041884521473009695,0.16743348669733946,NUTS3,A2
IE,4,991,24,0.07003602537462161,0.03040071372350023,0.03061296281796877,0.1284256851370274,NUTS3,A2
IT,102,893,24,0.07809521076627639,0.03386240220935239,0.0304507421314808,0.13062612522504502,NUTS3,A2
LT,10,985,24,0.06678097997131928,0.03038072899145804,0.038269892157757335,0.15543108621724344,NUTS3,A2
LV,2,993,24,0.06758371225823076,0.03020535783315258,0.035235163243615863,0.14822964592918583,NUTS3,A2
MT,2,993,24,0.06770009962603053,0.030172349768255075,0.03476961892452146,0.14682936587317463,NUTS3,A2
NL,23,972,24,0.051426086487620974,0.02686951724505697,0.06815475884929834,0.2988597719543909,NUTS3,A2
PL,51,944,24,0.06309017482336532,0.03042120478552662,0.049469818989147374,0.19243848769753952,NUTS3,A2
PT,5,990,24,0.06699383336889878,0.030031552432594557,0.03573552067519059,0.14342868573714743,NUTS3,A2
RO,39,956,24,0.07050755299481733,0.03131476381403323,0.034201745951685014,0.1278255651130226,NUTS3,A2
SE,20,975,24,0.06457068640844037,0.030758449406749273,0.04696652368642851,0.1842368473694739,NUTS3,A2
SI,7,988,24,0.06785987424346056,0.030428779303069205,0.03578521743518692,0.14222844568913784,NUTS3,A2
SK,8,987,24,0.06745145671184352,0.03020719059079598,0.0355719326414885,0.13902780556111222,NUTS3,A2
AT,35,960,24,0.2315292916141638,0.12443912896010201,0.07563683153678324,0.014402880576115223,NUTS3,A4
BE,36,959,24,0.23426239197937318,0.12542087230166757,0.07458275639158263,0.014802960592118424,NUTS3,A4
BG,23,972,24,0.24322903725922204,0.13135457169955445,0.07695027968425805,0.011202240448089618,NUTS3,A4
CZ,14,981,24,0.23423031426465893,0.12609911106021499,0.07608892392004818,0.013802760552110422,NUTS3,A4
DE,381,614,24,0.34165756488550725,0.14092834260397571,0.02360216687594119,0.022004400880176037,NUTS3,A4
DK,11,984,24,0.23603821603423591,0.12675829695154164,0.07541264188287866,0.01240248049609922,NUTS3,A4
EE,3,992,24,0.2358494600994422,0.1275236241093673,0.07728474080806236,0.013602720544108821,NUTS3,A4
EL,35,960,24,0.27162691962581575,0.13940207544596547,0.06365582901999467,0.0016003200640128026,NUTS3,A4
ES,54,941,24,0.24256567302501042,0.13980468188261838,0.096117660590884,0.021604320864172834,NUTS3,A4
FI,8,987,24,0.24284542836840803,0.12737806926559164,0.06915605829707117,0.007601520304060812,NUTS3,A4
FR,98,897,24,0.2437601468653881,0.13964123941222326,0.09422445020928594,0.01880376075215043,NUTS3,A4
HR,4,991,24,0.22469767800365453,0.12411573359468715,0.08332071736925473,0.017203440688137627,NUTS3,A4
HU,20,975,24,0.24092776422477605,0.12800940546564563,0.07253492534028427,0.01220244048809762,NUTS3,A4
IE,4,991,24,0.24522316995394608,0.128604002907195,0.06911332757511635,0.010402080416083216,NUTS3,A4
IT,102,893,24,0.1356378534373782,0.07397149357324767,0.07967955543497074,0.017803560712142428,NUTS3,A4
LT,10,985,24,0.22254226129781146,0.12589140639197102,0.09037158991759386,0.01980396079215843,NUTS3,A4
LV,2,993,24,0.2359817140916584,0.12561518739468663,0.07303181502927858,0.01280256051210242,NUTS3,A4
MT,2,993,24,0.23592533470147453,0.12545840700023342,0.07276209029795533,0.01260252050410082,NUTS3,A4
NL,23,972,24,0.19820706324667994,0.11209245235137429,0.09028361175486577,0.021004200840168033,NUTS3,A4
PL,51,944,24,0.24048457455273337,0.13131498424984422,0.08003234637088319,0.016203240648129627,NUTS3,A4
PT,5,990,24,0.23450342352719078,0.1252829027636748,0.07400766447815643,0.013402680536107221,NUTS3,A4
RO,39,956,24,0.24003696843749509,0.13299920592752326,0.0842165653548197,0.014802960592118424,NUTS3,A4
SE,20,975,24,0.2349677100463006,0.12661312885756135,0.07634254371969385,0.013802760552110422,NUTS3,A4
SI,7,988,24,0.234755501872268,0.12578259234430492,0.07479334475362154,0.013802760552110422,NUTS3,A4
SK,8,987,24,0.23748533804948982,0.12583033272974803,0.07179746787695174,0.011202240448089618,NUTS3,A4
AT,9,174,18,0.042221859061311005,0.16628653675217267,0.8026104037199375,0.8027605521104221,NUTS2,A4
BE,9,174,18,-0.045525296214098954,0.13051079011271585,0.7315043800322638,0.7975595119023805,NUTS2,A4
BG,3,180,18,0.04415645605119727,0.16457113270411816,0.7916876487475013,0.7997599519903981,NUTS2,A4
CZ,8,175,18,0.039657999330071615,0.1699818568258037,0.8183089500877347,0.8229645929185837,NUTS2,A4
DE,34,149,18,0.010999907357708142,0.18707741007936732,0.9537980997296669,0.9423884776955391,NUTS2,A4
DK,5,178,18,0.029613970949083704,0.1612714346432635,0.85647760945325,0.8559711942388478,NUTS2,A4
EL,6,177,18,0.05660097748688816,0.1791169908916807,0.7558492023028178,0.7669533906781356,NUTS2,A4
ES,16,167,18,0.06986935226917688,0.18272349600705448,0.7069196874532047,0.7277455491098219,NUTS2,A4
FI,2,181,18,0.0748452308442748,0.1734168158026254,0.6714620198937684,0.6867373474694939,NUTS2,A4
FR,24,159,18,0.24030372754685214,0.15611501662581811,0.14214326317237158,0.15563112622524505,NUTS2,A4
HU,8,175,18,0.05957887676264671,0.18187491614230905,0.7472276423578199,0.759751950390078,NUTS2,A4
IT,20,163,18,0.009139363414140856,0.1458133440557889,0.9507535716114848,0.9465893178635727,NUTS2,A4
LT,2,181,18,0.04722142660616343,0.16474765676257327,0.7778604867704391,0.7759551910382076,NUTS2,A4
NL,6,177,18,0.04807902164774956,0.16823350209912108,0.7784940087501302,0.77875575115023,NUTS2,A4
PL,10,173,18,0.026325263924182,0.1680960618866657,0.8773982673132386,0.8657731546309262,NUTS2,A4
PT,3,180,18,0.054961153950767054,0.1671753504053654,0.7463497243244004,0.7465493098619724,NUTS2,A4
RO,6,177,18,0.07060426461925079,0.16663413093376211,0.6770910882069958,0.6857371474294859,NUTS2,A4
SE,8,175,18,0.05569208740037132,0.16884297550364713,0.7455463659126109,0.7415483096619324,NUTS2,A4
SK,4,179,18,0.048408013213406056,0.16688770948418677,0.775276096345975,0.7707541508301661,NUTS2,A4
