label,outcome,sample,spec,instrument,n,G,FS_F,FS_pR2,k,CR1_reliable,OLS,OLS_se,OLS_p_t,OLS_p_wild,RF,RF_se,RF_p_t,RF_p_wild,IV,IV_se,IV_p_t,AR95_kind,AR95_lo,AR95_hi
DIAGNOSTIC-ONLY (gate failed),d_log_va,all,S1 Phase-D controls,Z_NGAxFTTP,284,28,19.53488095097965,0.19810410856096727,15,True,0.06603785998785873,0.024095131008848487,0.010737514438377893,0.0085,0.05055741355784855,0.02142210099932584,0.025754168914764897,0.027,0.12667358304383952,0.0640716960807031,0.05832880417569086,bounded,0.02,0.32
DIAGNOSTIC-ONLY (gate failed),d_log_emissions,all,S1 Phase-D controls,Z_NGAxFTTP,284,28,19.53488095097965,0.19810410856096727,15,True,0.08093606368021342,0.07224202127232551,0.2724332685506532,0.315,-0.021914536009076394,0.0391243684835693,0.5800123600673843,0.572,-0.05490772968115872,0.10238771812218778,0.596161276979501,bounded,-0.34,0.13
DIAGNOSTIC-ONLY (gate failed),d_log_va,all,S2 +GDPpc2013 x EU-FTTP shock,Z_NGAxFTTP,284,28,7.656312153002441,0.07933965014591726,16,True,0.023387872613921088,0.021036557498331814,0.2760378051523058,0.3085,0.010743276436896647,0.02198175761039963,0.6289749965865568,0.631,0.042803251926322665,0.087678580577655,0.6293610300212613,bounded,-0.19,0.34
DIAGNOSTIC-ONLY (gate failed),d_log_emissions,all,S2 +GDPpc2013 x EU-FTTP shock,Z_NGAxFTTP,284,28,7.656312153002441,0.07933965014591726,16,True,0.05833488879532738,0.07727146957765084,0.4568234525557251,0.5515,-0.06902629701604812,0.05704969400017781,0.23679169394781496,0.2425,-0.27501386546822415,0.27104401459868666,0.31928104203714724,bounded,-1.8,0.17
DIAGNOSTIC-ONLY (gate failed),d_log_va,all,S3 +GDPpc2013 x year FE,Z_NGAxFTTP,284,28,4.851339323951167,0.049481276128723994,26,True,0.010916324308713445,0.020210943696542104,0.5935422155962766,0.597,-0.005677130803375074,0.02138388798043644,0.7926514119401933,0.777,-0.028380251107723808,0.10764336015751974,0.7940508825962653,bounded,-0.84,0.42
DIAGNOSTIC-ONLY (gate failed),d_log_emissions,all,S3 +GDPpc2013 x year FE,Z_NGAxFTTP,284,28,4.851339323951167,0.049481276128723994,26,True,0.07624370358912302,0.08210411170031694,0.36131296944209135,0.4645,-0.058653379426339365,0.0614674570628662,0.3484387598772445,0.367,-0.2932110768801223,0.3838924960446631,0.45161897199216594,unbounded/disjoint,-3.0,0.27
DIAGNOSTIC-ONLY (gate failed),d_log_va,all,S4 country FE + year FE,Z_NGAxFTTP,284,28,4.358193549701289,0.05793464854549546,41,False,0.028208951578841814,0.03923900037601852,0.47837811862475954,0.4675,0.11361039735727335,0.06558371829443148,0.0946318098634169,0.1205,0.34053878421682493,0.2697511702366027,0.2175937745567662,unbounded/disjoint,-0.06,3.0
DIAGNOSTIC-ONLY (gate failed),d_log_emissions,all,S4 country FE + year FE,Z_NGAxFTTP,284,28,4.358193549701289,0.05793464854549546,41,False,0.29035482071687635,0.1121609884407414,0.015328490062034295,0.006,0.22711187782193745,0.26076819775813126,0.3914684186498185,0.535,0.6807510980836273,0.7328408525999958,0.3611610122979565,unbounded/disjoint,-3.0,3.0
DIAGNOSTIC-ONLY (gate failed),d_log_va,all,S5 country FE + year FE + GDPpc2013 x year FE,Z_NGAxFTTP,284,28,1.0507514460211882,0.016644840128497318,52,False,0.02965087949042633,0.05075098694678026,0.5639073240131673,0.547,0.11120838555999443,0.08606892853159562,0.20727788918934364,0.2845,0.6102584008373937,0.8098305633433792,0.45763306832650774,unbounded/disjoint,-3.0,3.0
DIAGNOSTIC-ONLY (gate failed),d_log_emissions,all,S5 country FE + year FE + GDPpc2013 x year FE,Z_NGAxFTTP,284,28,1.0507514460211882,0.016644840128497318,52,False,0.2881521574604021,0.10748504887273416,0.012365764314922423,0.006,0.232707541853987,0.3337766191824323,0.4916405875865584,0.688,1.2769876267799734,1.4607421665723062,0.3897166317389136,unbounded/disjoint,-3.0,3.0
DIAGNOSTIC-ONLY (gate failed),d_log_va,EU15,S1 Phase-D controls,Z_NGAxFTTP,155,15,20.40892517854924,0.29217124875991485,14,True,0.0469074140056768,0.022729921552083095,0.05809885441246565,0.038,0.06040787288602225,0.03202524781508112,0.08017742279806073,0.0795,0.1155361642106838,0.06865517757580822,0.11456299003821524,bounded,-0.01,0.32
DIAGNOSTIC-ONLY (gate failed),d_log_emissions,EU15,S1 Phase-D controls,Z_NGAxFTTP,155,15,20.40892517854924,0.29217124875991485,14,True,0.03667068691750382,0.05851764303010838,0.5409664308031115,0.5665,-0.018141582039913565,0.05009172663320632,0.7226354802057608,0.7245,-0.034697609789374695,0.09849569839790942,0.7298783895466152,bounded,-0.32,0.16
DIAGNOSTIC-ONLY (gate failed),d_log_va,EU15,S2 +GDPpc2013 x EU-FTTP shock,Z_NGAxFTTP,155,15,14.859144246035484,0.16228667645105066,15,True,0.013899488429386469,0.026132980038287977,0.6031507328248056,0.6245,0.026813407144017108,0.02828663423389929,0.3592474783078483,0.3095,0.06527905158975514,0.06828668170743606,0.35531155165018635,bounded,-0.1,0.25
DIAGNOSTIC-ONLY (gate failed),d_log_emissions,EU15,S2 +GDPpc2013 x EU-FTTP shock,Z_NGAxFTTP,155,15,14.859144246035484,0.16228667645105066,15,True,0.04788979850225949,0.07563616724298007,0.5368354651139589,0.593,-0.02225297106807915,0.057621894510842195,0.7051618239516757,0.711,-0.05417636179451703,0.14242720561466876,0.7093727826436762,bounded,-0.47,0.26
DIAGNOSTIC-ONLY (gate failed),d_log_va,EU15,S3 +GDPpc2013 x year FE,Z_NGAxFTTP,155,15,12.062829796274967,0.12939949858834787,25,False,-0.002384522555356495,0.024746111131206616,0.9246008644830446,0.923,0.012202321215866842,0.03164674705071154,0.7056038196595285,0.6855,0.0332016677845355,0.0871920094227684,0.7090762826653672,bounded,-0.17,0.3
DIAGNOSTIC-ONLY (gate failed),d_log_emissions,EU15,S3 +GDPpc2013 x year FE,Z_NGAxFTTP,155,15,12.062829796274967,0.12939949858834787,25,False,0.06295536979104607,0.07739459173458402,0.4295872162689165,0.507,-0.003862901171158357,0.06042501174000748,0.9499307158428842,0.9455,-0.010510685557268456,0.16553664019839714,0.9502703132357322,bounded,-0.61,0.32
DIAGNOSTIC-ONLY (gate failed),d_log_va,ACC2004+,S1 Phase-D controls,Z_NGAxFTTP,129,13,0.3930122812130457,0.021114474327212474,14,False,0.10401346130144686,0.039620349750098365,0.022168998084402647,0.0565,0.020404104106416784,0.02190474571527386,0.3699610476410302,0.326,0.20225537748517936,0.37874848312111115,0.603087046681472,unbounded/disjoint,-3.0,3.0
DIAGNOSTIC-ONLY (gate failed),d_log_emissions,ACC2004+,S1 Phase-D controls,Z_NGAxFTTP,129,13,0.3930122812130457,0.021114474327212474,14,False,0.17884655931406251,0.23978689797744313,0.47011322237955366,0.715,-0.0734899240100061,0.051669613756539015,0.18040768294341714,0.1395,-0.7284677751338174,1.2655852375973133,0.5755224357719513,unbounded/disjoint,-3.0,3.0
DIAGNOSTIC-ONLY (gate failed),d_log_va,ACC2004+,S2 +GDPpc2013 x EU-FTTP shock,Z_NGAxFTTP,129,13,0.29362994016313154,0.010831454333023127,15,False,0.046005784183088816,0.02992077026976568,0.15008971790707748,0.0965,-0.018438506843532855,0.023487751616858305,0.4476599257219216,0.448,0.2824651975874826,0.6253600952244943,0.6595517399469495,unbounded/disjoint,-3.0,3.0
DIAGNOSTIC-ONLY (gate failed),d_log_emissions,ACC2004+,S2 +GDPpc2013 x EU-FTTP shock,Z_NGAxFTTP,129,13,0.29362994016313154,0.010831454333023127,15,False,0.07434758881331671,0.21272956111351443,0.732775518391743,0.7595,-0.16288115794670047,0.08241532099492963,0.07155950081357676,0.113,2.4952269103709805,4.662509413526203,0.6023101638570887,unbounded/disjoint,-3.0,3.0
DIAGNOSTIC-ONLY (gate failed),d_log_va,ACC2004+,S3 +GDPpc2013 x year FE,Z_NGAxFTTP,129,13,0.655995164810864,0.027723868413599972,25,False,0.03935844823717864,0.03425694610294321,0.2729753409527216,0.183,-0.02788805803543695,0.022555796805068234,0.2399622893045461,0.2545,0.2650847254622073,0.3763169163023906,0.4946162891916073,unbounded/disjoint,-3.0,3.0
DIAGNOSTIC-ONLY (gate failed),d_log_emissions,ACC2004+,S3 +GDPpc2013 x year FE,Z_NGAxFTTP,129,13,0.655995164810864,0.027723868413599972,25,False,-0.024394757741781042,0.21216646442240983,0.9103630457490763,0.938,-0.16132918623718936,0.08176000850943212,0.07195366901363598,0.0915,1.5334844394141671,2.002472729898774,0.45859673518737787,unbounded/disjoint,-3.0,3.0
