freq,nace_r2,size_emp,indic_is,unit,geo,time,value,source_dataset
A,C,GE10,E_AI_TANY,PC_ENT,AT11,2023,7.29,isoc_r_eb_ain2
A,C,GE10,E_AI_TANY,PC_ENT,AT12,2023,8.15,isoc_r_eb_ain2
A,C,GE10,E_AI_TANY,PC_ENT,AT12,2024,17.91,isoc_r_eb_ain2
A,C,GE10,E_AI_TANY,PC_ENT,AT12,2025,30.38,isoc_r_eb_ain2
A,C,GE10,E_AI_TANY,PC_ENT,AT13,2023,19.09,isoc_r_eb_ain2
A,C,GE10,E_AI_TANY,PC_ENT,AT13,2025,27.83,isoc_r_eb_ain2
A,C,GE10,E_AI_TANY,PC_ENT,AT21,2023,6.46,isoc_r_eb_ain2
A,C,GE10,E_AI_TANY,PC_ENT,AT21,2024,23.02,isoc_r_eb_ain2
A,C,GE10,E_AI_TANY,PC_ENT,AT22,2023,11.52,isoc_r_eb_ain2
A,C,GE10,E_AI_TANY,PC_ENT,AT22,2024,12.49,isoc_r_eb_ain2
A,C,GE10,E_AI_TANY,PC_ENT,AT22,2025,28.96,isoc_r_eb_ain2
A,C,GE10,E_AI_TANY,PC_ENT,AT31,2023,12.87,isoc_r_eb_ain2
A,C,GE10,E_AI_TANY,PC_ENT,AT31,2024,26.63,isoc_r_eb_ain2
A,C,GE10,E_AI_TANY,PC_ENT,AT31,2025,38.89,isoc_r_eb_ain2
A,C,GE10,E_AI_TANY,PC_ENT,AT32,2023,15.11,isoc_r_eb_ain2
A,C,GE10,E_AI_TANY,PC_ENT,AT33,2023,10.77,isoc_r_eb_ain2
A,C,GE10,E_AI_TANY,PC_ENT,AT33,2025,27.69,isoc_r_eb_ain2
A,C,GE10,E_AI_TANY,PC_ENT,BG31,2024,4.69,isoc_r_eb_ain2
A,C,GE10,E_AI_TANY,PC_ENT,BG31,2025,2.8,isoc_r_eb_ain2
A,C,GE10,E_AI_TANY,PC_ENT,BG32,2024,3.22,isoc_r_eb_ain2
A,C,GE10,E_AI_TANY,PC_ENT,BG32,2025,4.23,isoc_r_eb_ain2
A,C,GE10,E_AI_TANY,PC_ENT,BG33,2024,3.67,isoc_r_eb_ain2
A,C,GE10,E_AI_TANY,PC_ENT,BG33,2025,4.7,isoc_r_eb_ain2
A,C,GE10,E_AI_TANY,PC_ENT,BG34,2024,2.38,isoc_r_eb_ain2
A,C,GE10,E_AI_TANY,PC_ENT,BG34,2025,4.94,isoc_r_eb_ain2
A,C,GE10,E_AI_TANY,PC_ENT,BG41,2024,6.7,isoc_r_eb_ain2
A,C,GE10,E_AI_TANY,PC_ENT,BG41,2025,5.93,isoc_r_eb_ain2
A,C,GE10,E_AI_TANY,PC_ENT,BG42,2024,3.07,isoc_r_eb_ain2
A,C,GE10,E_AI_TANY,PC_ENT,BG42,2025,6.13,isoc_r_eb_ain2
A,C,GE10,E_AI_TANY,PC_ENT,CZ01,2025,18.95,isoc_r_eb_ain2
A,C,GE10,E_AI_TANY,PC_ENT,CZ02,2025,20.03,isoc_r_eb_ain2
A,C,GE10,E_AI_TANY,PC_ENT,CZ03,2025,17.41,isoc_r_eb_ain2
A,C,GE10,E_AI_TANY,PC_ENT,CZ04,2025,12.15,isoc_r_eb_ain2
A,C,GE10,E_AI_TANY,PC_ENT,CZ05,2025,16.31,isoc_r_eb_ain2
A,C,GE10,E_AI_TANY,PC_ENT,CZ06,2025,14.58,isoc_r_eb_ain2
A,C,GE10,E_AI_TANY,PC_ENT,CZ07,2025,17.26,isoc_r_eb_ain2
A,C,GE10,E_AI_TANY,PC_ENT,CZ08,2025,18.42,isoc_r_eb_ain2
A,C,GE10,E_AI_TANY,PC_ENT,DK01,2024,19.18,isoc_r_eb_ain2
A,C,GE10,E_AI_TANY,PC_ENT,DK01,2025,34.47,isoc_r_eb_ain2
A,C,GE10,E_AI_TANY,PC_ENT,DK02,2024,24.59,isoc_r_eb_ain2
A,C,GE10,E_AI_TANY,PC_ENT,DK02,2025,37.13,isoc_r_eb_ain2
A,C,GE10,E_AI_TANY,PC_ENT,DK03,2024,17.54,isoc_r_eb_ain2
A,C,GE10,E_AI_TANY,PC_ENT,DK03,2025,36.86,isoc_r_eb_ain2
A,C,GE10,E_AI_TANY,PC_ENT,DK04,2024,26.92,isoc_r_eb_ain2
A,C,GE10,E_AI_TANY,PC_ENT,DK04,2025,49.86,isoc_r_eb_ain2
A,C,GE10,E_AI_TANY,PC_ENT,DK05,2024,19.4,isoc_r_eb_ain2
A,C,GE10,E_AI_TANY,PC_ENT,DK05,2025,34.3,isoc_r_eb_ain2
A,C,GE10,E_AI_TANY,PC_ENT,ES11,2023,6.89,isoc_r_eb_ain2
A,C,GE10,E_AI_TANY,PC_ENT,ES11,2024,11.5,isoc_r_eb_ain2
A,C,GE10,E_AI_TANY,PC_ENT,ES11,2025,17.09,isoc_r_eb_ain2
A,C,GE10,E_AI_TANY,PC_ENT,ES12,2023,9.8,isoc_r_eb_ain2
A,C,GE10,E_AI_TANY,PC_ENT,ES12,2024,3.14,isoc_r_eb_ain2
A,C,GE10,E_AI_TANY,PC_ENT,ES12,2025,15.53,isoc_r_eb_ain2
A,C,GE10,E_AI_TANY,PC_ENT,ES13,2023,11.43,isoc_r_eb_ain2
A,C,GE10,E_AI_TANY,PC_ENT,ES13,2024,5.55,isoc_r_eb_ain2
A,C,GE10,E_AI_TANY,PC_ENT,ES13,2025,13.02,isoc_r_eb_ain2
A,C,GE10,E_AI_TANY,PC_ENT,ES21,2023,7.79,isoc_r_eb_ain2
A,C,GE10,E_AI_TANY,PC_ENT,ES21,2024,10.33,isoc_r_eb_ain2
A,C,GE10,E_AI_TANY,PC_ENT,ES21,2025,19.61,isoc_r_eb_ain2
A,C,GE10,E_AI_TANY,PC_ENT,ES22,2023,8.89,isoc_r_eb_ain2
A,C,GE10,E_AI_TANY,PC_ENT,ES22,2024,13.31,isoc_r_eb_ain2
A,C,GE10,E_AI_TANY,PC_ENT,ES22,2025,25.78,isoc_r_eb_ain2
A,C,GE10,E_AI_TANY,PC_ENT,ES23,2023,8.3,isoc_r_eb_ain2
A,C,GE10,E_AI_TANY,PC_ENT,ES23,2024,7.48,isoc_r_eb_ain2
A,C,GE10,E_AI_TANY,PC_ENT,ES23,2025,16.61,isoc_r_eb_ain2
A,C,GE10,E_AI_TANY,PC_ENT,ES24,2023,10.29,isoc_r_eb_ain2
A,C,GE10,E_AI_TANY,PC_ENT,ES24,2024,8.55,isoc_r_eb_ain2
A,C,GE10,E_AI_TANY,PC_ENT,ES24,2025,15.49,isoc_r_eb_ain2
A,C,GE10,E_AI_TANY,PC_ENT,ES30,2023,8.23,isoc_r_eb_ain2
A,C,GE10,E_AI_TANY,PC_ENT,ES30,2024,10.48,isoc_r_eb_ain2
A,C,GE10,E_AI_TANY,PC_ENT,ES30,2025,19.97,isoc_r_eb_ain2
A,C,GE10,E_AI_TANY,PC_ENT,ES41,2023,10.89,isoc_r_eb_ain2
A,C,GE10,E_AI_TANY,PC_ENT,ES41,2024,10.63,isoc_r_eb_ain2
A,C,GE10,E_AI_TANY,PC_ENT,ES41,2025,18.68,isoc_r_eb_ain2
A,C,GE10,E_AI_TANY,PC_ENT,ES42,2023,6.48,isoc_r_eb_ain2
A,C,GE10,E_AI_TANY,PC_ENT,ES42,2024,5.65,isoc_r_eb_ain2
A,C,GE10,E_AI_TANY,PC_ENT,ES42,2025,15.81,isoc_r_eb_ain2
A,C,GE10,E_AI_TANY,PC_ENT,ES43,2023,4.81,isoc_r_eb_ain2
A,C,GE10,E_AI_TANY,PC_ENT,ES43,2024,6.17,isoc_r_eb_ain2
A,C,GE10,E_AI_TANY,PC_ENT,ES43,2025,7.97,isoc_r_eb_ain2
A,C,GE10,E_AI_TANY,PC_ENT,ES51,2023,11.65,isoc_r_eb_ain2
A,C,GE10,E_AI_TANY,PC_ENT,ES51,2024,12.62,isoc_r_eb_ain2
A,C,GE10,E_AI_TANY,PC_ENT,ES51,2025,20.76,isoc_r_eb_ain2
A,C,GE10,E_AI_TANY,PC_ENT,ES52,2023,8.45,isoc_r_eb_ain2
A,C,GE10,E_AI_TANY,PC_ENT,ES52,2024,11.39,isoc_r_eb_ain2
A,C,GE10,E_AI_TANY,PC_ENT,ES52,2025,16.15,isoc_r_eb_ain2
A,C,GE10,E_AI_TANY,PC_ENT,ES53,2023,6.35,isoc_r_eb_ain2
A,C,GE10,E_AI_TANY,PC_ENT,ES53,2024,3.01,isoc_r_eb_ain2
A,C,GE10,E_AI_TANY,PC_ENT,ES53,2025,9.33,isoc_r_eb_ain2
A,C,GE10,E_AI_TANY,PC_ENT,ES61,2023,6.77,isoc_r_eb_ain2
A,C,GE10,E_AI_TANY,PC_ENT,ES61,2024,6.4,isoc_r_eb_ain2
A,C,GE10,E_AI_TANY,PC_ENT,ES61,2025,11.24,isoc_r_eb_ain2
A,C,GE10,E_AI_TANY,PC_ENT,ES62,2023,7.85,isoc_r_eb_ain2
A,C,GE10,E_AI_TANY,PC_ENT,ES62,2024,9.73,isoc_r_eb_ain2
A,C,GE10,E_AI_TANY,PC_ENT,ES62,2025,13.55,isoc_r_eb_ain2
A,C,GE10,E_AI_TANY,PC_ENT,ES63,2023,0.0,isoc_r_eb_ain2
A,C,GE10,E_AI_TANY,PC_ENT,ES63,2024,11.11,isoc_r_eb_ain2
A,C,GE10,E_AI_TANY,PC_ENT,ES63,2025,0.0,isoc_r_eb_ain2
A,C,GE10,E_AI_TANY,PC_ENT,ES64,2023,0.0,isoc_r_eb_ain2
A,C,GE10,E_AI_TANY,PC_ENT,ES64,2024,0.0,isoc_r_eb_ain2
A,C,GE10,E_AI_TANY,PC_ENT,ES64,2025,0.0,isoc_r_eb_ain2
A,C,GE10,E_AI_TANY,PC_ENT,ES70,2023,2.23,isoc_r_eb_ain2
A,C,GE10,E_AI_TANY,PC_ENT,ES70,2024,4.91,isoc_r_eb_ain2
A,C,GE10,E_AI_TANY,PC_ENT,ES70,2025,14.27,isoc_r_eb_ain2
A,C,GE10,E_AI_TANY,PC_ENT,HR02,2023,6.89,isoc_r_eb_ain2
A,C,GE10,E_AI_TANY,PC_ENT,HR02,2024,6.58,isoc_r_eb_ain2
A,C,GE10,E_AI_TANY,PC_ENT,HR02,2025,15.23,isoc_r_eb_ain2
A,C,GE10,E_AI_TANY,PC_ENT,HR03,2023,5.92,isoc_r_eb_ain2
A,C,GE10,E_AI_TANY,PC_ENT,HR03,2024,14.5,isoc_r_eb_ain2
A,C,GE10,E_AI_TANY,PC_ENT,HR03,2025,5.59,isoc_r_eb_ain2
A,C,GE10,E_AI_TANY,PC_ENT,HR05,2023,10.88,isoc_r_eb_ain2
A,C,GE10,E_AI_TANY,PC_ENT,HR05,2024,10.33,isoc_r_eb_ain2
A,C,GE10,E_AI_TANY,PC_ENT,HR05,2025,18.91,isoc_r_eb_ain2
A,C,GE10,E_AI_TANY,PC_ENT,HR06,2023,5.02,isoc_r_eb_ain2
A,C,GE10,E_AI_TANY,PC_ENT,HR06,2024,8.16,isoc_r_eb_ain2
A,C,GE10,E_AI_TANY,PC_ENT,HR06,2025,13.97,isoc_r_eb_ain2
A,C,GE10,E_AI_TANY,PC_ENT,HU11,2023,4.68,isoc_r_eb_ain2
A,C,GE10,E_AI_TANY,PC_ENT,HU11,2024,6.58,isoc_r_eb_ain2
A,C,GE10,E_AI_TANY,PC_ENT,HU11,2025,11.48,isoc_r_eb_ain2
A,C,GE10,E_AI_TANY,PC_ENT,HU12,2023,3.72,isoc_r_eb_ain2
A,C,GE10,E_AI_TANY,PC_ENT,HU12,2024,3.44,isoc_r_eb_ain2
A,C,GE10,E_AI_TANY,PC_ENT,HU12,2025,5.03,isoc_r_eb_ain2
A,C,GE10,E_AI_TANY,PC_ENT,HU21,2023,4.07,isoc_r_eb_ain2
A,C,GE10,E_AI_TANY,PC_ENT,HU21,2024,5.87,isoc_r_eb_ain2
A,C,GE10,E_AI_TANY,PC_ENT,HU21,2025,8.09,isoc_r_eb_ain2
A,C,GE10,E_AI_TANY,PC_ENT,HU22,2023,5.52,isoc_r_eb_ain2
A,C,GE10,E_AI_TANY,PC_ENT,HU22,2024,4.99,isoc_r_eb_ain2
A,C,GE10,E_AI_TANY,PC_ENT,HU22,2025,10.24,isoc_r_eb_ain2
A,C,GE10,E_AI_TANY,PC_ENT,HU23,2023,6.32,isoc_r_eb_ain2
A,C,GE10,E_AI_TANY,PC_ENT,HU23,2024,5.62,isoc_r_eb_ain2
A,C,GE10,E_AI_TANY,PC_ENT,HU23,2025,7.04,isoc_r_eb_ain2
A,C,GE10,E_AI_TANY,PC_ENT,HU31,2023,2.9,isoc_r_eb_ain2
A,C,GE10,E_AI_TANY,PC_ENT,HU31,2024,4.55,isoc_r_eb_ain2
A,C,GE10,E_AI_TANY,PC_ENT,HU31,2025,4.95,isoc_r_eb_ain2
A,C,GE10,E_AI_TANY,PC_ENT,HU32,2023,3.08,isoc_r_eb_ain2
A,C,GE10,E_AI_TANY,PC_ENT,HU32,2024,5.02,isoc_r_eb_ain2
A,C,GE10,E_AI_TANY,PC_ENT,HU32,2025,5.85,isoc_r_eb_ain2
A,C,GE10,E_AI_TANY,PC_ENT,HU33,2023,4.07,isoc_r_eb_ain2
A,C,GE10,E_AI_TANY,PC_ENT,HU33,2024,2.68,isoc_r_eb_ain2
A,C,GE10,E_AI_TANY,PC_ENT,HU33,2025,7.63,isoc_r_eb_ain2
A,C,GE10,E_AI_TANY,PC_ENT,LT01,2024,10.99,isoc_r_eb_ain2
A,C,GE10,E_AI_TANY,PC_ENT,LT01,2025,19.92,isoc_r_eb_ain2
A,C,GE10,E_AI_TANY,PC_ENT,LT02,2024,8.05,isoc_r_eb_ain2
A,C,GE10,E_AI_TANY,PC_ENT,LT02,2025,18.9,isoc_r_eb_ain2
A,C,GE10,E_AI_TANY,PC_ENT,NO02,2023,4.53,isoc_r_eb_ain2
A,C,GE10,E_AI_TANY,PC_ENT,NO02,2024,13.47,isoc_r_eb_ain2
A,C,GE10,E_AI_TANY,PC_ENT,NO02,2025,30.2,isoc_r_eb_ain2
A,C,GE10,E_AI_TANY,PC_ENT,NO06,2023,10.99,isoc_r_eb_ain2
A,C,GE10,E_AI_TANY,PC_ENT,NO06,2024,16.33,isoc_r_eb_ain2
A,C,GE10,E_AI_TANY,PC_ENT,NO06,2025,25.98,isoc_r_eb_ain2
A,C,GE10,E_AI_TANY,PC_ENT,NO07,2023,8.18,isoc_r_eb_ain2
A,C,GE10,E_AI_TANY,PC_ENT,NO07,2024,11.0,isoc_r_eb_ain2
A,C,GE10,E_AI_TANY,PC_ENT,NO07,2025,20.64,isoc_r_eb_ain2
A,C,GE10,E_AI_TANY,PC_ENT,NO08,2023,9.12,isoc_r_eb_ain2
A,C,GE10,E_AI_TANY,PC_ENT,NO08,2024,20.58,isoc_r_eb_ain2
A,C,GE10,E_AI_TANY,PC_ENT,NO08,2025,28.07,isoc_r_eb_ain2
A,C,GE10,E_AI_TANY,PC_ENT,NO09,2023,9.01,isoc_r_eb_ain2
A,C,GE10,E_AI_TANY,PC_ENT,NO09,2024,11.71,isoc_r_eb_ain2
A,C,GE10,E_AI_TANY,PC_ENT,NO09,2025,23.86,isoc_r_eb_ain2
A,C,GE10,E_AI_TANY,PC_ENT,NO0A,2023,7.72,isoc_r_eb_ain2
A,C,GE10,E_AI_TANY,PC_ENT,NO0A,2024,12.69,isoc_r_eb_ain2
A,C,GE10,E_AI_TANY,PC_ENT,NO0A,2025,26.07,isoc_r_eb_ain2
A,C,GE10,E_AI_TANY,PC_ENT,PL21,2025,7.49,isoc_r_eb_ain2
A,C,GE10,E_AI_TANY,PC_ENT,PL22,2025,7.16,isoc_r_eb_ain2
A,C,GE10,E_AI_TANY,PC_ENT,PL41,2025,9.29,isoc_r_eb_ain2
A,C,GE10,E_AI_TANY,PC_ENT,PL42,2025,6.53,isoc_r_eb_ain2
A,C,GE10,E_AI_TANY,PC_ENT,PL43,2025,8.09,isoc_r_eb_ain2
A,C,GE10,E_AI_TANY,PC_ENT,PL51,2025,7.82,isoc_r_eb_ain2
A,C,GE10,E_AI_TANY,PC_ENT,PL52,2025,9.82,isoc_r_eb_ain2
A,C,GE10,E_AI_TANY,PC_ENT,PL61,2025,6.89,isoc_r_eb_ain2
A,C,GE10,E_AI_TANY,PC_ENT,PL62,2025,2.94,isoc_r_eb_ain2
A,C,GE10,E_AI_TANY,PC_ENT,PL63,2025,8.88,isoc_r_eb_ain2
A,C,GE10,E_AI_TANY,PC_ENT,PL71,2025,6.27,isoc_r_eb_ain2
A,C,GE10,E_AI_TANY,PC_ENT,PL72,2025,6.3,isoc_r_eb_ain2
A,C,GE10,E_AI_TANY,PC_ENT,PL81,2025,6.37,isoc_r_eb_ain2
A,C,GE10,E_AI_TANY,PC_ENT,PL82,2025,7.04,isoc_r_eb_ain2
A,C,GE10,E_AI_TANY,PC_ENT,PL84,2025,3.45,isoc_r_eb_ain2
A,C,GE10,E_AI_TANY,PC_ENT,PL91,2025,13.91,isoc_r_eb_ain2
A,C,GE10,E_AI_TANY,PC_ENT,PL92,2025,6.01,isoc_r_eb_ain2
A,C,GE10,E_AI_TANY,PC_ENT,RO11,2023,0.74,isoc_r_eb_ain2
A,C,GE10,E_AI_TANY,PC_ENT,RO12,2023,2.29,isoc_r_eb_ain2
A,C,GE10,E_AI_TANY,PC_ENT,RO21,2023,0.25,isoc_r_eb_ain2
A,C,GE10,E_AI_TANY,PC_ENT,RO22,2023,0.18,isoc_r_eb_ain2
A,C,GE10,E_AI_TANY,PC_ENT,RO31,2023,3.32,isoc_r_eb_ain2
A,C,GE10,E_AI_TANY,PC_ENT,RO32,2023,2.57,isoc_r_eb_ain2
A,C,GE10,E_AI_TANY,PC_ENT,RO41,2023,0.13,isoc_r_eb_ain2
A,C,GE10,E_AI_TANY,PC_ENT,RO42,2023,0.33,isoc_r_eb_ain2
A,C,GE10,E_AI_TANY,PC_ENT,SE12,2025,29.28,isoc_r_eb_ain2
A,C,GE10,E_AI_TANY,PC_ENT,SE22,2025,34.86,isoc_r_eb_ain2
A,C,GE10,E_AI_TANY,PC_ENT,SE23,2025,36.62,isoc_r_eb_ain2
A,C,GE10,E_AI_TANY,PC_ENT,SE31,2025,17.75,isoc_r_eb_ain2
A,C,GE10,E_AI_TANY,PC_ENT,SE32,2025,19.37,isoc_r_eb_ain2
A,C,GE10,E_AI_TANY,PC_ENT,SI03,2023,12.65,isoc_r_eb_ain2
A,C,GE10,E_AI_TANY,PC_ENT,SI03,2024,20.85,isoc_r_eb_ain2
A,C,GE10,E_AI_TANY,PC_ENT,SI03,2025,21.62,isoc_r_eb_ain2
A,C,GE10,E_AI_TANY,PC_ENT,SI04,2023,11.88,isoc_r_eb_ain2
A,C,GE10,E_AI_TANY,PC_ENT,SI04,2024,22.83,isoc_r_eb_ain2
A,C,GE10,E_AI_TANY,PC_ENT,SI04,2025,24.56,isoc_r_eb_ain2
A,C,GE10,E_AI_TANY,PC_ENT,SK01,2023,11.33,isoc_r_eb_ain2
A,C,GE10,E_AI_TANY,PC_ENT,SK01,2024,17.14,isoc_r_eb_ain2
A,C,GE10,E_AI_TANY,PC_ENT,SK01,2025,26.33,isoc_r_eb_ain2
A,C,GE10,E_AI_TANY,PC_ENT,SK02,2023,3.98,isoc_r_eb_ain2
A,C,GE10,E_AI_TANY,PC_ENT,SK02,2024,7.63,isoc_r_eb_ain2
A,C,GE10,E_AI_TANY,PC_ENT,SK02,2025,14.9,isoc_r_eb_ain2
A,C,GE10,E_AI_TANY,PC_ENT,SK03,2023,6.18,isoc_r_eb_ain2
A,C,GE10,E_AI_TANY,PC_ENT,SK03,2024,7.14,isoc_r_eb_ain2
A,C,GE10,E_AI_TANY,PC_ENT,SK03,2025,17.01,isoc_r_eb_ain2
A,C,GE10,E_AI_TANY,PC_ENT,SK04,2023,6.56,isoc_r_eb_ain2
A,C,GE10,E_AI_TANY,PC_ENT,SK04,2024,5.35,isoc_r_eb_ain2
A,C,GE10,E_AI_TANY,PC_ENT,SK04,2025,9.98,isoc_r_eb_ain2
A,C,GE10,E_INV4S_AP,PC_ENT,AT11,2023,25.63,isoc_r_eb_icsn2
A,C,GE10,E_INV4S_AP,PC_ENT,AT12,2023,26.57,isoc_r_eb_icsn2
A,C,GE10,E_INV4S_AP,PC_ENT,AT13,2023,34.26,isoc_r_eb_icsn2
A,C,GE10,E_INV4S_AP,PC_ENT,AT21,2023,25.51,isoc_r_eb_icsn2
A,C,GE10,E_INV4S_AP,PC_ENT,AT22,2023,25.73,isoc_r_eb_icsn2
A,C,GE10,E_INV4S_AP,PC_ENT,AT31,2023,28.85,isoc_r_eb_icsn2
A,C,GE10,E_INV4S_AP,PC_ENT,AT34,2023,23.34,isoc_r_eb_icsn2
A,C,GE10,E_INV4S_AP,PC_ENT,BG31,2023,9.2,isoc_r_eb_icsn2
A,C,GE10,E_INV4S_AP,PC_ENT,BG32,2023,10.35,isoc_r_eb_icsn2
A,C,GE10,E_INV4S_AP,PC_ENT,BG33,2023,7.9,isoc_r_eb_icsn2
A,C,GE10,E_INV4S_AP,PC_ENT,BG34,2023,12.84,isoc_r_eb_icsn2
A,C,GE10,E_INV4S_AP,PC_ENT,BG41,2023,16.34,isoc_r_eb_icsn2
A,C,GE10,E_INV4S_AP,PC_ENT,BG42,2023,14.53,isoc_r_eb_icsn2
A,C,GE10,E_INV4S_AP,PC_ENT,DK01,2023,53.09,isoc_r_eb_icsn2
A,C,GE10,E_INV4S_AP,PC_ENT,DK02,2023,51.36,isoc_r_eb_icsn2
A,C,GE10,E_INV4S_AP,PC_ENT,DK03,2023,54.99,isoc_r_eb_icsn2
A,C,GE10,E_INV4S_AP,PC_ENT,DK04,2023,48.82,isoc_r_eb_icsn2
A,C,GE10,E_INV4S_AP,PC_ENT,DK05,2023,63.56,isoc_r_eb_icsn2
A,C,GE10,E_INV4S_AP,PC_ENT,ES11,2023,39.47,isoc_r_eb_icsn2
A,C,GE10,E_INV4S_AP,PC_ENT,ES12,2023,51.24,isoc_r_eb_icsn2
A,C,GE10,E_INV4S_AP,PC_ENT,ES13,2023,46.92,isoc_r_eb_icsn2
A,C,GE10,E_INV4S_AP,PC_ENT,ES21,2023,44.31,isoc_r_eb_icsn2
A,C,GE10,E_INV4S_AP,PC_ENT,ES22,2023,41.85,isoc_r_eb_icsn2
A,C,GE10,E_INV4S_AP,PC_ENT,ES23,2023,35.46,isoc_r_eb_icsn2
A,C,GE10,E_INV4S_AP,PC_ENT,ES24,2023,36.84,isoc_r_eb_icsn2
A,C,GE10,E_INV4S_AP,PC_ENT,ES30,2023,33.35,isoc_r_eb_icsn2
A,C,GE10,E_INV4S_AP,PC_ENT,ES41,2023,42.3,isoc_r_eb_icsn2
A,C,GE10,E_INV4S_AP,PC_ENT,ES42,2023,38.62,isoc_r_eb_icsn2
A,C,GE10,E_INV4S_AP,PC_ENT,ES43,2023,42.75,isoc_r_eb_icsn2
A,C,GE10,E_INV4S_AP,PC_ENT,ES51,2023,36.31,isoc_r_eb_icsn2
A,C,GE10,E_INV4S_AP,PC_ENT,ES52,2023,32.3,isoc_r_eb_icsn2
A,C,GE10,E_INV4S_AP,PC_ENT,ES53,2023,41.3,isoc_r_eb_icsn2
A,C,GE10,E_INV4S_AP,PC_ENT,ES61,2023,31.25,isoc_r_eb_icsn2
A,C,GE10,E_INV4S_AP,PC_ENT,ES62,2023,32.57,isoc_r_eb_icsn2
A,C,GE10,E_INV4S_AP,PC_ENT,ES63,2023,90.0,isoc_r_eb_icsn2
A,C,GE10,E_INV4S_AP,PC_ENT,ES64,2023,50.0,isoc_r_eb_icsn2
A,C,GE10,E_INV4S_AP,PC_ENT,ES70,2023,42.13,isoc_r_eb_icsn2
A,C,GE10,E_INV4S_AP,PC_ENT,HR02,2023,37.79,isoc_r_eb_icsn2
A,C,GE10,E_INV4S_AP,PC_ENT,HR03,2023,51.96,isoc_r_eb_icsn2
A,C,GE10,E_INV4S_AP,PC_ENT,HR05,2023,62.45,isoc_r_eb_icsn2
A,C,GE10,E_INV4S_AP,PC_ENT,HR06,2023,40.81,isoc_r_eb_icsn2
A,C,GE10,E_INV4S_AP,PC_ENT,HU11,2023,22.81,isoc_r_eb_icsn2
A,C,GE10,E_INV4S_AP,PC_ENT,HU12,2023,28.84,isoc_r_eb_icsn2
A,C,GE10,E_INV4S_AP,PC_ENT,HU21,2023,26.81,isoc_r_eb_icsn2
A,C,GE10,E_INV4S_AP,PC_ENT,HU22,2023,26.83,isoc_r_eb_icsn2
A,C,GE10,E_INV4S_AP,PC_ENT,HU23,2023,25.61,isoc_r_eb_icsn2
A,C,GE10,E_INV4S_AP,PC_ENT,HU31,2023,24.37,isoc_r_eb_icsn2
A,C,GE10,E_INV4S_AP,PC_ENT,HU32,2023,20.63,isoc_r_eb_icsn2
A,C,GE10,E_INV4S_AP,PC_ENT,HU33,2023,26.96,isoc_r_eb_icsn2
A,C,GE10,E_INV4S_AP,PC_ENT,LT01,2023,32.55,isoc_r_eb_icsn2
A,C,GE10,E_INV4S_AP,PC_ENT,LT02,2023,25.19,isoc_r_eb_icsn2
A,C,GE10,E_INV4S_AP,PC_ENT,NO02,2023,76.1,isoc_r_eb_icsn2
A,C,GE10,E_INV4S_AP,PC_ENT,NO06,2023,88.15,isoc_r_eb_icsn2
A,C,GE10,E_INV4S_AP,PC_ENT,NO07,2023,81.49,isoc_r_eb_icsn2
A,C,GE10,E_INV4S_AP,PC_ENT,NO08,2023,78.61,isoc_r_eb_icsn2
A,C,GE10,E_INV4S_AP,PC_ENT,NO09,2023,73.98,isoc_r_eb_icsn2
A,C,GE10,E_INV4S_AP,PC_ENT,NO0A,2023,74.94,isoc_r_eb_icsn2
A,C,GE10,E_INV4S_AP,PC_ENT,RO11,2023,38.11,isoc_r_eb_icsn2
A,C,GE10,E_INV4S_AP,PC_ENT,RO12,2023,41.98,isoc_r_eb_icsn2
A,C,GE10,E_INV4S_AP,PC_ENT,RO21,2023,39.17,isoc_r_eb_icsn2
A,C,GE10,E_INV4S_AP,PC_ENT,RO22,2023,25.21,isoc_r_eb_icsn2
A,C,GE10,E_INV4S_AP,PC_ENT,RO31,2023,38.59,isoc_r_eb_icsn2
A,C,GE10,E_INV4S_AP,PC_ENT,RO32,2023,30.58,isoc_r_eb_icsn2
A,C,GE10,E_INV4S_AP,PC_ENT,RO41,2023,31.9,isoc_r_eb_icsn2
A,C,GE10,E_INV4S_AP,PC_ENT,RO42,2023,39.01,isoc_r_eb_icsn2
A,C,GE10,E_INV4S_AP,PC_ENT,SI03,2023,54.26,isoc_r_eb_icsn2
A,C,GE10,E_INV4S_AP,PC_ENT,SI04,2023,63.14,isoc_r_eb_icsn2
A,C,GE10,E_INV4S_AP,PC_ENT,SK01,2023,29.97,isoc_r_eb_icsn2
A,C,GE10,E_INV4S_AP,PC_ENT,SK02,2023,19.5,isoc_r_eb_icsn2
A,C,GE10,E_INV4S_AP,PC_ENT,SK03,2023,25.93,isoc_r_eb_icsn2
A,C,GE10,E_INV4S_AP,PC_ENT,SK04,2023,27.2,isoc_r_eb_icsn2
A,C,GE10,E_BSANY,PC_ENT,AT12,2023,59.66,isoc_r_eb_iipn2
A,C,GE10,E_BSANY,PC_ENT,AT12,2025,59.27,isoc_r_eb_iipn2
A,C,GE10,E_BSANY,PC_ENT,AT22,2023,59.39,isoc_r_eb_iipn2
A,C,GE10,E_BSANY,PC_ENT,AT22,2025,55.83,isoc_r_eb_iipn2
A,C,GE10,E_BSANY,PC_ENT,AT31,2023,67.59,isoc_r_eb_iipn2
A,C,GE10,E_BSANY,PC_ENT,AT31,2025,65.65,isoc_r_eb_iipn2
A,C,GE10,E_BSANY,PC_ENT,BG31,2025,23.74,isoc_r_eb_iipn2
A,C,GE10,E_BSANY,PC_ENT,BG32,2025,22.63,isoc_r_eb_iipn2
A,C,GE10,E_BSANY,PC_ENT,BG33,2025,28.78,isoc_r_eb_iipn2
A,C,GE10,E_BSANY,PC_ENT,BG34,2025,23.38,isoc_r_eb_iipn2
A,C,GE10,E_BSANY,PC_ENT,BG41,2025,34.68,isoc_r_eb_iipn2
A,C,GE10,E_BSANY,PC_ENT,BG42,2025,27.12,isoc_r_eb_iipn2
A,C,GE10,E_BSANY,PC_ENT,CZ01,2025,65.2,isoc_r_eb_iipn2
A,C,GE10,E_BSANY,PC_ENT,CZ02,2025,65.54,isoc_r_eb_iipn2
A,C,GE10,E_BSANY,PC_ENT,CZ03,2025,66.33,isoc_r_eb_iipn2
A,C,GE10,E_BSANY,PC_ENT,CZ04,2025,63.54,isoc_r_eb_iipn2
A,C,GE10,E_BSANY,PC_ENT,CZ05,2025,61.33,isoc_r_eb_iipn2
A,C,GE10,E_BSANY,PC_ENT,CZ06,2025,64.87,isoc_r_eb_iipn2
A,C,GE10,E_BSANY,PC_ENT,CZ07,2025,69.21,isoc_r_eb_iipn2
A,C,GE10,E_BSANY,PC_ENT,CZ08,2025,61.2,isoc_r_eb_iipn2
A,C,GE10,E_BSANY,PC_ENT,DK01,2025,70.8,isoc_r_eb_iipn2
A,C,GE10,E_BSANY,PC_ENT,DK02,2025,82.31,isoc_r_eb_iipn2
A,C,GE10,E_BSANY,PC_ENT,DK03,2025,75.82,isoc_r_eb_iipn2
A,C,GE10,E_BSANY,PC_ENT,DK04,2025,86.94,isoc_r_eb_iipn2
A,C,GE10,E_BSANY,PC_ENT,DK05,2025,74.02,isoc_r_eb_iipn2
A,C,GE10,E_BSANY,PC_ENT,ES11,2023,60.05,isoc_r_eb_iipn2
A,C,GE10,E_BSANY,PC_ENT,ES11,2025,65.13,isoc_r_eb_iipn2
A,C,GE10,E_BSANY,PC_ENT,ES12,2023,68.1,isoc_r_eb_iipn2
A,C,GE10,E_BSANY,PC_ENT,ES12,2025,62.34,isoc_r_eb_iipn2
A,C,GE10,E_BSANY,PC_ENT,ES13,2023,52.77,isoc_r_eb_iipn2
A,C,GE10,E_BSANY,PC_ENT,ES13,2025,66.69,isoc_r_eb_iipn2
A,C,GE10,E_BSANY,PC_ENT,ES21,2023,80.72,isoc_r_eb_iipn2
A,C,GE10,E_BSANY,PC_ENT,ES21,2025,81.79,isoc_r_eb_iipn2
A,C,GE10,E_BSANY,PC_ENT,ES22,2023,72.44,isoc_r_eb_iipn2
A,C,GE10,E_BSANY,PC_ENT,ES22,2025,81.72,isoc_r_eb_iipn2
A,C,GE10,E_BSANY,PC_ENT,ES23,2023,64.0,isoc_r_eb_iipn2
A,C,GE10,E_BSANY,PC_ENT,ES23,2025,71.78,isoc_r_eb_iipn2
A,C,GE10,E_BSANY,PC_ENT,ES24,2023,67.23,isoc_r_eb_iipn2
A,C,GE10,E_BSANY,PC_ENT,ES24,2025,86.83,isoc_r_eb_iipn2
A,C,GE10,E_BSANY,PC_ENT,ES30,2023,62.7,isoc_r_eb_iipn2
A,C,GE10,E_BSANY,PC_ENT,ES30,2025,74.09,isoc_r_eb_iipn2
A,C,GE10,E_BSANY,PC_ENT,ES41,2023,57.01,isoc_r_eb_iipn2
A,C,GE10,E_BSANY,PC_ENT,ES41,2025,66.97,isoc_r_eb_iipn2
A,C,GE10,E_BSANY,PC_ENT,ES42,2023,61.31,isoc_r_eb_iipn2
A,C,GE10,E_BSANY,PC_ENT,ES42,2025,68.96,isoc_r_eb_iipn2
A,C,GE10,E_BSANY,PC_ENT,ES43,2023,55.98,isoc_r_eb_iipn2
A,C,GE10,E_BSANY,PC_ENT,ES43,2025,63.8,isoc_r_eb_iipn2
A,C,GE10,E_BSANY,PC_ENT,ES51,2023,73.8,isoc_r_eb_iipn2
A,C,GE10,E_BSANY,PC_ENT,ES51,2025,80.96,isoc_r_eb_iipn2
A,C,GE10,E_BSANY,PC_ENT,ES52,2023,55.95,isoc_r_eb_iipn2
A,C,GE10,E_BSANY,PC_ENT,ES52,2025,69.67,isoc_r_eb_iipn2
A,C,GE10,E_BSANY,PC_ENT,ES53,2023,60.37,isoc_r_eb_iipn2
A,C,GE10,E_BSANY,PC_ENT,ES53,2025,41.75,isoc_r_eb_iipn2
A,C,GE10,E_BSANY,PC_ENT,ES61,2023,57.01,isoc_r_eb_iipn2
A,C,GE10,E_BSANY,PC_ENT,ES61,2025,57.94,isoc_r_eb_iipn2
A,C,GE10,E_BSANY,PC_ENT,ES62,2023,62.94,isoc_r_eb_iipn2
A,C,GE10,E_BSANY,PC_ENT,ES62,2025,62.18,isoc_r_eb_iipn2
A,C,GE10,E_BSANY,PC_ENT,ES63,2023,60.0,isoc_r_eb_iipn2
A,C,GE10,E_BSANY,PC_ENT,ES63,2025,71.43,isoc_r_eb_iipn2
A,C,GE10,E_BSANY,PC_ENT,ES64,2023,0.0,isoc_r_eb_iipn2
A,C,GE10,E_BSANY,PC_ENT,ES64,2025,33.33,isoc_r_eb_iipn2
A,C,GE10,E_BSANY,PC_ENT,ES70,2023,57.99,isoc_r_eb_iipn2
A,C,GE10,E_BSANY,PC_ENT,ES70,2025,66.11,isoc_r_eb_iipn2
A,C,GE10,E_BSANY,PC_ENT,HR02,2023,32.0,isoc_r_eb_iipn2
A,C,GE10,E_BSANY,PC_ENT,HR02,2025,30.99,isoc_r_eb_iipn2
A,C,GE10,E_BSANY,PC_ENT,HR03,2023,32.14,isoc_r_eb_iipn2
A,C,GE10,E_BSANY,PC_ENT,HR03,2025,26.22,isoc_r_eb_iipn2
A,C,GE10,E_BSANY,PC_ENT,HR05,2023,38.61,isoc_r_eb_iipn2
A,C,GE10,E_BSANY,PC_ENT,HR05,2025,41.6,isoc_r_eb_iipn2
A,C,GE10,E_BSANY,PC_ENT,HR06,2023,37.18,isoc_r_eb_iipn2
A,C,GE10,E_BSANY,PC_ENT,HR06,2025,33.4,isoc_r_eb_iipn2
A,C,GE10,E_BSANY,PC_ENT,HU11,2023,48.56,isoc_r_eb_iipn2
A,C,GE10,E_BSANY,PC_ENT,HU11,2025,40.6,isoc_r_eb_iipn2
A,C,GE10,E_BSANY,PC_ENT,HU12,2023,44.49,isoc_r_eb_iipn2
A,C,GE10,E_BSANY,PC_ENT,HU12,2025,41.4,isoc_r_eb_iipn2
A,C,GE10,E_BSANY,PC_ENT,HU21,2023,51.29,isoc_r_eb_iipn2
A,C,GE10,E_BSANY,PC_ENT,HU21,2025,44.46,isoc_r_eb_iipn2
A,C,GE10,E_BSANY,PC_ENT,HU22,2023,46.42,isoc_r_eb_iipn2
A,C,GE10,E_BSANY,PC_ENT,HU22,2025,42.23,isoc_r_eb_iipn2
A,C,GE10,E_BSANY,PC_ENT,HU23,2023,38.75,isoc_r_eb_iipn2
A,C,GE10,E_BSANY,PC_ENT,HU23,2025,41.04,isoc_r_eb_iipn2
A,C,GE10,E_BSANY,PC_ENT,HU31,2023,47.83,isoc_r_eb_iipn2
A,C,GE10,E_BSANY,PC_ENT,HU31,2025,51.82,isoc_r_eb_iipn2
A,C,GE10,E_BSANY,PC_ENT,HU32,2023,41.61,isoc_r_eb_iipn2
A,C,GE10,E_BSANY,PC_ENT,HU32,2025,33.73,isoc_r_eb_iipn2
A,C,GE10,E_BSANY,PC_ENT,HU33,2023,37.59,isoc_r_eb_iipn2
A,C,GE10,E_BSANY,PC_ENT,HU33,2025,35.21,isoc_r_eb_iipn2
A,C,GE10,E_BSANY,PC_ENT,LT01,2025,57.94,isoc_r_eb_iipn2
A,C,GE10,E_BSANY,PC_ENT,LT02,2025,48.72,isoc_r_eb_iipn2
A,C,GE10,E_BSANY,PC_ENT,NO02,2023,68.95,isoc_r_eb_iipn2
A,C,GE10,E_BSANY,PC_ENT,NO02,2025,62.64,isoc_r_eb_iipn2
A,C,GE10,E_BSANY,PC_ENT,NO06,2023,59.52,isoc_r_eb_iipn2
A,C,GE10,E_BSANY,PC_ENT,NO06,2025,65.14,isoc_r_eb_iipn2
A,C,GE10,E_BSANY,PC_ENT,NO07,2023,40.31,isoc_r_eb_iipn2
A,C,GE10,E_BSANY,PC_ENT,NO07,2025,42.28,isoc_r_eb_iipn2
A,C,GE10,E_BSANY,PC_ENT,NO08,2023,62.57,isoc_r_eb_iipn2
A,C,GE10,E_BSANY,PC_ENT,NO08,2025,64.22,isoc_r_eb_iipn2
A,C,GE10,E_BSANY,PC_ENT,NO09,2023,59.91,isoc_r_eb_iipn2
A,C,GE10,E_BSANY,PC_ENT,NO09,2025,47.54,isoc_r_eb_iipn2
A,C,GE10,E_BSANY,PC_ENT,NO0A,2023,58.19,isoc_r_eb_iipn2
A,C,GE10,E_BSANY,PC_ENT,NO0A,2025,59.68,isoc_r_eb_iipn2
A,C,GE10,E_BSANY,PC_ENT,PL21,2025,46.25,isoc_r_eb_iipn2
A,C,GE10,E_BSANY,PC_ENT,PL22,2025,44.93,isoc_r_eb_iipn2
A,C,GE10,E_BSANY,PC_ENT,PL41,2025,41.05,isoc_r_eb_iipn2
A,C,GE10,E_BSANY,PC_ENT,PL42,2025,37.83,isoc_r_eb_iipn2
A,C,GE10,E_BSANY,PC_ENT,PL43,2025,45.76,isoc_r_eb_iipn2
A,C,GE10,E_BSANY,PC_ENT,PL51,2025,45.48,isoc_r_eb_iipn2
A,C,GE10,E_BSANY,PC_ENT,PL52,2025,46.03,isoc_r_eb_iipn2
A,C,GE10,E_BSANY,PC_ENT,PL61,2025,39.03,isoc_r_eb_iipn2
A,C,GE10,E_BSANY,PC_ENT,PL62,2025,35.55,isoc_r_eb_iipn2
A,C,GE10,E_BSANY,PC_ENT,PL63,2025,43.15,isoc_r_eb_iipn2
A,C,GE10,E_BSANY,PC_ENT,PL71,2025,42.65,isoc_r_eb_iipn2
A,C,GE10,E_BSANY,PC_ENT,PL72,2025,39.54,isoc_r_eb_iipn2
A,C,GE10,E_BSANY,PC_ENT,PL81,2025,36.71,isoc_r_eb_iipn2
A,C,GE10,E_BSANY,PC_ENT,PL82,2025,46.07,isoc_r_eb_iipn2
A,C,GE10,E_BSANY,PC_ENT,PL84,2025,44.25,isoc_r_eb_iipn2
A,C,GE10,E_BSANY,PC_ENT,PL91,2025,48.49,isoc_r_eb_iipn2
A,C,GE10,E_BSANY,PC_ENT,PL92,2025,38.93,isoc_r_eb_iipn2
A,C,GE10,E_BSANY,PC_ENT,RO11,2023,26.97,isoc_r_eb_iipn2
A,C,GE10,E_BSANY,PC_ENT,RO12,2023,21.83,isoc_r_eb_iipn2
A,C,GE10,E_BSANY,PC_ENT,RO21,2023,32.18,isoc_r_eb_iipn2
A,C,GE10,E_BSANY,PC_ENT,RO22,2023,14.37,isoc_r_eb_iipn2
A,C,GE10,E_BSANY,PC_ENT,RO31,2023,20.07,isoc_r_eb_iipn2
A,C,GE10,E_BSANY,PC_ENT,RO32,2023,44.24,isoc_r_eb_iipn2
A,C,GE10,E_BSANY,PC_ENT,RO41,2023,16.88,isoc_r_eb_iipn2
A,C,GE10,E_BSANY,PC_ENT,RO42,2023,25.56,isoc_r_eb_iipn2
A,C,GE10,E_BSANY,PC_ENT,SE12,2025,57.2,isoc_r_eb_iipn2
A,C,GE10,E_BSANY,PC_ENT,SE21,2025,62.84,isoc_r_eb_iipn2
A,C,GE10,E_BSANY,PC_ENT,SE22,2025,62.84,isoc_r_eb_iipn2
A,C,GE10,E_BSANY,PC_ENT,SE23,2025,51.72,isoc_r_eb_iipn2
A,C,GE10,E_BSANY,PC_ENT,SI03,2023,46.42,isoc_r_eb_iipn2
A,C,GE10,E_BSANY,PC_ENT,SI03,2025,35.78,isoc_r_eb_iipn2
A,C,GE10,E_BSANY,PC_ENT,SI04,2023,54.27,isoc_r_eb_iipn2
A,C,GE10,E_BSANY,PC_ENT,SI04,2025,59.11,isoc_r_eb_iipn2
A,C,GE10,E_BSANY,PC_ENT,SK01,2023,35.71,isoc_r_eb_iipn2
A,C,GE10,E_BSANY,PC_ENT,SK01,2025,44.43,isoc_r_eb_iipn2
A,C,GE10,E_BSANY,PC_ENT,SK02,2023,39.6,isoc_r_eb_iipn2
A,C,GE10,E_BSANY,PC_ENT,SK02,2025,42.53,isoc_r_eb_iipn2
A,C,GE10,E_BSANY,PC_ENT,SK03,2023,32.18,isoc_r_eb_iipn2
A,C,GE10,E_BSANY,PC_ENT,SK03,2025,43.52,isoc_r_eb_iipn2
A,C,GE10,E_BSANY,PC_ENT,SK04,2023,38.47,isoc_r_eb_iipn2
A,C,GE10,E_BSANY,PC_ENT,SK04,2025,28.63,isoc_r_eb_iipn2
A,C,GE10,E_AWSELL,PC_ENT,AT11,2023,8.32,isoc_r_ec_eseln2
A,C,GE10,E_AWSELL,PC_ENT,AT12,2023,14.98,isoc_r_ec_eseln2
A,C,GE10,E_AWSELL,PC_ENT,AT12,2024,17.3,isoc_r_ec_eseln2
A,C,GE10,E_AWSELL,PC_ENT,AT12,2025,20.56,isoc_r_ec_eseln2
A,C,GE10,E_AWSELL,PC_ENT,AT13,2023,26.02,isoc_r_ec_eseln2
A,C,GE10,E_AWSELL,PC_ENT,AT13,2025,22.16,isoc_r_ec_eseln2
A,C,GE10,E_AWSELL,PC_ENT,AT21,2023,17.17,isoc_r_ec_eseln2
A,C,GE10,E_AWSELL,PC_ENT,AT21,2025,23.79,isoc_r_ec_eseln2
A,C,GE10,E_AWSELL,PC_ENT,AT22,2023,14.53,isoc_r_ec_eseln2
A,C,GE10,E_AWSELL,PC_ENT,AT22,2024,23.31,isoc_r_ec_eseln2
A,C,GE10,E_AWSELL,PC_ENT,AT22,2025,16.62,isoc_r_ec_eseln2
A,C,GE10,E_AWSELL,PC_ENT,AT31,2023,15.6,isoc_r_ec_eseln2
A,C,GE10,E_AWSELL,PC_ENT,AT31,2024,19.83,isoc_r_ec_eseln2
A,C,GE10,E_AWSELL,PC_ENT,AT31,2025,18.25,isoc_r_ec_eseln2
A,C,GE10,E_AWSELL,PC_ENT,AT32,2023,17.83,isoc_r_ec_eseln2
A,C,GE10,E_AWSELL,PC_ENT,AT32,2024,31.94,isoc_r_ec_eseln2
A,C,GE10,E_AWSELL,PC_ENT,AT33,2025,17.37,isoc_r_ec_eseln2
A,C,GE10,E_AWSELL,PC_ENT,AT34,2023,20.79,isoc_r_ec_eseln2
A,C,GE10,E_AWSELL,PC_ENT,AT34,2025,23.15,isoc_r_ec_eseln2
A,C,GE10,E_AWSELL,PC_ENT,BG31,2023,7.15,isoc_r_ec_eseln2
A,C,GE10,E_AWSELL,PC_ENT,BG31,2024,9.23,isoc_r_ec_eseln2
A,C,GE10,E_AWSELL,PC_ENT,BG31,2025,2.04,isoc_r_ec_eseln2
A,C,GE10,E_AWSELL,PC_ENT,BG32,2023,9.58,isoc_r_ec_eseln2
A,C,GE10,E_AWSELL,PC_ENT,BG32,2024,5.68,isoc_r_ec_eseln2
A,C,GE10,E_AWSELL,PC_ENT,BG32,2025,10.32,isoc_r_ec_eseln2
A,C,GE10,E_AWSELL,PC_ENT,BG33,2023,9.37,isoc_r_ec_eseln2
A,C,GE10,E_AWSELL,PC_ENT,BG33,2024,7.92,isoc_r_ec_eseln2
A,C,GE10,E_AWSELL,PC_ENT,BG33,2025,8.16,isoc_r_ec_eseln2
A,C,GE10,E_AWSELL,PC_ENT,BG34,2023,8.92,isoc_r_ec_eseln2
A,C,GE10,E_AWSELL,PC_ENT,BG34,2024,3.24,isoc_r_ec_eseln2
A,C,GE10,E_AWSELL,PC_ENT,BG34,2025,6.62,isoc_r_ec_eseln2
A,C,GE10,E_AWSELL,PC_ENT,BG41,2023,7.06,isoc_r_ec_eseln2
A,C,GE10,E_AWSELL,PC_ENT,BG41,2024,7.95,isoc_r_ec_eseln2
A,C,GE10,E_AWSELL,PC_ENT,BG41,2025,10.31,isoc_r_ec_eseln2
A,C,GE10,E_AWSELL,PC_ENT,BG42,2023,7.21,isoc_r_ec_eseln2
A,C,GE10,E_AWSELL,PC_ENT,BG42,2024,11.67,isoc_r_ec_eseln2
A,C,GE10,E_AWSELL,PC_ENT,BG42,2025,10.13,isoc_r_ec_eseln2
A,C,GE10,E_AWSELL,PC_ENT,CZ01,2025,27.21,isoc_r_ec_eseln2
A,C,GE10,E_AWSELL,PC_ENT,CZ02,2025,12.51,isoc_r_ec_eseln2
A,C,GE10,E_AWSELL,PC_ENT,CZ03,2025,12.86,isoc_r_ec_eseln2
A,C,GE10,E_AWSELL,PC_ENT,CZ04,2025,14.39,isoc_r_ec_eseln2
A,C,GE10,E_AWSELL,PC_ENT,CZ05,2025,19.18,isoc_r_ec_eseln2
A,C,GE10,E_AWSELL,PC_ENT,CZ06,2025,21.86,isoc_r_ec_eseln2
A,C,GE10,E_AWSELL,PC_ENT,CZ07,2025,20.18,isoc_r_ec_eseln2
A,C,GE10,E_AWSELL,PC_ENT,CZ08,2025,18.2,isoc_r_ec_eseln2
A,C,GE10,E_AWSELL,PC_ENT,DK01,2023,11.08,isoc_r_ec_eseln2
A,C,GE10,E_AWSELL,PC_ENT,DK01,2024,12.54,isoc_r_ec_eseln2
A,C,GE10,E_AWSELL,PC_ENT,DK01,2025,16.6,isoc_r_ec_eseln2
A,C,GE10,E_AWSELL,PC_ENT,DK02,2023,20.13,isoc_r_ec_eseln2
A,C,GE10,E_AWSELL,PC_ENT,DK02,2024,24.13,isoc_r_ec_eseln2
A,C,GE10,E_AWSELL,PC_ENT,DK02,2025,21.85,isoc_r_ec_eseln2
A,C,GE10,E_AWSELL,PC_ENT,DK03,2023,17.91,isoc_r_ec_eseln2
A,C,GE10,E_AWSELL,PC_ENT,DK03,2024,17.47,isoc_r_ec_eseln2
A,C,GE10,E_AWSELL,PC_ENT,DK03,2025,21.69,isoc_r_ec_eseln2
A,C,GE10,E_AWSELL,PC_ENT,DK04,2023,20.91,isoc_r_ec_eseln2
A,C,GE10,E_AWSELL,PC_ENT,DK04,2024,29.8,isoc_r_ec_eseln2
A,C,GE10,E_AWSELL,PC_ENT,DK04,2025,28.51,isoc_r_ec_eseln2
A,C,GE10,E_AWSELL,PC_ENT,DK05,2023,13.94,isoc_r_ec_eseln2
A,C,GE10,E_AWSELL,PC_ENT,DK05,2024,16.44,isoc_r_ec_eseln2
A,C,GE10,E_AWSELL,PC_ENT,DK05,2025,18.65,isoc_r_ec_eseln2
A,C,GE10,E_AWSELL,PC_ENT,ES11,2023,20.72,isoc_r_ec_eseln2
A,C,GE10,E_AWSELL,PC_ENT,ES11,2024,15.4,isoc_r_ec_eseln2
A,C,GE10,E_AWSELL,PC_ENT,ES11,2025,19.52,isoc_r_ec_eseln2
A,C,GE10,E_AWSELL,PC_ENT,ES12,2023,24.77,isoc_r_ec_eseln2
A,C,GE10,E_AWSELL,PC_ENT,ES12,2024,22.72,isoc_r_ec_eseln2
A,C,GE10,E_AWSELL,PC_ENT,ES12,2025,23.53,isoc_r_ec_eseln2
A,C,GE10,E_AWSELL,PC_ENT,ES13,2023,18.93,isoc_r_ec_eseln2
A,C,GE10,E_AWSELL,PC_ENT,ES13,2024,31.58,isoc_r_ec_eseln2
A,C,GE10,E_AWSELL,PC_ENT,ES13,2025,16.63,isoc_r_ec_eseln2
A,C,GE10,E_AWSELL,PC_ENT,ES21,2023,21.06,isoc_r_ec_eseln2
A,C,GE10,E_AWSELL,PC_ENT,ES21,2024,17.18,isoc_r_ec_eseln2
A,C,GE10,E_AWSELL,PC_ENT,ES21,2025,11.04,isoc_r_ec_eseln2
A,C,GE10,E_AWSELL,PC_ENT,ES22,2023,25.8,isoc_r_ec_eseln2
A,C,GE10,E_AWSELL,PC_ENT,ES22,2024,15.99,isoc_r_ec_eseln2
A,C,GE10,E_AWSELL,PC_ENT,ES22,2025,19.58,isoc_r_ec_eseln2
A,C,GE10,E_AWSELL,PC_ENT,ES23,2023,26.1,isoc_r_ec_eseln2
A,C,GE10,E_AWSELL,PC_ENT,ES23,2024,21.03,isoc_r_ec_eseln2
A,C,GE10,E_AWSELL,PC_ENT,ES23,2025,24.19,isoc_r_ec_eseln2
A,C,GE10,E_AWSELL,PC_ENT,ES24,2023,22.39,isoc_r_ec_eseln2
A,C,GE10,E_AWSELL,PC_ENT,ES24,2024,16.1,isoc_r_ec_eseln2
A,C,GE10,E_AWSELL,PC_ENT,ES24,2025,15.47,isoc_r_ec_eseln2
A,C,GE10,E_AWSELL,PC_ENT,ES30,2023,19.7,isoc_r_ec_eseln2
A,C,GE10,E_AWSELL,PC_ENT,ES30,2024,12.85,isoc_r_ec_eseln2
A,C,GE10,E_AWSELL,PC_ENT,ES30,2025,21.19,isoc_r_ec_eseln2
A,C,GE10,E_AWSELL,PC_ENT,ES41,2023,27.97,isoc_r_ec_eseln2
A,C,GE10,E_AWSELL,PC_ENT,ES41,2024,25.71,isoc_r_ec_eseln2
A,C,GE10,E_AWSELL,PC_ENT,ES41,2025,31.35,isoc_r_ec_eseln2
A,C,GE10,E_AWSELL,PC_ENT,ES42,2023,31.97,isoc_r_ec_eseln2
A,C,GE10,E_AWSELL,PC_ENT,ES42,2024,19.27,isoc_r_ec_eseln2
A,C,GE10,E_AWSELL,PC_ENT,ES42,2025,29.13,isoc_r_ec_eseln2
A,C,GE10,E_AWSELL,PC_ENT,ES43,2023,19.25,isoc_r_ec_eseln2
A,C,GE10,E_AWSELL,PC_ENT,ES43,2024,20.29,isoc_r_ec_eseln2
A,C,GE10,E_AWSELL,PC_ENT,ES43,2025,33.39,isoc_r_ec_eseln2
A,C,GE10,E_AWSELL,PC_ENT,ES51,2023,24.77,isoc_r_ec_eseln2
A,C,GE10,E_AWSELL,PC_ENT,ES51,2024,21.1,isoc_r_ec_eseln2
A,C,GE10,E_AWSELL,PC_ENT,ES51,2025,23.37,isoc_r_ec_eseln2
A,C,GE10,E_AWSELL,PC_ENT,ES52,2023,21.13,isoc_r_ec_eseln2
A,C,GE10,E_AWSELL,PC_ENT,ES52,2024,25.43,isoc_r_ec_eseln2
A,C,GE10,E_AWSELL,PC_ENT,ES52,2025,21.58,isoc_r_ec_eseln2
A,C,GE10,E_AWSELL,PC_ENT,ES53,2023,23.03,isoc_r_ec_eseln2
A,C,GE10,E_AWSELL,PC_ENT,ES53,2024,26.7,isoc_r_ec_eseln2
A,C,GE10,E_AWSELL,PC_ENT,ES53,2025,15.51,isoc_r_ec_eseln2
A,C,GE10,E_AWSELL,PC_ENT,ES61,2023,25.09,isoc_r_ec_eseln2
A,C,GE10,E_AWSELL,PC_ENT,ES61,2024,37.93,isoc_r_ec_eseln2
A,C,GE10,E_AWSELL,PC_ENT,ES61,2025,22.5,isoc_r_ec_eseln2
A,C,GE10,E_AWSELL,PC_ENT,ES62,2023,24.6,isoc_r_ec_eseln2
A,C,GE10,E_AWSELL,PC_ENT,ES62,2024,21.84,isoc_r_ec_eseln2
A,C,GE10,E_AWSELL,PC_ENT,ES62,2025,19.35,isoc_r_ec_eseln2
A,C,GE10,E_AWSELL,PC_ENT,ES63,2023,20.0,isoc_r_ec_eseln2
A,C,GE10,E_AWSELL,PC_ENT,ES63,2024,11.11,isoc_r_ec_eseln2
A,C,GE10,E_AWSELL,PC_ENT,ES63,2025,0.0,isoc_r_ec_eseln2
A,C,GE10,E_AWSELL,PC_ENT,ES64,2023,0.0,isoc_r_ec_eseln2
A,C,GE10,E_AWSELL,PC_ENT,ES64,2024,0.0,isoc_r_ec_eseln2
A,C,GE10,E_AWSELL,PC_ENT,ES64,2025,33.33,isoc_r_ec_eseln2
A,C,GE10,E_AWSELL,PC_ENT,ES70,2023,22.48,isoc_r_ec_eseln2
A,C,GE10,E_AWSELL,PC_ENT,ES70,2024,14.47,isoc_r_ec_eseln2
A,C,GE10,E_AWSELL,PC_ENT,ES70,2025,20.8,isoc_r_ec_eseln2
A,C,GE10,E_AWSELL,PC_ENT,HR02,2023,20.29,isoc_r_ec_eseln2
A,C,GE10,E_AWSELL,PC_ENT,HR02,2024,22.89,isoc_r_ec_eseln2
A,C,GE10,E_AWSELL,PC_ENT,HR02,2025,8.9,isoc_r_ec_eseln2
A,C,GE10,E_AWSELL,PC_ENT,HR03,2023,22.94,isoc_r_ec_eseln2
A,C,GE10,E_AWSELL,PC_ENT,HR03,2024,20.15,isoc_r_ec_eseln2
A,C,GE10,E_AWSELL,PC_ENT,HR03,2025,13.71,isoc_r_ec_eseln2
A,C,GE10,E_AWSELL,PC_ENT,HR05,2023,31.05,isoc_r_ec_eseln2
A,C,GE10,E_AWSELL,PC_ENT,HR05,2024,35.44,isoc_r_ec_eseln2
A,C,GE10,E_AWSELL,PC_ENT,HR05,2025,25.83,isoc_r_ec_eseln2
A,C,GE10,E_AWSELL,PC_ENT,HR06,2023,28.67,isoc_r_ec_eseln2
A,C,GE10,E_AWSELL,PC_ENT,HR06,2024,19.61,isoc_r_ec_eseln2
A,C,GE10,E_AWSELL,PC_ENT,HR06,2025,20.68,isoc_r_ec_eseln2
A,C,GE10,E_AWSELL,PC_ENT,HU11,2023,20.19,isoc_r_ec_eseln2
A,C,GE10,E_AWSELL,PC_ENT,HU11,2024,13.35,isoc_r_ec_eseln2
A,C,GE10,E_AWSELL,PC_ENT,HU11,2025,15.29,isoc_r_ec_eseln2
A,C,GE10,E_AWSELL,PC_ENT,HU12,2023,18.84,isoc_r_ec_eseln2
A,C,GE10,E_AWSELL,PC_ENT,HU12,2024,19.26,isoc_r_ec_eseln2
A,C,GE10,E_AWSELL,PC_ENT,HU12,2025,10.07,isoc_r_ec_eseln2
A,C,GE10,E_AWSELL,PC_ENT,HU21,2023,15.61,isoc_r_ec_eseln2
A,C,GE10,E_AWSELL,PC_ENT,HU21,2024,12.89,isoc_r_ec_eseln2
A,C,GE10,E_AWSELL,PC_ENT,HU21,2025,9.18,isoc_r_ec_eseln2
A,C,GE10,E_AWSELL,PC_ENT,HU22,2023,14.38,isoc_r_ec_eseln2
A,C,GE10,E_AWSELL,PC_ENT,HU22,2024,9.2,isoc_r_ec_eseln2
A,C,GE10,E_AWSELL,PC_ENT,HU22,2025,8.11,isoc_r_ec_eseln2
A,C,GE10,E_AWSELL,PC_ENT,HU23,2023,17.69,isoc_r_ec_eseln2
A,C,GE10,E_AWSELL,PC_ENT,HU23,2024,13.81,isoc_r_ec_eseln2
A,C,GE10,E_AWSELL,PC_ENT,HU23,2025,11.89,isoc_r_ec_eseln2
A,C,GE10,E_AWSELL,PC_ENT,HU31,2023,12.33,isoc_r_ec_eseln2
A,C,GE10,E_AWSELL,PC_ENT,HU31,2024,16.15,isoc_r_ec_eseln2
A,C,GE10,E_AWSELL,PC_ENT,HU31,2025,17.15,isoc_r_ec_eseln2
A,C,GE10,E_AWSELL,PC_ENT,HU32,2023,16.92,isoc_r_ec_eseln2
A,C,GE10,E_AWSELL,PC_ENT,HU32,2024,13.52,isoc_r_ec_eseln2
A,C,GE10,E_AWSELL,PC_ENT,HU32,2025,10.22,isoc_r_ec_eseln2
A,C,GE10,E_AWSELL,PC_ENT,HU33,2023,16.26,isoc_r_ec_eseln2
A,C,GE10,E_AWSELL,PC_ENT,HU33,2024,13.38,isoc_r_ec_eseln2
A,C,GE10,E_AWSELL,PC_ENT,HU33,2025,12.83,isoc_r_ec_eseln2
A,C,GE10,E_AWSELL,PC_ENT,LT01,2023,28.35,isoc_r_ec_eseln2
A,C,GE10,E_AWSELL,PC_ENT,LT01,2024,32.02,isoc_r_ec_eseln2
A,C,GE10,E_AWSELL,PC_ENT,LT01,2025,36.21,isoc_r_ec_eseln2
A,C,GE10,E_AWSELL,PC_ENT,LT02,2023,23.06,isoc_r_ec_eseln2
A,C,GE10,E_AWSELL,PC_ENT,LT02,2024,25.0,isoc_r_ec_eseln2
A,C,GE10,E_AWSELL,PC_ENT,LT02,2025,27.64,isoc_r_ec_eseln2
A,C,GE10,E_AWSELL,PC_ENT,NO02,2023,14.26,isoc_r_ec_eseln2
A,C,GE10,E_AWSELL,PC_ENT,NO02,2024,13.99,isoc_r_ec_eseln2
A,C,GE10,E_AWSELL,PC_ENT,NO02,2025,16.27,isoc_r_ec_eseln2
A,C,GE10,E_AWSELL,PC_ENT,NO06,2023,16.23,isoc_r_ec_eseln2
A,C,GE10,E_AWSELL,PC_ENT,NO06,2024,16.27,isoc_r_ec_eseln2
A,C,GE10,E_AWSELL,PC_ENT,NO06,2025,18.51,isoc_r_ec_eseln2
A,C,GE10,E_AWSELL,PC_ENT,NO07,2023,14.34,isoc_r_ec_eseln2
A,C,GE10,E_AWSELL,PC_ENT,NO07,2024,16.07,isoc_r_ec_eseln2
A,C,GE10,E_AWSELL,PC_ENT,NO07,2025,20.45,isoc_r_ec_eseln2
A,C,GE10,E_AWSELL,PC_ENT,NO08,2023,20.22,isoc_r_ec_eseln2
A,C,GE10,E_AWSELL,PC_ENT,NO08,2024,27.38,isoc_r_ec_eseln2
A,C,GE10,E_AWSELL,PC_ENT,NO08,2025,19.18,isoc_r_ec_eseln2
A,C,GE10,E_AWSELL,PC_ENT,NO09,2023,15.19,isoc_r_ec_eseln2
A,C,GE10,E_AWSELL,PC_ENT,NO09,2024,20.1,isoc_r_ec_eseln2
A,C,GE10,E_AWSELL,PC_ENT,NO09,2025,19.93,isoc_r_ec_eseln2
A,C,GE10,E_AWSELL,PC_ENT,NO0A,2023,13.41,isoc_r_ec_eseln2
A,C,GE10,E_AWSELL,PC_ENT,NO0A,2024,16.46,isoc_r_ec_eseln2
A,C,GE10,E_AWSELL,PC_ENT,NO0A,2025,13.9,isoc_r_ec_eseln2
A,C,GE10,E_AWSELL,PC_ENT,PL21,2025,15.27,isoc_r_ec_eseln2
A,C,GE10,E_AWSELL,PC_ENT,PL22,2025,11.14,isoc_r_ec_eseln2
A,C,GE10,E_AWSELL,PC_ENT,PL41,2025,14.69,isoc_r_ec_eseln2
A,C,GE10,E_AWSELL,PC_ENT,PL42,2025,14.57,isoc_r_ec_eseln2
A,C,GE10,E_AWSELL,PC_ENT,PL43,2025,11.02,isoc_r_ec_eseln2
A,C,GE10,E_AWSELL,PC_ENT,PL51,2025,10.72,isoc_r_ec_eseln2
A,C,GE10,E_AWSELL,PC_ENT,PL52,2025,12.08,isoc_r_ec_eseln2
A,C,GE10,E_AWSELL,PC_ENT,PL61,2025,17.57,isoc_r_ec_eseln2
A,C,GE10,E_AWSELL,PC_ENT,PL62,2025,7.16,isoc_r_ec_eseln2
A,C,GE10,E_AWSELL,PC_ENT,PL63,2025,13.36,isoc_r_ec_eseln2
A,C,GE10,E_AWSELL,PC_ENT,PL71,2025,14.01,isoc_r_ec_eseln2
A,C,GE10,E_AWSELL,PC_ENT,PL72,2025,16.51,isoc_r_ec_eseln2
A,C,GE10,E_AWSELL,PC_ENT,PL81,2025,11.51,isoc_r_ec_eseln2
A,C,GE10,E_AWSELL,PC_ENT,PL82,2025,16.67,isoc_r_ec_eseln2
A,C,GE10,E_AWSELL,PC_ENT,PL84,2025,12.98,isoc_r_ec_eseln2
A,C,GE10,E_AWSELL,PC_ENT,PL91,2025,20.75,isoc_r_ec_eseln2
A,C,GE10,E_AWSELL,PC_ENT,PL92,2025,9.11,isoc_r_ec_eseln2
A,C,GE10,E_AWSELL,PC_ENT,RO11,2023,7.59,isoc_r_ec_eseln2
A,C,GE10,E_AWSELL,PC_ENT,RO12,2023,9.95,isoc_r_ec_eseln2
A,C,GE10,E_AWSELL,PC_ENT,RO21,2023,10.52,isoc_r_ec_eseln2
A,C,GE10,E_AWSELL,PC_ENT,RO22,2023,6.03,isoc_r_ec_eseln2
A,C,GE10,E_AWSELL,PC_ENT,RO31,2023,3.79,isoc_r_ec_eseln2
A,C,GE10,E_AWSELL,PC_ENT,RO32,2023,17.15,isoc_r_ec_eseln2
A,C,GE10,E_AWSELL,PC_ENT,RO41,2023,8.07,isoc_r_ec_eseln2
A,C,GE10,E_AWSELL,PC_ENT,RO42,2023,11.13,isoc_r_ec_eseln2
A,C,GE10,E_AWSELL,PC_ENT,SE12,2025,22.41,isoc_r_ec_eseln2
A,C,GE10,E_AWSELL,PC_ENT,SE21,2025,17.35,isoc_r_ec_eseln2
A,C,GE10,E_AWSELL,PC_ENT,SE22,2025,18.67,isoc_r_ec_eseln2
A,C,GE10,E_AWSELL,PC_ENT,SE23,2025,23.28,isoc_r_ec_eseln2
A,C,GE10,E_AWSELL,PC_ENT,SE33,2025,15.28,isoc_r_ec_eseln2
A,C,GE10,E_AWSELL,PC_ENT,SI03,2023,11.9,isoc_r_ec_eseln2
A,C,GE10,E_AWSELL,PC_ENT,SI03,2024,11.28,isoc_r_ec_eseln2
A,C,GE10,E_AWSELL,PC_ENT,SI03,2025,13.72,isoc_r_ec_eseln2
A,C,GE10,E_AWSELL,PC_ENT,SI04,2023,10.21,isoc_r_ec_eseln2
A,C,GE10,E_AWSELL,PC_ENT,SI04,2024,11.65,isoc_r_ec_eseln2
A,C,GE10,E_AWSELL,PC_ENT,SI04,2025,14.5,isoc_r_ec_eseln2
A,C,GE10,E_AWSELL,PC_ENT,SK01,2023,8.1,isoc_r_ec_eseln2
A,C,GE10,E_AWSELL,PC_ENT,SK01,2024,13.49,isoc_r_ec_eseln2
A,C,GE10,E_AWSELL,PC_ENT,SK01,2025,12.0,isoc_r_ec_eseln2
A,C,GE10,E_AWSELL,PC_ENT,SK02,2023,7.51,isoc_r_ec_eseln2
A,C,GE10,E_AWSELL,PC_ENT,SK02,2024,8.64,isoc_r_ec_eseln2
A,C,GE10,E_AWSELL,PC_ENT,SK02,2025,7.22,isoc_r_ec_eseln2
A,C,GE10,E_AWSELL,PC_ENT,SK03,2023,14.05,isoc_r_ec_eseln2
A,C,GE10,E_AWSELL,PC_ENT,SK03,2024,7.68,isoc_r_ec_eseln2
A,C,GE10,E_AWSELL,PC_ENT,SK03,2025,12.45,isoc_r_ec_eseln2
A,C,GE10,E_AWSELL,PC_ENT,SK04,2023,10.86,isoc_r_ec_eseln2
A,C,GE10,E_AWSELL,PC_ENT,SK04,2024,7.04,isoc_r_ec_eseln2
A,C,GE10,E_AWSELL,PC_ENT,SK04,2025,9.31,isoc_r_ec_eseln2
A,C,GE10,E_DA,PC_ENT,AT12,2025,23.36,isoc_r_eb_dan2
A,C,GE10,E_DA,PC_ENT,AT13,2025,28.15,isoc_r_eb_dan2
A,C,GE10,E_DA,PC_ENT,AT21,2025,20.22,isoc_r_eb_dan2
A,C,GE10,E_DA,PC_ENT,AT22,2025,23.12,isoc_r_eb_dan2
A,C,GE10,E_DA,PC_ENT,AT31,2025,29.55,isoc_r_eb_dan2
A,C,GE10,E_DA,PC_ENT,AT32,2025,18.47,isoc_r_eb_dan2
A,C,GE10,E_DA,PC_ENT,AT33,2025,25.25,isoc_r_eb_dan2
A,C,GE10,E_DA,PC_ENT,AT34,2025,30.75,isoc_r_eb_dan2
A,C,GE10,E_DA,PC_ENT,BG31,2025,23.69,isoc_r_eb_dan2
A,C,GE10,E_DA,PC_ENT,BG32,2025,18.07,isoc_r_eb_dan2
A,C,GE10,E_DA,PC_ENT,BG33,2025,25.63,isoc_r_eb_dan2
A,C,GE10,E_DA,PC_ENT,BG34,2025,15.89,isoc_r_eb_dan2
A,C,GE10,E_DA,PC_ENT,BG41,2025,27.08,isoc_r_eb_dan2
A,C,GE10,E_DA,PC_ENT,BG42,2025,22.8,isoc_r_eb_dan2
A,C,GE10,E_DA,PC_ENT,CZ01,2025,54.2,isoc_r_eb_dan2
A,C,GE10,E_DA,PC_ENT,CZ02,2025,51.06,isoc_r_eb_dan2
A,C,GE10,E_DA,PC_ENT,CZ03,2025,51.13,isoc_r_eb_dan2
A,C,GE10,E_DA,PC_ENT,CZ04,2025,45.01,isoc_r_eb_dan2
A,C,GE10,E_DA,PC_ENT,CZ05,2025,48.97,isoc_r_eb_dan2
A,C,GE10,E_DA,PC_ENT,CZ06,2025,54.1,isoc_r_eb_dan2
A,C,GE10,E_DA,PC_ENT,CZ07,2025,54.63,isoc_r_eb_dan2
A,C,GE10,E_DA,PC_ENT,CZ08,2025,51.01,isoc_r_eb_dan2
A,C,GE10,E_DA,PC_ENT,DK01,2025,51.36,isoc_r_eb_dan2
A,C,GE10,E_DA,PC_ENT,DK02,2025,56.86,isoc_r_eb_dan2
A,C,GE10,E_DA,PC_ENT,DK03,2025,57.99,isoc_r_eb_dan2
A,C,GE10,E_DA,PC_ENT,DK04,2025,73.43,isoc_r_eb_dan2
A,C,GE10,E_DA,PC_ENT,DK05,2025,54.51,isoc_r_eb_dan2
A,C,GE10,E_DA,PC_ENT,ES11,2025,40.09,isoc_r_eb_dan2
A,C,GE10,E_DA,PC_ENT,ES12,2025,33.8,isoc_r_eb_dan2
A,C,GE10,E_DA,PC_ENT,ES13,2025,38.38,isoc_r_eb_dan2
A,C,GE10,E_DA,PC_ENT,ES21,2025,52.49,isoc_r_eb_dan2
A,C,GE10,E_DA,PC_ENT,ES22,2025,55.89,isoc_r_eb_dan2
A,C,GE10,E_DA,PC_ENT,ES23,2025,46.71,isoc_r_eb_dan2
A,C,GE10,E_DA,PC_ENT,ES24,2025,50.93,isoc_r_eb_dan2
A,C,GE10,E_DA,PC_ENT,ES30,2025,48.09,isoc_r_eb_dan2
A,C,GE10,E_DA,PC_ENT,ES41,2025,45.43,isoc_r_eb_dan2
A,C,GE10,E_DA,PC_ENT,ES42,2025,35.89,isoc_r_eb_dan2
A,C,GE10,E_DA,PC_ENT,ES43,2025,24.6,isoc_r_eb_dan2
A,C,GE10,E_DA,PC_ENT,ES51,2025,57.2,isoc_r_eb_dan2
A,C,GE10,E_DA,PC_ENT,ES52,2025,50.24,isoc_r_eb_dan2
A,C,GE10,E_DA,PC_ENT,ES53,2025,21.54,isoc_r_eb_dan2
A,C,GE10,E_DA,PC_ENT,ES61,2025,42.72,isoc_r_eb_dan2
A,C,GE10,E_DA,PC_ENT,ES62,2025,38.83,isoc_r_eb_dan2
A,C,GE10,E_DA,PC_ENT,ES63,2025,14.29,isoc_r_eb_dan2
A,C,GE10,E_DA,PC_ENT,ES64,2025,33.33,isoc_r_eb_dan2
A,C,GE10,E_DA,PC_ENT,ES70,2025,41.57,isoc_r_eb_dan2
A,C,GE10,E_DA,PC_ENT,HR02,2025,37.58,isoc_r_eb_dan2
A,C,GE10,E_DA,PC_ENT,HR03,2025,35.57,isoc_r_eb_dan2
A,C,GE10,E_DA,PC_ENT,HR05,2025,42.94,isoc_r_eb_dan2
A,C,GE10,E_DA,PC_ENT,HR06,2025,45.92,isoc_r_eb_dan2
A,C,GE10,E_DA,PC_ENT,HU11,2025,39.3,isoc_r_eb_dan2
A,C,GE10,E_DA,PC_ENT,HU12,2025,41.85,isoc_r_eb_dan2
A,C,GE10,E_DA,PC_ENT,HU21,2025,44.85,isoc_r_eb_dan2
A,C,GE10,E_DA,PC_ENT,HU22,2025,39.13,isoc_r_eb_dan2
A,C,GE10,E_DA,PC_ENT,HU23,2025,50.23,isoc_r_eb_dan2
A,C,GE10,E_DA,PC_ENT,HU31,2025,47.65,isoc_r_eb_dan2
A,C,GE10,E_DA,PC_ENT,HU32,2025,39.61,isoc_r_eb_dan2
A,C,GE10,E_DA,PC_ENT,HU33,2025,36.2,isoc_r_eb_dan2
A,C,GE10,E_DA,PC_ENT,LT01,2025,57.24,isoc_r_eb_dan2
A,C,GE10,E_DA,PC_ENT,LT02,2025,52.86,isoc_r_eb_dan2
A,C,GE10,E_DA,PC_ENT,NO02,2025,30.49,isoc_r_eb_dan2
A,C,GE10,E_DA,PC_ENT,NO06,2025,39.09,isoc_r_eb_dan2
A,C,GE10,E_DA,PC_ENT,NO07,2025,20.66,isoc_r_eb_dan2
A,C,GE10,E_DA,PC_ENT,NO08,2025,40.58,isoc_r_eb_dan2
A,C,GE10,E_DA,PC_ENT,NO09,2025,24.61,isoc_r_eb_dan2
A,C,GE10,E_DA,PC_ENT,NO0A,2025,32.45,isoc_r_eb_dan2
A,C,GE10,E_DA,PC_ENT,PL21,2025,20.49,isoc_r_eb_dan2
A,C,GE10,E_DA,PC_ENT,PL22,2025,25.15,isoc_r_eb_dan2
A,C,GE10,E_DA,PC_ENT,PL41,2025,24.54,isoc_r_eb_dan2
A,C,GE10,E_DA,PC_ENT,PL42,2025,23.01,isoc_r_eb_dan2
A,C,GE10,E_DA,PC_ENT,PL43,2025,23.0,isoc_r_eb_dan2
A,C,GE10,E_DA,PC_ENT,PL51,2025,25.74,isoc_r_eb_dan2
A,C,GE10,E_DA,PC_ENT,PL52,2025,21.3,isoc_r_eb_dan2
A,C,GE10,E_DA,PC_ENT,PL61,2025,20.09,isoc_r_eb_dan2
A,C,GE10,E_DA,PC_ENT,PL62,2025,20.57,isoc_r_eb_dan2
A,C,GE10,E_DA,PC_ENT,PL63,2025,21.12,isoc_r_eb_dan2
A,C,GE10,E_DA,PC_ENT,PL71,2025,18.33,isoc_r_eb_dan2
A,C,GE10,E_DA,PC_ENT,PL72,2025,16.97,isoc_r_eb_dan2
A,C,GE10,E_DA,PC_ENT,PL81,2025,25.28,isoc_r_eb_dan2
A,C,GE10,E_DA,PC_ENT,PL82,2025,22.33,isoc_r_eb_dan2
A,C,GE10,E_DA,PC_ENT,PL84,2025,24.37,isoc_r_eb_dan2
A,C,GE10,E_DA,PC_ENT,PL91,2025,33.56,isoc_r_eb_dan2
A,C,GE10,E_DA,PC_ENT,PL92,2025,19.2,isoc_r_eb_dan2
A,C,GE10,E_DA,PC_ENT,SE12,2025,31.84,isoc_r_eb_dan2
A,C,GE10,E_DA,PC_ENT,SE21,2025,45.34,isoc_r_eb_dan2
A,C,GE10,E_DA,PC_ENT,SE22,2025,46.22,isoc_r_eb_dan2
A,C,GE10,E_DA,PC_ENT,SE23,2025,43.1,isoc_r_eb_dan2
A,C,GE10,E_DA,PC_ENT,SI03,2025,30.16,isoc_r_eb_dan2
A,C,GE10,E_DA,PC_ENT,SI04,2025,37.71,isoc_r_eb_dan2
A,C,GE10,E_DA,PC_ENT,SK01,2025,41.6,isoc_r_eb_dan2
A,C,GE10,E_DA,PC_ENT,SK02,2025,38.33,isoc_r_eb_dan2
A,C,GE10,E_DA,PC_ENT,SK03,2025,45.49,isoc_r_eb_dan2
A,C,GE10,E_DA,PC_ENT,SK04,2025,29.39,isoc_r_eb_dan2
