freq,unit,na_item,geo,time,value
A,CLV20_EUR_HAB,B1GQ,AL,2000,2120
A,CLV20_EUR_HAB,B1GQ,AL,2001,2330
A,CLV20_EUR_HAB,B1GQ,AL,2002,2440
A,CLV20_EUR_HAB,B1GQ,AL,2003,2580
A,CLV20_EUR_HAB,B1GQ,AL,2004,2730
A,CLV20_EUR_HAB,B1GQ,AL,2005,2880
A,CLV20_EUR_HAB,B1GQ,AL,2006,3080
A,CLV20_EUR_HAB,B1GQ,AL,2007,3300
A,CLV20_EUR_HAB,B1GQ,AL,2008,3550
A,CLV20_EUR_HAB,B1GQ,AL,2009,3680
A,CLV20_EUR_HAB,B1GQ,AL,2010,3800
A,CLV20_EUR_HAB,B1GQ,AL,2011,3910
A,CLV20_EUR_HAB,B1GQ,AL,2012,3950
A,CLV20_EUR_HAB,B1GQ,AL,2013,4030
A,CLV20_EUR_HAB,B1GQ,AL,2014,4130
A,CLV20_EUR_HAB,B1GQ,AL,2015,4230
A,CLV20_EUR_HAB,B1GQ,AL,2016,4400
A,CLV20_EUR_HAB,B1GQ,AL,2017,4550
A,CLV20_EUR_HAB,B1GQ,AL,2018,4730
A,CLV20_EUR_HAB,B1GQ,AL,2019,4850
A,CLV20_EUR_HAB,B1GQ,AL,2020,4710
A,CLV20_EUR_HAB,B1GQ,AL,2021,5190
A,CLV20_EUR_HAB,B1GQ,AL,2022,5500
A,CLV20_EUR_HAB,B1GQ,AT,2000,37880
A,CLV20_EUR_HAB,B1GQ,AT,2001,38230
A,CLV20_EUR_HAB,B1GQ,AT,2002,38610
A,CLV20_EUR_HAB,B1GQ,AT,2003,38880
A,CLV20_EUR_HAB,B1GQ,AT,2004,39620
A,CLV20_EUR_HAB,B1GQ,AT,2005,40270
A,CLV20_EUR_HAB,B1GQ,AT,2006,41370
A,CLV20_EUR_HAB,B1GQ,AT,2007,42790
A,CLV20_EUR_HAB,B1GQ,AT,2008,43270
A,CLV20_EUR_HAB,B1GQ,AT,2009,41620
A,CLV20_EUR_HAB,B1GQ,AT,2010,42280
A,CLV20_EUR_HAB,B1GQ,AT,2011,43370
A,CLV20_EUR_HAB,B1GQ,AT,2012,43450
A,CLV20_EUR_HAB,B1GQ,AT,2013,43080
A,CLV20_EUR_HAB,B1GQ,AT,2014,43070
A,CLV20_EUR_HAB,B1GQ,AT,2015,43200
A,CLV20_EUR_HAB,B1GQ,AT,2016,43550
A,CLV20_EUR_HAB,B1GQ,AT,2017,44260
A,CLV20_EUR_HAB,B1GQ,AT,2018,45140
A,CLV20_EUR_HAB,B1GQ,AT,2019,45730
A,CLV20_EUR_HAB,B1GQ,AT,2020,42650
A,CLV20_EUR_HAB,B1GQ,AT,2021,44580
A,CLV20_EUR_HAB,B1GQ,AT,2022,46430
A,CLV20_EUR_HAB,B1GQ,AT,2023,45670
A,CLV20_EUR_HAB,B1GQ,AT,2024,45140
A,CLV20_EUR_HAB,B1GQ,AT,2025,45390
A,CLV20_EUR_HAB,B1GQ,BA,2010,4200
A,CLV20_EUR_HAB,B1GQ,BA,2011,4240
A,CLV20_EUR_HAB,B1GQ,BA,2012,4210
A,CLV20_EUR_HAB,B1GQ,BA,2013,4320
A,CLV20_EUR_HAB,B1GQ,BA,2014,4370
A,CLV20_EUR_HAB,B1GQ,BA,2015,4570
A,CLV20_EUR_HAB,B1GQ,BA,2016,4730
A,CLV20_EUR_HAB,B1GQ,BA,2017,4890
A,CLV20_EUR_HAB,B1GQ,BA,2018,5090
A,CLV20_EUR_HAB,B1GQ,BA,2019,5240
A,CLV20_EUR_HAB,B1GQ,BA,2020,5110
A,CLV20_EUR_HAB,B1GQ,BA,2021,5520
A,CLV20_EUR_HAB,B1GQ,BA,2022,5790
A,CLV20_EUR_HAB,B1GQ,BA,2023,5920
A,CLV20_EUR_HAB,B1GQ,BA,2024,6130
A,CLV20_EUR_HAB,B1GQ,BE,2000,35370
A,CLV20_EUR_HAB,B1GQ,BE,2001,35640
A,CLV20_EUR_HAB,B1GQ,BE,2002,36080
A,CLV20_EUR_HAB,B1GQ,BE,2003,36300
A,CLV20_EUR_HAB,B1GQ,BE,2004,37440
A,CLV20_EUR_HAB,B1GQ,BE,2005,38100
A,CLV20_EUR_HAB,B1GQ,BE,2006,38810
A,CLV20_EUR_HAB,B1GQ,BE,2007,39950
A,CLV20_EUR_HAB,B1GQ,BE,2008,39810
A,CLV20_EUR_HAB,B1GQ,BE,2009,38740
A,CLV20_EUR_HAB,B1GQ,BE,2010,39420
A,CLV20_EUR_HAB,B1GQ,BE,2011,39670
A,CLV20_EUR_HAB,B1GQ,BE,2012,39510
A,CLV20_EUR_HAB,B1GQ,BE,2013,39440
A,CLV20_EUR_HAB,B1GQ,BE,2014,39960
A,CLV20_EUR_HAB,B1GQ,BE,2015,40310
A,CLV20_EUR_HAB,B1GQ,BE,2016,40590
A,CLV20_EUR_HAB,B1GQ,BE,2017,41030
A,CLV20_EUR_HAB,B1GQ,BE,2018,41610
A,CLV20_EUR_HAB,B1GQ,BE,2019,42400
A,CLV20_EUR_HAB,B1GQ,BE,2020,40190
A,CLV20_EUR_HAB,B1GQ,BE,2021,42530
A,CLV20_EUR_HAB,B1GQ,BE,2022,43890
A,CLV20_EUR_HAB,B1GQ,BE,2023,44190
A,CLV20_EUR_HAB,B1GQ,BE,2024,44410
A,CLV20_EUR_HAB,B1GQ,BE,2025,44650
A,CLV20_EUR_HAB,B1GQ,BG,2000,4160
A,CLV20_EUR_HAB,B1GQ,BG,2001,4460
A,CLV20_EUR_HAB,B1GQ,BG,2002,4750
A,CLV20_EUR_HAB,B1GQ,BG,2003,5020
A,CLV20_EUR_HAB,B1GQ,BG,2004,5380
A,CLV20_EUR_HAB,B1GQ,BG,2005,5790
A,CLV20_EUR_HAB,B1GQ,BG,2006,6220
A,CLV20_EUR_HAB,B1GQ,BG,2007,6670
A,CLV20_EUR_HAB,B1GQ,BG,2008,7110
A,CLV20_EUR_HAB,B1GQ,BG,2009,6910
A,CLV20_EUR_HAB,B1GQ,BG,2010,7060
A,CLV20_EUR_HAB,B1GQ,BG,2011,7390
A,CLV20_EUR_HAB,B1GQ,BG,2012,7530
A,CLV20_EUR_HAB,B1GQ,BG,2013,7600
A,CLV20_EUR_HAB,B1GQ,BG,2014,7770
A,CLV20_EUR_HAB,B1GQ,BG,2015,8130
A,CLV20_EUR_HAB,B1GQ,BG,2016,8490
A,CLV20_EUR_HAB,B1GQ,BG,2017,8840
A,CLV20_EUR_HAB,B1GQ,BG,2018,9170
A,CLV20_EUR_HAB,B1GQ,BG,2019,9650
A,CLV20_EUR_HAB,B1GQ,BG,2020,9440
A,CLV20_EUR_HAB,B1GQ,BG,2021,10250
A,CLV20_EUR_HAB,B1GQ,BG,2022,10740
A,CLV20_EUR_HAB,B1GQ,BG,2023,10950
A,CLV20_EUR_HAB,B1GQ,BG,2024,11330
A,CLV20_EUR_HAB,B1GQ,BG,2025,11710
A,CLV20_EUR_HAB,B1GQ,CH,2000,66030
A,CLV20_EUR_HAB,B1GQ,CH,2001,66750
A,CLV20_EUR_HAB,B1GQ,CH,2002,66530
A,CLV20_EUR_HAB,B1GQ,CH,2003,65860
A,CLV20_EUR_HAB,B1GQ,CH,2004,67120
A,CLV20_EUR_HAB,B1GQ,CH,2005,68690
A,CLV20_EUR_HAB,B1GQ,CH,2006,71090
A,CLV20_EUR_HAB,B1GQ,CH,2007,73260
A,CLV20_EUR_HAB,B1GQ,CH,2008,74230
A,CLV20_EUR_HAB,B1GQ,CH,2009,71980
A,CLV20_EUR_HAB,B1GQ,CH,2010,73760
A,CLV20_EUR_HAB,B1GQ,CH,2011,74140
A,CLV20_EUR_HAB,B1GQ,CH,2012,74160
A,CLV20_EUR_HAB,B1GQ,CH,2013,74650
A,CLV20_EUR_HAB,B1GQ,CH,2014,75620
A,CLV20_EUR_HAB,B1GQ,CH,2015,75780
A,CLV20_EUR_HAB,B1GQ,CH,2016,76410
A,CLV20_EUR_HAB,B1GQ,CH,2017,76770
A,CLV20_EUR_HAB,B1GQ,CH,2018,78760
A,CLV20_EUR_HAB,B1GQ,CH,2019,79070
A,CLV20_EUR_HAB,B1GQ,CH,2020,76710
A,CLV20_EUR_HAB,B1GQ,CH,2021,80850
A,CLV20_EUR_HAB,B1GQ,CH,2022,83000
A,CLV20_EUR_HAB,B1GQ,CH,2023,82440
A,CLV20_EUR_HAB,B1GQ,CH,2024,82650
A,CLV20_EUR_HAB,B1GQ,CH,2025,83000
A,CLV20_EUR_HAB,B1GQ,CY,2000,20500
A,CLV20_EUR_HAB,B1GQ,CY,2001,21080
A,CLV20_EUR_HAB,B1GQ,CY,2002,21610
A,CLV20_EUR_HAB,B1GQ,CY,2003,21910
A,CLV20_EUR_HAB,B1GQ,CY,2004,22710
A,CLV20_EUR_HAB,B1GQ,CY,2005,23470
A,CLV20_EUR_HAB,B1GQ,CY,2006,24170
A,CLV20_EUR_HAB,B1GQ,CY,2007,24870
A,CLV20_EUR_HAB,B1GQ,CY,2008,25140
A,CLV20_EUR_HAB,B1GQ,CY,2009,23980
A,CLV20_EUR_HAB,B1GQ,CY,2010,23890
A,CLV20_EUR_HAB,B1GQ,CY,2011,23390
A,CLV20_EUR_HAB,B1GQ,CY,2012,22280
A,CLV20_EUR_HAB,B1GQ,CY,2013,20830
A,CLV20_EUR_HAB,B1GQ,CY,2014,20490
A,CLV20_EUR_HAB,B1GQ,CY,2015,21140
A,CLV20_EUR_HAB,B1GQ,CY,2016,22410
A,CLV20_EUR_HAB,B1GQ,CY,2017,23500
A,CLV20_EUR_HAB,B1GQ,CY,2018,24690
A,CLV20_EUR_HAB,B1GQ,CY,2019,25790
A,CLV20_EUR_HAB,B1GQ,CY,2020,24630
A,CLV20_EUR_HAB,B1GQ,CY,2021,27030
A,CLV20_EUR_HAB,B1GQ,CY,2022,28850
A,CLV20_EUR_HAB,B1GQ,CY,2023,29320
A,CLV20_EUR_HAB,B1GQ,CY,2024,29950
A,CLV20_EUR_HAB,B1GQ,CY,2025,30590
A,CLV20_EUR_HAB,B1GQ,CZ,2000,13410
A,CLV20_EUR_HAB,B1GQ,CZ,2001,13860
A,CLV20_EUR_HAB,B1GQ,CZ,2002,14110
A,CLV20_EUR_HAB,B1GQ,CZ,2003,14570
A,CLV20_EUR_HAB,B1GQ,CZ,2004,15250
A,CLV20_EUR_HAB,B1GQ,CZ,2005,16180
A,CLV20_EUR_HAB,B1GQ,CZ,2006,17200
A,CLV20_EUR_HAB,B1GQ,CZ,2007,18050
A,CLV20_EUR_HAB,B1GQ,CZ,2008,18330
A,CLV20_EUR_HAB,B1GQ,CZ,2009,17350
A,CLV20_EUR_HAB,B1GQ,CZ,2010,17770
A,CLV20_EUR_HAB,B1GQ,CZ,2011,18120
A,CLV20_EUR_HAB,B1GQ,CZ,2012,17970
A,CLV20_EUR_HAB,B1GQ,CZ,2013,17970
A,CLV20_EUR_HAB,B1GQ,CZ,2014,18370
A,CLV20_EUR_HAB,B1GQ,CZ,2015,19270
A,CLV20_EUR_HAB,B1GQ,CZ,2016,19760
A,CLV20_EUR_HAB,B1GQ,CZ,2017,20760
A,CLV20_EUR_HAB,B1GQ,CZ,2018,21320
A,CLV20_EUR_HAB,B1GQ,CZ,2019,22050
A,CLV20_EUR_HAB,B1GQ,CZ,2020,20980
A,CLV20_EUR_HAB,B1GQ,CZ,2021,21830
A,CLV20_EUR_HAB,B1GQ,CZ,2022,21910
A,CLV20_EUR_HAB,B1GQ,CZ,2023,21680
A,CLV20_EUR_HAB,B1GQ,CZ,2024,21950
A,CLV20_EUR_HAB,B1GQ,CZ,2025,22510
A,CLV20_EUR_HAB,B1GQ,DE,2000,34700
A,CLV20_EUR_HAB,B1GQ,DE,2001,35240
A,CLV20_EUR_HAB,B1GQ,DE,2002,35140
A,CLV20_EUR_HAB,B1GQ,DE,2003,34960
A,CLV20_EUR_HAB,B1GQ,DE,2004,35410
A,CLV20_EUR_HAB,B1GQ,DE,2005,35770
A,CLV20_EUR_HAB,B1GQ,DE,2006,37230
A,CLV20_EUR_HAB,B1GQ,DE,2007,38390
A,CLV20_EUR_HAB,B1GQ,DE,2008,38840
A,CLV20_EUR_HAB,B1GQ,DE,2009,36810
A,CLV20_EUR_HAB,B1GQ,DE,2010,38440
A,CLV20_EUR_HAB,B1GQ,DE,2011,39890
A,CLV20_EUR_HAB,B1GQ,DE,2012,40040
A,CLV20_EUR_HAB,B1GQ,DE,2013,40160
A,CLV20_EUR_HAB,B1GQ,DE,2014,40930
A,CLV20_EUR_HAB,B1GQ,DE,2015,41360
A,CLV20_EUR_HAB,B1GQ,DE,2016,42030
A,CLV20_EUR_HAB,B1GQ,DE,2017,43160
A,CLV20_EUR_HAB,B1GQ,DE,2018,43630
A,CLV20_EUR_HAB,B1GQ,DE,2019,44080
A,CLV20_EUR_HAB,B1GQ,DE,2020,42350
A,CLV20_EUR_HAB,B1GQ,DE,2021,44090
A,CLV20_EUR_HAB,B1GQ,DE,2022,44620
A,CLV20_EUR_HAB,B1GQ,DE,2023,43770
A,CLV20_EUR_HAB,B1GQ,DE,2024,43650
A,CLV20_EUR_HAB,B1GQ,DE,2025,43750
A,CLV20_EUR_HAB,B1GQ,DK,2000,47150
A,CLV20_EUR_HAB,B1GQ,DK,2001,47430
A,CLV20_EUR_HAB,B1GQ,DK,2002,47490
A,CLV20_EUR_HAB,B1GQ,DK,2003,47570
A,CLV20_EUR_HAB,B1GQ,DK,2004,48770
A,CLV20_EUR_HAB,B1GQ,DK,2005,49780
A,CLV20_EUR_HAB,B1GQ,DK,2006,51510
A,CLV20_EUR_HAB,B1GQ,DK,2007,51790
A,CLV20_EUR_HAB,B1GQ,DK,2008,51270
A,CLV20_EUR_HAB,B1GQ,DK,2009,48460
A,CLV20_EUR_HAB,B1GQ,DK,2010,49010
A,CLV20_EUR_HAB,B1GQ,DK,2011,49440
A,CLV20_EUR_HAB,B1GQ,DK,2012,49260
A,CLV20_EUR_HAB,B1GQ,DK,2013,49750
A,CLV20_EUR_HAB,B1GQ,DK,2014,50110
A,CLV20_EUR_HAB,B1GQ,DK,2015,50810
A,CLV20_EUR_HAB,B1GQ,DK,2016,51950
A,CLV20_EUR_HAB,B1GQ,DK,2017,53200
A,CLV20_EUR_HAB,B1GQ,DK,2018,53920
A,CLV20_EUR_HAB,B1GQ,DK,2019,54630
A,CLV20_EUR_HAB,B1GQ,DK,2020,53540
A,CLV20_EUR_HAB,B1GQ,DK,2021,56780
A,CLV20_EUR_HAB,B1GQ,DK,2022,56530
A,CLV20_EUR_HAB,B1GQ,DK,2023,56770
A,CLV20_EUR_HAB,B1GQ,DK,2024,58670
A,CLV20_EUR_HAB,B1GQ,DK,2025,60390
A,CLV20_EUR_HAB,B1GQ,EA19,2000,30340
A,CLV20_EUR_HAB,B1GQ,EA19,2001,30890
A,CLV20_EUR_HAB,B1GQ,EA19,2002,31010
A,CLV20_EUR_HAB,B1GQ,EA19,2003,31060
A,CLV20_EUR_HAB,B1GQ,EA19,2004,31610
A,CLV20_EUR_HAB,B1GQ,EA19,2005,31990
A,CLV20_EUR_HAB,B1GQ,EA19,2006,32900
A,CLV20_EUR_HAB,B1GQ,EA19,2007,33700
A,CLV20_EUR_HAB,B1GQ,EA19,2008,33670
A,CLV20_EUR_HAB,B1GQ,EA19,2009,32070
A,CLV20_EUR_HAB,B1GQ,EA19,2010,32670
A,CLV20_EUR_HAB,B1GQ,EA19,2011,33150
A,CLV20_EUR_HAB,B1GQ,EA19,2012,32770
A,CLV20_EUR_HAB,B1GQ,EA19,2013,32680
A,CLV20_EUR_HAB,B1GQ,EA19,2014,33100
A,CLV20_EUR_HAB,B1GQ,EA19,2015,33720
A,CLV20_EUR_HAB,B1GQ,EA19,2016,34240
A,CLV20_EUR_HAB,B1GQ,EA19,2017,35080
A,CLV20_EUR_HAB,B1GQ,EA19,2018,35630
A,CLV20_EUR_HAB,B1GQ,EA19,2019,36120
A,CLV20_EUR_HAB,B1GQ,EA19,2020,33910
A,CLV20_EUR_HAB,B1GQ,EA19,2021,36080
A,CLV20_EUR_HAB,B1GQ,EA19,2022,37210
A,CLV20_EUR_HAB,B1GQ,EA19,2023,37110
A,CLV20_EUR_HAB,B1GQ,EA19,2024,37370
A,CLV20_EUR_HAB,B1GQ,EA19,2025,37710
A,CLV20_EUR_HAB,B1GQ,EA20,2000,30040
A,CLV20_EUR_HAB,B1GQ,EA20,2001,30600
A,CLV20_EUR_HAB,B1GQ,EA20,2002,30730
A,CLV20_EUR_HAB,B1GQ,EA20,2003,30790
A,CLV20_EUR_HAB,B1GQ,EA20,2004,31330
A,CLV20_EUR_HAB,B1GQ,EA20,2005,31720
A,CLV20_EUR_HAB,B1GQ,EA20,2006,32620
A,CLV20_EUR_HAB,B1GQ,EA20,2007,33420
A,CLV20_EUR_HAB,B1GQ,EA20,2008,33400
A,CLV20_EUR_HAB,B1GQ,EA20,2009,31810
A,CLV20_EUR_HAB,B1GQ,EA20,2010,32400
A,CLV20_EUR_HAB,B1GQ,EA20,2011,32880
A,CLV20_EUR_HAB,B1GQ,EA20,2012,32500
A,CLV20_EUR_HAB,B1GQ,EA20,2013,32410
A,CLV20_EUR_HAB,B1GQ,EA20,2014,32840
A,CLV20_EUR_HAB,B1GQ,EA20,2015,33460
A,CLV20_EUR_HAB,B1GQ,EA20,2016,33980
A,CLV20_EUR_HAB,B1GQ,EA20,2017,34820
A,CLV20_EUR_HAB,B1GQ,EA20,2018,35370
A,CLV20_EUR_HAB,B1GQ,EA20,2019,35870
A,CLV20_EUR_HAB,B1GQ,EA20,2020,33670
A,CLV20_EUR_HAB,B1GQ,EA20,2021,35840
A,CLV20_EUR_HAB,B1GQ,EA20,2022,36970
A,CLV20_EUR_HAB,B1GQ,EA20,2023,36880
A,CLV20_EUR_HAB,B1GQ,EA20,2024,37150
A,CLV20_EUR_HAB,B1GQ,EA20,2025,37490
A,CLV20_EUR_HAB,B1GQ,EA21,2000,29420
A,CLV20_EUR_HAB,B1GQ,EA21,2001,30000
A,CLV20_EUR_HAB,B1GQ,EA21,2002,30130
A,CLV20_EUR_HAB,B1GQ,EA21,2003,30200
A,CLV20_EUR_HAB,B1GQ,EA21,2004,30750
A,CLV20_EUR_HAB,B1GQ,EA21,2005,31130
A,CLV20_EUR_HAB,B1GQ,EA21,2006,32030
A,CLV20_EUR_HAB,B1GQ,EA21,2007,32830
A,CLV20_EUR_HAB,B1GQ,EA21,2008,32820
A,CLV20_EUR_HAB,B1GQ,EA21,2009,31260
A,CLV20_EUR_HAB,B1GQ,EA21,2010,31850
A,CLV20_EUR_HAB,B1GQ,EA21,2011,32340
A,CLV20_EUR_HAB,B1GQ,EA21,2012,31980
A,CLV20_EUR_HAB,B1GQ,EA21,2013,31900
A,CLV20_EUR_HAB,B1GQ,EA21,2014,32330
A,CLV20_EUR_HAB,B1GQ,EA21,2015,32950
A,CLV20_EUR_HAB,B1GQ,EA21,2016,33480
A,CLV20_EUR_HAB,B1GQ,EA21,2017,34310
A,CLV20_EUR_HAB,B1GQ,EA21,2018,34870
A,CLV20_EUR_HAB,B1GQ,EA21,2019,35380
A,CLV20_EUR_HAB,B1GQ,EA21,2020,33220
A,CLV20_EUR_HAB,B1GQ,EA21,2021,35370
A,CLV20_EUR_HAB,B1GQ,EA21,2022,36490
A,CLV20_EUR_HAB,B1GQ,EA21,2023,36410
A,CLV20_EUR_HAB,B1GQ,EA21,2024,36680
A,CLV20_EUR_HAB,B1GQ,EA21,2025,37030
A,CLV20_EUR_HAB,B1GQ,EE,2000,10480
A,CLV20_EUR_HAB,B1GQ,EE,2001,11160
A,CLV20_EUR_HAB,B1GQ,EE,2002,12020
A,CLV20_EUR_HAB,B1GQ,EE,2003,13010
A,CLV20_EUR_HAB,B1GQ,EE,2004,13980
A,CLV20_EUR_HAB,B1GQ,EE,2005,15400
A,CLV20_EUR_HAB,B1GQ,EE,2006,17010
A,CLV20_EUR_HAB,B1GQ,EE,2007,18400
A,CLV20_EUR_HAB,B1GQ,EE,2008,17510
A,CLV20_EUR_HAB,B1GQ,EE,2009,14980
A,CLV20_EUR_HAB,B1GQ,EE,2010,15380
A,CLV20_EUR_HAB,B1GQ,EE,2011,16590
A,CLV20_EUR_HAB,B1GQ,EE,2012,17260
A,CLV20_EUR_HAB,B1GQ,EE,2013,17630
A,CLV20_EUR_HAB,B1GQ,EE,2014,18280
A,CLV20_EUR_HAB,B1GQ,EE,2015,18650
A,CLV20_EUR_HAB,B1GQ,EE,2016,19190
A,CLV20_EUR_HAB,B1GQ,EE,2017,20270
A,CLV20_EUR_HAB,B1GQ,EE,2018,20970
A,CLV20_EUR_HAB,B1GQ,EE,2019,21650
A,CLV20_EUR_HAB,B1GQ,EE,2020,20960
A,CLV20_EUR_HAB,B1GQ,EE,2021,22670
A,CLV20_EUR_HAB,B1GQ,EE,2022,22800
A,CLV20_EUR_HAB,B1GQ,EE,2023,21580
A,CLV20_EUR_HAB,B1GQ,EE,2024,21470
A,CLV20_EUR_HAB,B1GQ,EE,2025,21820
A,CLV20_EUR_HAB,B1GQ,EL,2000,16120
A,CLV20_EUR_HAB,B1GQ,EL,2001,16780
A,CLV20_EUR_HAB,B1GQ,EL,2002,17510
A,CLV20_EUR_HAB,B1GQ,EL,2003,18480
A,CLV20_EUR_HAB,B1GQ,EL,2004,19420
A,CLV20_EUR_HAB,B1GQ,EL,2005,19590
A,CLV20_EUR_HAB,B1GQ,EL,2006,20790
A,CLV20_EUR_HAB,B1GQ,EL,2007,21470
A,CLV20_EUR_HAB,B1GQ,EL,2008,21420
A,CLV20_EUR_HAB,B1GQ,EL,2009,20490
A,CLV20_EUR_HAB,B1GQ,EL,2010,19300
A,CLV20_EUR_HAB,B1GQ,EL,2011,17420
A,CLV20_EUR_HAB,B1GQ,EL,2012,16050
A,CLV20_EUR_HAB,B1GQ,EL,2013,15800
A,CLV20_EUR_HAB,B1GQ,EL,2014,16030
A,CLV20_EUR_HAB,B1GQ,EL,2015,16100
A,CLV20_EUR_HAB,B1GQ,EL,2016,16160
A,CLV20_EUR_HAB,B1GQ,EL,2017,16430
A,CLV20_EUR_HAB,B1GQ,EL,2018,16810
A,CLV20_EUR_HAB,B1GQ,EL,2019,17210
A,CLV20_EUR_HAB,B1GQ,EL,2020,15660
A,CLV20_EUR_HAB,B1GQ,EL,2021,17110
A,CLV20_EUR_HAB,B1GQ,EL,2022,18160
A,CLV20_EUR_HAB,B1GQ,EL,2023,18600
A,CLV20_EUR_HAB,B1GQ,EL,2024,19020
A,CLV20_EUR_HAB,B1GQ,EL,2025,19400
A,CLV20_EUR_HAB,B1GQ,ES,2000,22930
A,CLV20_EUR_HAB,B1GQ,ES,2001,23700
A,CLV20_EUR_HAB,B1GQ,ES,2002,23970
A,CLV20_EUR_HAB,B1GQ,ES,2003,24220
A,CLV20_EUR_HAB,B1GQ,ES,2004,24590
A,CLV20_EUR_HAB,B1GQ,ES,2005,25000
A,CLV20_EUR_HAB,B1GQ,ES,2006,25600
A,CLV20_EUR_HAB,B1GQ,ES,2007,25990
A,CLV20_EUR_HAB,B1GQ,ES,2008,25760
A,CLV20_EUR_HAB,B1GQ,ES,2009,24590
A,CLV20_EUR_HAB,B1GQ,ES,2010,24510
A,CLV20_EUR_HAB,B1GQ,ES,2011,24260
A,CLV20_EUR_HAB,B1GQ,ES,2012,23560
A,CLV20_EUR_HAB,B1GQ,ES,2013,23310
A,CLV20_EUR_HAB,B1GQ,ES,2014,23730
A,CLV20_EUR_HAB,B1GQ,ES,2015,24720
A,CLV20_EUR_HAB,B1GQ,ES,2016,25420
A,CLV20_EUR_HAB,B1GQ,ES,2017,26110
A,CLV20_EUR_HAB,B1GQ,ES,2018,26620
A,CLV20_EUR_HAB,B1GQ,ES,2019,26930
A,CLV20_EUR_HAB,B1GQ,ES,2020,23850
A,CLV20_EUR_HAB,B1GQ,ES,2021,25440
A,CLV20_EUR_HAB,B1GQ,ES,2022,26820
A,CLV20_EUR_HAB,B1GQ,ES,2023,27150
A,CLV20_EUR_HAB,B1GQ,ES,2024,27800
A,CLV20_EUR_HAB,B1GQ,ES,2025,28320
A,CLV20_EUR_HAB,B1GQ,EU27_2020,2000,25660
A,CLV20_EUR_HAB,B1GQ,EU27_2020,2001,26170
A,CLV20_EUR_HAB,B1GQ,EU27_2020,2002,26390
A,CLV20_EUR_HAB,B1GQ,EU27_2020,2003,26530
A,CLV20_EUR_HAB,B1GQ,EU27_2020,2004,27110
A,CLV20_EUR_HAB,B1GQ,EU27_2020,2005,27530
A,CLV20_EUR_HAB,B1GQ,EU27_2020,2006,28410
A,CLV20_EUR_HAB,B1GQ,EU27_2020,2007,29200
A,CLV20_EUR_HAB,B1GQ,EU27_2020,2008,29280
A,CLV20_EUR_HAB,B1GQ,EU27_2020,2009,27970
A,CLV20_EUR_HAB,B1GQ,EU27_2020,2010,28520
A,CLV20_EUR_HAB,B1GQ,EU27_2020,2011,29030
A,CLV20_EUR_HAB,B1GQ,EU27_2020,2012,28770
A,CLV20_EUR_HAB,B1GQ,EU27_2020,2013,28750
A,CLV20_EUR_HAB,B1GQ,EU27_2020,2014,29190
A,CLV20_EUR_HAB,B1GQ,EU27_2020,2015,29830
A,CLV20_EUR_HAB,B1GQ,EU27_2020,2016,30350
A,CLV20_EUR_HAB,B1GQ,EU27_2020,2017,31180
A,CLV20_EUR_HAB,B1GQ,EU27_2020,2018,31780
A,CLV20_EUR_HAB,B1GQ,EU27_2020,2019,32320
A,CLV20_EUR_HAB,B1GQ,EU27_2020,2020,30560
A,CLV20_EUR_HAB,B1GQ,EU27_2020,2021,32540
A,CLV20_EUR_HAB,B1GQ,EU27_2020,2022,33490
A,CLV20_EUR_HAB,B1GQ,EU27_2020,2023,33450
A,CLV20_EUR_HAB,B1GQ,EU27_2020,2024,33800
A,CLV20_EUR_HAB,B1GQ,EU27_2020,2025,34200
A,CLV20_EUR_HAB,B1GQ,FI,2000,36230
A,CLV20_EUR_HAB,B1GQ,FI,2001,37100
A,CLV20_EUR_HAB,B1GQ,FI,2002,37630
A,CLV20_EUR_HAB,B1GQ,FI,2003,38300
A,CLV20_EUR_HAB,B1GQ,FI,2004,39720
A,CLV20_EUR_HAB,B1GQ,FI,2005,40680
A,CLV20_EUR_HAB,B1GQ,FI,2006,42150
A,CLV20_EUR_HAB,B1GQ,FI,2007,44210
A,CLV20_EUR_HAB,B1GQ,FI,2008,44350
A,CLV20_EUR_HAB,B1GQ,FI,2009,40570
A,CLV20_EUR_HAB,B1GQ,FI,2010,41660
A,CLV20_EUR_HAB,B1GQ,FI,2011,42460
A,CLV20_EUR_HAB,B1GQ,FI,2012,41620
A,CLV20_EUR_HAB,B1GQ,FI,2013,41020
A,CLV20_EUR_HAB,B1GQ,FI,2014,40650
A,CLV20_EUR_HAB,B1GQ,FI,2015,40700
A,CLV20_EUR_HAB,B1GQ,FI,2016,41640
A,CLV20_EUR_HAB,B1GQ,FI,2017,42910
A,CLV20_EUR_HAB,B1GQ,FI,2018,43360
A,CLV20_EUR_HAB,B1GQ,FI,2019,43910
A,CLV20_EUR_HAB,B1GQ,FI,2020,42740
A,CLV20_EUR_HAB,B1GQ,FI,2021,43800
A,CLV20_EUR_HAB,B1GQ,FI,2022,44010
A,CLV20_EUR_HAB,B1GQ,FI,2023,43280
A,CLV20_EUR_HAB,B1GQ,FI,2024,43330
A,CLV20_EUR_HAB,B1GQ,FI,2025,43450
A,CLV20_EUR_HAB,B1GQ,FR,2000,32030
A,CLV20_EUR_HAB,B1GQ,FR,2001,32400
A,CLV20_EUR_HAB,B1GQ,FR,2002,32510
A,CLV20_EUR_HAB,B1GQ,FR,2003,32600
A,CLV20_EUR_HAB,B1GQ,FR,2004,33300
A,CLV20_EUR_HAB,B1GQ,FR,2005,33680
A,CLV20_EUR_HAB,B1GQ,FR,2006,34360
A,CLV20_EUR_HAB,B1GQ,FR,2007,35010
A,CLV20_EUR_HAB,B1GQ,FR,2008,34960
A,CLV20_EUR_HAB,B1GQ,FR,2009,33800
A,CLV20_EUR_HAB,B1GQ,FR,2010,34310
A,CLV20_EUR_HAB,B1GQ,FR,2011,34990
A,CLV20_EUR_HAB,B1GQ,FR,2012,34880
A,CLV20_EUR_HAB,B1GQ,FR,2013,34990
A,CLV20_EUR_HAB,B1GQ,FR,2014,35150
A,CLV20_EUR_HAB,B1GQ,FR,2015,35370
A,CLV20_EUR_HAB,B1GQ,FR,2016,35540
A,CLV20_EUR_HAB,B1GQ,FR,2017,36140
A,CLV20_EUR_HAB,B1GQ,FR,2018,36570
A,CLV20_EUR_HAB,B1GQ,FR,2019,37160
A,CLV20_EUR_HAB,B1GQ,FR,2020,34230
A,CLV20_EUR_HAB,B1GQ,FR,2021,36460
A,CLV20_EUR_HAB,B1GQ,FR,2022,37280
A,CLV20_EUR_HAB,B1GQ,FR,2023,37730
A,CLV20_EUR_HAB,B1GQ,FR,2024,38180
A,CLV20_EUR_HAB,B1GQ,FR,2025,38360
A,CLV20_EUR_HAB,B1GQ,HR,2000,8490
A,CLV20_EUR_HAB,B1GQ,HR,2001,9100
A,CLV20_EUR_HAB,B1GQ,HR,2002,9620
A,CLV20_EUR_HAB,B1GQ,HR,2003,10150
A,CLV20_EUR_HAB,B1GQ,HR,2004,10570
A,CLV20_EUR_HAB,B1GQ,HR,2005,11020
A,CLV20_EUR_HAB,B1GQ,HR,2006,11570
A,CLV20_EUR_HAB,B1GQ,HR,2007,12160
A,CLV20_EUR_HAB,B1GQ,HR,2008,12400
A,CLV20_EUR_HAB,B1GQ,HR,2009,11570
A,CLV20_EUR_HAB,B1GQ,HR,2010,11440
A,CLV20_EUR_HAB,B1GQ,HR,2011,11470
A,CLV20_EUR_HAB,B1GQ,HR,2012,11270
A,CLV20_EUR_HAB,B1GQ,HR,2013,11340
A,CLV20_EUR_HAB,B1GQ,HR,2014,11370
A,CLV20_EUR_HAB,B1GQ,HR,2015,11760
A,CLV20_EUR_HAB,B1GQ,HR,2016,12320
A,CLV20_EUR_HAB,B1GQ,HR,2017,12910
A,CLV20_EUR_HAB,B1GQ,HR,2018,13460
A,CLV20_EUR_HAB,B1GQ,HR,2019,14020
A,CLV20_EUR_HAB,B1GQ,HR,2020,12980
A,CLV20_EUR_HAB,B1GQ,HR,2021,14750
A,CLV20_EUR_HAB,B1GQ,HR,2022,15900
A,CLV20_EUR_HAB,B1GQ,HR,2023,16490
A,CLV20_EUR_HAB,B1GQ,HR,2024,17060
A,CLV20_EUR_HAB,B1GQ,HR,2025,17590
A,CLV20_EUR_HAB,B1GQ,HU,2000,8800
A,CLV20_EUR_HAB,B1GQ,HU,2001,9180
A,CLV20_EUR_HAB,B1GQ,HU,2002,9640
A,CLV20_EUR_HAB,B1GQ,HU,2003,10050
A,CLV20_EUR_HAB,B1GQ,HU,2004,10570
A,CLV20_EUR_HAB,B1GQ,HU,2005,11050
A,CLV20_EUR_HAB,B1GQ,HU,2006,11500
A,CLV20_EUR_HAB,B1GQ,HU,2007,11550
A,CLV20_EUR_HAB,B1GQ,HU,2008,11690
A,CLV20_EUR_HAB,B1GQ,HU,2009,10920
A,CLV20_EUR_HAB,B1GQ,HU,2010,11060
A,CLV20_EUR_HAB,B1GQ,HU,2011,11300
A,CLV20_EUR_HAB,B1GQ,HU,2012,11220
A,CLV20_EUR_HAB,B1GQ,HU,2013,11490
A,CLV20_EUR_HAB,B1GQ,HU,2014,12040
A,CLV20_EUR_HAB,B1GQ,HU,2015,12530
A,CLV20_EUR_HAB,B1GQ,HU,2016,12880
A,CLV20_EUR_HAB,B1GQ,HU,2017,13460
A,CLV20_EUR_HAB,B1GQ,HU,2018,14240
A,CLV20_EUR_HAB,B1GQ,HU,2019,14980
A,CLV20_EUR_HAB,B1GQ,HU,2020,14370
A,CLV20_EUR_HAB,B1GQ,HU,2021,15470
A,CLV20_EUR_HAB,B1GQ,HU,2022,16160
A,CLV20_EUR_HAB,B1GQ,HU,2023,16050
A,CLV20_EUR_HAB,B1GQ,HU,2024,16210
A,CLV20_EUR_HAB,B1GQ,HU,2025,16370
A,CLV20_EUR_HAB,B1GQ,IE,2000,39850
A,CLV20_EUR_HAB,B1GQ,IE,2001,41310
A,CLV20_EUR_HAB,B1GQ,IE,2002,42990
A,CLV20_EUR_HAB,B1GQ,IE,2003,43570
A,CLV20_EUR_HAB,B1GQ,IE,2004,45690
A,CLV20_EUR_HAB,B1GQ,IE,2005,47240
A,CLV20_EUR_HAB,B1GQ,IE,2006,48320
A,CLV20_EUR_HAB,B1GQ,IE,2007,49380
A,CLV20_EUR_HAB,B1GQ,IE,2008,46160
A,CLV20_EUR_HAB,B1GQ,IE,2009,43390
A,CLV20_EUR_HAB,B1GQ,IE,2010,43920
A,CLV20_EUR_HAB,B1GQ,IE,2011,44450
A,CLV20_EUR_HAB,B1GQ,IE,2012,44090
A,CLV20_EUR_HAB,B1GQ,IE,2013,44830
A,CLV20_EUR_HAB,B1GQ,IE,2014,48700
A,CLV20_EUR_HAB,B1GQ,IE,2015,60150
A,CLV20_EUR_HAB,B1GQ,IE,2016,60160
A,CLV20_EUR_HAB,B1GQ,IE,2017,65290
A,CLV20_EUR_HAB,B1GQ,IE,2018,69310
A,CLV20_EUR_HAB,B1GQ,IE,2019,71640
A,CLV20_EUR_HAB,B1GQ,IE,2020,75620
A,CLV20_EUR_HAB,B1GQ,IE,2021,87150
A,CLV20_EUR_HAB,B1GQ,IE,2022,92300
A,CLV20_EUR_HAB,B1GQ,IE,2023,87630
A,CLV20_EUR_HAB,B1GQ,IE,2024,89300
A,CLV20_EUR_HAB,B1GQ,IE,2025,94930
A,CLV20_EUR_HAB,B1GQ,IS,2000,43650
A,CLV20_EUR_HAB,B1GQ,IS,2001,44720
A,CLV20_EUR_HAB,B1GQ,IS,2002,44570
A,CLV20_EUR_HAB,B1GQ,IS,2003,45270
A,CLV20_EUR_HAB,B1GQ,IS,2004,48290
A,CLV20_EUR_HAB,B1GQ,IS,2005,50880
A,CLV20_EUR_HAB,B1GQ,IS,2006,52510
A,CLV20_EUR_HAB,B1GQ,IS,2007,55670
A,CLV20_EUR_HAB,B1GQ,IS,2008,55580
A,CLV20_EUR_HAB,B1GQ,IS,2009,50780
A,CLV20_EUR_HAB,B1GQ,IS,2010,50250
A,CLV20_EUR_HAB,B1GQ,IS,2011,51310
A,CLV20_EUR_HAB,B1GQ,IS,2012,51570
A,CLV20_EUR_HAB,B1GQ,IS,2013,52880
A,CLV20_EUR_HAB,B1GQ,IS,2014,53280
A,CLV20_EUR_HAB,B1GQ,IS,2015,54760
A,CLV20_EUR_HAB,B1GQ,IS,2016,57320
A,CLV20_EUR_HAB,B1GQ,IS,2017,57910
A,CLV20_EUR_HAB,B1GQ,IS,2018,59120
A,CLV20_EUR_HAB,B1GQ,IS,2019,58770
A,CLV20_EUR_HAB,B1GQ,IS,2020,54190
A,CLV20_EUR_HAB,B1GQ,IS,2021,56150
A,CLV20_EUR_HAB,B1GQ,IS,2022,59720
A,CLV20_EUR_HAB,B1GQ,IS,2023,61170
A,CLV20_EUR_HAB,B1GQ,IS,2024,59270
A,CLV20_EUR_HAB,B1GQ,IS,2025,59220
A,CLV20_EUR_HAB,B1GQ,IT,2000,31090
A,CLV20_EUR_HAB,B1GQ,IT,2001,31690
A,CLV20_EUR_HAB,B1GQ,IT,2002,31720
A,CLV20_EUR_HAB,B1GQ,IT,2003,31570
A,CLV20_EUR_HAB,B1GQ,IT,2004,31790
A,CLV20_EUR_HAB,B1GQ,IT,2005,31850
A,CLV20_EUR_HAB,B1GQ,IT,2006,32290
A,CLV20_EUR_HAB,B1GQ,IT,2007,32570
A,CLV20_EUR_HAB,B1GQ,IT,2008,31990
A,CLV20_EUR_HAB,B1GQ,IT,2009,30110
A,CLV20_EUR_HAB,B1GQ,IT,2010,30440
A,CLV20_EUR_HAB,B1GQ,IT,2011,30550
A,CLV20_EUR_HAB,B1GQ,IT,2012,29510
A,CLV20_EUR_HAB,B1GQ,IT,2013,28920
A,CLV20_EUR_HAB,B1GQ,IT,2014,28910
A,CLV20_EUR_HAB,B1GQ,IT,2015,29210
A,CLV20_EUR_HAB,B1GQ,IT,2016,29630
A,CLV20_EUR_HAB,B1GQ,IT,2017,30160
A,CLV20_EUR_HAB,B1GQ,IT,2018,30470
A,CLV20_EUR_HAB,B1GQ,IT,2019,30680
A,CLV20_EUR_HAB,B1GQ,IT,2020,28100
A,CLV20_EUR_HAB,B1GQ,IT,2021,30760
A,CLV20_EUR_HAB,B1GQ,IT,2022,32310
A,CLV20_EUR_HAB,B1GQ,IT,2023,32630
A,CLV20_EUR_HAB,B1GQ,IT,2024,32900
A,CLV20_EUR_HAB,B1GQ,IT,2025,33080
A,CLV20_EUR_HAB,B1GQ,LT,2000,6550
A,CLV20_EUR_HAB,B1GQ,LT,2001,7030
A,CLV20_EUR_HAB,B1GQ,LT,2002,7560
A,CLV20_EUR_HAB,B1GQ,LT,2003,8430
A,CLV20_EUR_HAB,B1GQ,LT,2004,9080
A,CLV20_EUR_HAB,B1GQ,LT,2005,9940
A,CLV20_EUR_HAB,B1GQ,LT,2006,10850
A,CLV20_EUR_HAB,B1GQ,LT,2007,12190
A,CLV20_EUR_HAB,B1GQ,LT,2008,12640
A,CLV20_EUR_HAB,B1GQ,LT,2009,10880
A,CLV20_EUR_HAB,B1GQ,LT,2010,11160
A,CLV20_EUR_HAB,B1GQ,LT,2011,12140
A,CLV20_EUR_HAB,B1GQ,LT,2012,12830
A,CLV20_EUR_HAB,B1GQ,LT,2013,13480
A,CLV20_EUR_HAB,B1GQ,LT,2014,14100
A,CLV20_EUR_HAB,B1GQ,LT,2015,14630
A,CLV20_EUR_HAB,B1GQ,LT,2016,15200
A,CLV20_EUR_HAB,B1GQ,LT,2017,16090
A,CLV20_EUR_HAB,B1GQ,LT,2018,17030
A,CLV20_EUR_HAB,B1GQ,LT,2019,17870
A,CLV20_EUR_HAB,B1GQ,LT,2020,17890
A,CLV20_EUR_HAB,B1GQ,LT,2021,19040
A,CLV20_EUR_HAB,B1GQ,LT,2022,19350
A,CLV20_EUR_HAB,B1GQ,LT,2023,19220
A,CLV20_EUR_HAB,B1GQ,LT,2024,19690
A,CLV20_EUR_HAB,B1GQ,LT,2025,20260
A,CLV20_EUR_HAB,B1GQ,LU,2000,89790
A,CLV20_EUR_HAB,B1GQ,LU,2001,91530
A,CLV20_EUR_HAB,B1GQ,LU,2002,93470
A,CLV20_EUR_HAB,B1GQ,LU,2003,94720
A,CLV20_EUR_HAB,B1GQ,LU,2004,97390
A,CLV20_EUR_HAB,B1GQ,LU,2005,98260
A,CLV20_EUR_HAB,B1GQ,LU,2006,102580
A,CLV20_EUR_HAB,B1GQ,LU,2007,109100
A,CLV20_EUR_HAB,B1GQ,LU,2008,106870
A,CLV20_EUR_HAB,B1GQ,LU,2009,101540
A,CLV20_EUR_HAB,B1GQ,LU,2010,103430
A,CLV20_EUR_HAB,B1GQ,LU,2011,102120
A,CLV20_EUR_HAB,B1GQ,LU,2012,101440
A,CLV20_EUR_HAB,B1GQ,LU,2013,102010
A,CLV20_EUR_HAB,B1GQ,LU,2014,102250
A,CLV20_EUR_HAB,B1GQ,LU,2015,102530
A,CLV20_EUR_HAB,B1GQ,LU,2016,104920
A,CLV20_EUR_HAB,B1GQ,LU,2017,104020
A,CLV20_EUR_HAB,B1GQ,LU,2018,103640
A,CLV20_EUR_HAB,B1GQ,LU,2019,104310
A,CLV20_EUR_HAB,B1GQ,LU,2020,102190
A,CLV20_EUR_HAB,B1GQ,LU,2021,107570
A,CLV20_EUR_HAB,B1GQ,LU,2022,104100
A,CLV20_EUR_HAB,B1GQ,LU,2023,102250
A,CLV20_EUR_HAB,B1GQ,LU,2024,101000
A,CLV20_EUR_HAB,B1GQ,LU,2025,100380
A,CLV20_EUR_HAB,B1GQ,LV,2000,6540
A,CLV20_EUR_HAB,B1GQ,LV,2001,7050
A,CLV20_EUR_HAB,B1GQ,LV,2002,7680
A,CLV20_EUR_HAB,B1GQ,LV,2003,8410
A,CLV20_EUR_HAB,B1GQ,LV,2004,9240
A,CLV20_EUR_HAB,B1GQ,LV,2005,10430
A,CLV20_EUR_HAB,B1GQ,LV,2006,11870
A,CLV20_EUR_HAB,B1GQ,LV,2007,13220
A,CLV20_EUR_HAB,B1GQ,LV,2008,12900
A,CLV20_EUR_HAB,B1GQ,LV,2009,11020
A,CLV20_EUR_HAB,B1GQ,LV,2010,10840
A,CLV20_EUR_HAB,B1GQ,LV,2011,11380
A,CLV20_EUR_HAB,B1GQ,LV,2012,12360
A,CLV20_EUR_HAB,B1GQ,LV,2013,12750
A,CLV20_EUR_HAB,B1GQ,LV,2014,13140
A,CLV20_EUR_HAB,B1GQ,LV,2015,13750
A,CLV20_EUR_HAB,B1GQ,LV,2016,14230
A,CLV20_EUR_HAB,B1GQ,LV,2017,14850
A,CLV20_EUR_HAB,B1GQ,LV,2018,15610
A,CLV20_EUR_HAB,B1GQ,LV,2019,15820
A,CLV20_EUR_HAB,B1GQ,LV,2020,15370
A,CLV20_EUR_HAB,B1GQ,LV,2021,16580
A,CLV20_EUR_HAB,B1GQ,LV,2022,16890
A,CLV20_EUR_HAB,B1GQ,LV,2023,16770
A,CLV20_EUR_HAB,B1GQ,LV,2024,16910
A,CLV20_EUR_HAB,B1GQ,LV,2025,17520
A,CLV20_EUR_HAB,B1GQ,MD,2015,3310
A,CLV20_EUR_HAB,B1GQ,MD,2016,3500
A,CLV20_EUR_HAB,B1GQ,MD,2017,3710
A,CLV20_EUR_HAB,B1GQ,MD,2018,3930
A,CLV20_EUR_HAB,B1GQ,MD,2019,4140
A,CLV20_EUR_HAB,B1GQ,MD,2020,3840
A,CLV20_EUR_HAB,B1GQ,MD,2021,4440
A,CLV20_EUR_HAB,B1GQ,MD,2022,4340
A,CLV20_EUR_HAB,B1GQ,MD,2023,4580
A,CLV20_EUR_HAB,B1GQ,MD,2024,4640
A,CLV20_EUR_HAB,B1GQ,MD,2025,4800
A,CLV20_EUR_HAB,B1GQ,ME,2006,5610
A,CLV20_EUR_HAB,B1GQ,ME,2007,6000
A,CLV20_EUR_HAB,B1GQ,ME,2008,6400
A,CLV20_EUR_HAB,B1GQ,ME,2009,6010
A,CLV20_EUR_HAB,B1GQ,ME,2010,6160
A,CLV20_EUR_HAB,B1GQ,ME,2011,6360
A,CLV20_EUR_HAB,B1GQ,ME,2012,6190
A,CLV20_EUR_HAB,B1GQ,ME,2013,6390
A,CLV20_EUR_HAB,B1GQ,ME,2014,6530
A,CLV20_EUR_HAB,B1GQ,ME,2015,6690
A,CLV20_EUR_HAB,B1GQ,ME,2016,6910
A,CLV20_EUR_HAB,B1GQ,ME,2017,7120
A,CLV20_EUR_HAB,B1GQ,ME,2018,7460
A,CLV20_EUR_HAB,B1GQ,ME,2019,7780
A,CLV20_EUR_HAB,B1GQ,ME,2020,6610
A,CLV20_EUR_HAB,B1GQ,ME,2021,7500
A,CLV20_EUR_HAB,B1GQ,ME,2022,8100
A,CLV20_EUR_HAB,B1GQ,ME,2023,8620
A,CLV20_EUR_HAB,B1GQ,ME,2024,8890
A,CLV20_EUR_HAB,B1GQ,ME,2025,9140
A,CLV20_EUR_HAB,B1GQ,MK,2003,3370
A,CLV20_EUR_HAB,B1GQ,MK,2004,3540
A,CLV20_EUR_HAB,B1GQ,MK,2005,3720
A,CLV20_EUR_HAB,B1GQ,MK,2006,3940
A,CLV20_EUR_HAB,B1GQ,MK,2007,4210
A,CLV20_EUR_HAB,B1GQ,MK,2008,4470
A,CLV20_EUR_HAB,B1GQ,MK,2009,4480
A,CLV20_EUR_HAB,B1GQ,MK,2010,4660
A,CLV20_EUR_HAB,B1GQ,MK,2011,4800
A,CLV20_EUR_HAB,B1GQ,MK,2012,4790
A,CLV20_EUR_HAB,B1GQ,MK,2013,4950
A,CLV20_EUR_HAB,B1GQ,MK,2014,5140
A,CLV20_EUR_HAB,B1GQ,MK,2015,5360
A,CLV20_EUR_HAB,B1GQ,MK,2016,5530
A,CLV20_EUR_HAB,B1GQ,MK,2017,5610
A,CLV20_EUR_HAB,B1GQ,MK,2018,5800
A,CLV20_EUR_HAB,B1GQ,MK,2019,6070
A,CLV20_EUR_HAB,B1GQ,MK,2020,5840
A,CLV20_EUR_HAB,B1GQ,MK,2021,6170
A,CLV20_EUR_HAB,B1GQ,MK,2022,6360
A,CLV20_EUR_HAB,B1GQ,MK,2023,6540
A,CLV20_EUR_HAB,B1GQ,MK,2024,6750
A,CLV20_EUR_HAB,B1GQ,MK,2025,7000
A,CLV20_EUR_HAB,B1GQ,MT,2000,17350
A,CLV20_EUR_HAB,B1GQ,MT,2001,16910
A,CLV20_EUR_HAB,B1GQ,MT,2002,17250
A,CLV20_EUR_HAB,B1GQ,MT,2003,17770
A,CLV20_EUR_HAB,B1GQ,MT,2004,17720
A,CLV20_EUR_HAB,B1GQ,MT,2005,18120
A,CLV20_EUR_HAB,B1GQ,MT,2006,18480
A,CLV20_EUR_HAB,B1GQ,MT,2007,19340
A,CLV20_EUR_HAB,B1GQ,MT,2008,20060
A,CLV20_EUR_HAB,B1GQ,MT,2009,19630
A,CLV20_EUR_HAB,B1GQ,MT,2010,20750
A,CLV20_EUR_HAB,B1GQ,MT,2011,20860
A,CLV20_EUR_HAB,B1GQ,MT,2012,21540
A,CLV20_EUR_HAB,B1GQ,MT,2013,22600
A,CLV20_EUR_HAB,B1GQ,MT,2014,23840
A,CLV20_EUR_HAB,B1GQ,MT,2015,25520
A,CLV20_EUR_HAB,B1GQ,MT,2016,25960
A,CLV20_EUR_HAB,B1GQ,MT,2017,28530
A,CLV20_EUR_HAB,B1GQ,MT,2018,29510
A,CLV20_EUR_HAB,B1GQ,MT,2019,29480
A,CLV20_EUR_HAB,B1GQ,MT,2020,27870
A,CLV20_EUR_HAB,B1GQ,MT,2021,31410
A,CLV20_EUR_HAB,B1GQ,MT,2022,31830
A,CLV20_EUR_HAB,B1GQ,MT,2023,32760
A,CLV20_EUR_HAB,B1GQ,MT,2024,33540
A,CLV20_EUR_HAB,B1GQ,MT,2025,34360
A,CLV20_EUR_HAB,B1GQ,NL,2000,40430
A,CLV20_EUR_HAB,B1GQ,NL,2001,41060
A,CLV20_EUR_HAB,B1GQ,NL,2002,40890
A,CLV20_EUR_HAB,B1GQ,NL,2003,40740
A,CLV20_EUR_HAB,B1GQ,NL,2004,41420
A,CLV20_EUR_HAB,B1GQ,NL,2005,42160
A,CLV20_EUR_HAB,B1GQ,NL,2006,43590
A,CLV20_EUR_HAB,B1GQ,NL,2007,45180
A,CLV20_EUR_HAB,B1GQ,NL,2008,45960
A,CLV20_EUR_HAB,B1GQ,NL,2009,44050
A,CLV20_EUR_HAB,B1GQ,NL,2010,44400
A,CLV20_EUR_HAB,B1GQ,NL,2011,44980
A,CLV20_EUR_HAB,B1GQ,NL,2012,44370
A,CLV20_EUR_HAB,B1GQ,NL,2013,44230
A,CLV20_EUR_HAB,B1GQ,NL,2014,44780
A,CLV20_EUR_HAB,B1GQ,NL,2015,45530
A,CLV20_EUR_HAB,B1GQ,NL,2016,46380
A,CLV20_EUR_HAB,B1GQ,NL,2017,47390
A,CLV20_EUR_HAB,B1GQ,NL,2018,48180
A,CLV20_EUR_HAB,B1GQ,NL,2019,48970
A,CLV20_EUR_HAB,B1GQ,NL,2020,46810
A,CLV20_EUR_HAB,B1GQ,NL,2021,49490
A,CLV20_EUR_HAB,B1GQ,NL,2022,51480
A,CLV20_EUR_HAB,B1GQ,NL,2023,50660
A,CLV20_EUR_HAB,B1GQ,NL,2024,50870
A,CLV20_EUR_HAB,B1GQ,NL,2025,51400
A,CLV20_EUR_HAB,B1GQ,NO,2000,53820
A,CLV20_EUR_HAB,B1GQ,NO,2001,54700
A,CLV20_EUR_HAB,B1GQ,NO,2002,55210
A,CLV20_EUR_HAB,B1GQ,NO,2003,55480
A,CLV20_EUR_HAB,B1GQ,NO,2004,57540
A,CLV20_EUR_HAB,B1GQ,NO,2005,58860
A,CLV20_EUR_HAB,B1GQ,NO,2006,60040
A,CLV20_EUR_HAB,B1GQ,NO,2007,61460
A,CLV20_EUR_HAB,B1GQ,NO,2008,61200
A,CLV20_EUR_HAB,B1GQ,NO,2009,59450
A,CLV20_EUR_HAB,B1GQ,NO,2010,59310
A,CLV20_EUR_HAB,B1GQ,NO,2011,59350
A,CLV20_EUR_HAB,B1GQ,NO,2012,60230
A,CLV20_EUR_HAB,B1GQ,NO,2013,60260
A,CLV20_EUR_HAB,B1GQ,NO,2014,60840
A,CLV20_EUR_HAB,B1GQ,NO,2015,61450
A,CLV20_EUR_HAB,B1GQ,NO,2016,61700
A,CLV20_EUR_HAB,B1GQ,NO,2017,62850
A,CLV20_EUR_HAB,B1GQ,NO,2018,63130
A,CLV20_EUR_HAB,B1GQ,NO,2019,63630
A,CLV20_EUR_HAB,B1GQ,NO,2020,62400
A,CLV20_EUR_HAB,B1GQ,NO,2021,64640
A,CLV20_EUR_HAB,B1GQ,NO,2022,66670
A,CLV20_EUR_HAB,B1GQ,NO,2023,66140
A,CLV20_EUR_HAB,B1GQ,NO,2024,66460
A,CLV20_EUR_HAB,B1GQ,NO,2025,66720
A,CLV20_EUR_HAB,B1GQ,PL,2000,6950
A,CLV20_EUR_HAB,B1GQ,PL,2001,7040
A,CLV20_EUR_HAB,B1GQ,PL,2002,7180
A,CLV20_EUR_HAB,B1GQ,PL,2003,7440
A,CLV20_EUR_HAB,B1GQ,PL,2004,7820
A,CLV20_EUR_HAB,B1GQ,PL,2005,8080
A,CLV20_EUR_HAB,B1GQ,PL,2006,8590
A,CLV20_EUR_HAB,B1GQ,PL,2007,9170
A,CLV20_EUR_HAB,B1GQ,PL,2008,9570
A,CLV20_EUR_HAB,B1GQ,PL,2009,9810
A,CLV20_EUR_HAB,B1GQ,PL,2010,10150
A,CLV20_EUR_HAB,B1GQ,PL,2011,10680
A,CLV20_EUR_HAB,B1GQ,PL,2012,10840
A,CLV20_EUR_HAB,B1GQ,PL,2013,10930
A,CLV20_EUR_HAB,B1GQ,PL,2014,11360
A,CLV20_EUR_HAB,B1GQ,PL,2015,11870
A,CLV20_EUR_HAB,B1GQ,PL,2016,12240
A,CLV20_EUR_HAB,B1GQ,PL,2017,12870
A,CLV20_EUR_HAB,B1GQ,PL,2018,13680
A,CLV20_EUR_HAB,B1GQ,PL,2019,14310
A,CLV20_EUR_HAB,B1GQ,PL,2020,14310
A,CLV20_EUR_HAB,B1GQ,PL,2021,15380
A,CLV20_EUR_HAB,B1GQ,PL,2022,15840
A,CLV20_EUR_HAB,B1GQ,PL,2023,15950
A,CLV20_EUR_HAB,B1GQ,PL,2024,16510
A,CLV20_EUR_HAB,B1GQ,PL,2025,17170
A,CLV20_EUR_HAB,B1GQ,PT,2000,18580
A,CLV20_EUR_HAB,B1GQ,PT,2001,18810
A,CLV20_EUR_HAB,B1GQ,PT,2002,18850
A,CLV20_EUR_HAB,B1GQ,PT,2003,18600
A,CLV20_EUR_HAB,B1GQ,PT,2004,18890
A,CLV20_EUR_HAB,B1GQ,PT,2005,19000
A,CLV20_EUR_HAB,B1GQ,PT,2006,19280
A,CLV20_EUR_HAB,B1GQ,PT,2007,19720
A,CLV20_EUR_HAB,B1GQ,PT,2008,19760
A,CLV20_EUR_HAB,B1GQ,PT,2009,19120
A,CLV20_EUR_HAB,B1GQ,PT,2010,19440
A,CLV20_EUR_HAB,B1GQ,PT,2011,19110
A,CLV20_EUR_HAB,B1GQ,PT,2012,18410
A,CLV20_EUR_HAB,B1GQ,PT,2013,18330
A,CLV20_EUR_HAB,B1GQ,PT,2014,18560
A,CLV20_EUR_HAB,B1GQ,PT,2015,18920
A,CLV20_EUR_HAB,B1GQ,PT,2016,19350
A,CLV20_EUR_HAB,B1GQ,PT,2017,20020
A,CLV20_EUR_HAB,B1GQ,PT,2018,20620
A,CLV20_EUR_HAB,B1GQ,PT,2019,21150
A,CLV20_EUR_HAB,B1GQ,PT,2020,19360
A,CLV20_EUR_HAB,B1GQ,PT,2021,20390
A,CLV20_EUR_HAB,B1GQ,PT,2022,21690
A,CLV20_EUR_HAB,B1GQ,PT,2023,22130
A,CLV20_EUR_HAB,B1GQ,PT,2024,22370
A,CLV20_EUR_HAB,B1GQ,PT,2025,22560
A,CLV20_EUR_HAB,B1GQ,RO,2000,4810
A,CLV20_EUR_HAB,B1GQ,RO,2001,5060
A,CLV20_EUR_HAB,B1GQ,RO,2002,5530
A,CLV20_EUR_HAB,B1GQ,RO,2003,5690
A,CLV20_EUR_HAB,B1GQ,RO,2004,6320
A,CLV20_EUR_HAB,B1GQ,RO,2005,6650
A,CLV20_EUR_HAB,B1GQ,RO,2006,7230
A,CLV20_EUR_HAB,B1GQ,RO,2007,7870
A,CLV20_EUR_HAB,B1GQ,RO,2008,8740
A,CLV20_EUR_HAB,B1GQ,RO,2009,8330
A,CLV20_EUR_HAB,B1GQ,RO,2010,8050
A,CLV20_EUR_HAB,B1GQ,RO,2011,8460
A,CLV20_EUR_HAB,B1GQ,RO,2012,8660
A,CLV20_EUR_HAB,B1GQ,RO,2013,8710
A,CLV20_EUR_HAB,B1GQ,RO,2014,9100
A,CLV20_EUR_HAB,B1GQ,RO,2015,9430
A,CLV20_EUR_HAB,B1GQ,RO,2016,9760
A,CLV20_EUR_HAB,B1GQ,RO,2017,10620
A,CLV20_EUR_HAB,B1GQ,RO,2018,11260
A,CLV20_EUR_HAB,B1GQ,RO,2019,11760
A,CLV20_EUR_HAB,B1GQ,RO,2020,11390
A,CLV20_EUR_HAB,B1GQ,RO,2021,12130
A,CLV20_EUR_HAB,B1GQ,RO,2022,12690
A,CLV20_EUR_HAB,B1GQ,RO,2023,12970
A,CLV20_EUR_HAB,B1GQ,RO,2024,13090
A,CLV20_EUR_HAB,B1GQ,RO,2025,13190
A,CLV20_EUR_HAB,B1GQ,RS,2000,3670
A,CLV20_EUR_HAB,B1GQ,RS,2001,3930
A,CLV20_EUR_HAB,B1GQ,RS,2002,4190
A,CLV20_EUR_HAB,B1GQ,RS,2003,4390
A,CLV20_EUR_HAB,B1GQ,RS,2004,4700
A,CLV20_EUR_HAB,B1GQ,RS,2005,4990
A,CLV20_EUR_HAB,B1GQ,RS,2006,5200
A,CLV20_EUR_HAB,B1GQ,RS,2007,5630
A,CLV20_EUR_HAB,B1GQ,RS,2008,5950
A,CLV20_EUR_HAB,B1GQ,RS,2009,5790
A,CLV20_EUR_HAB,B1GQ,RS,2010,5900
A,CLV20_EUR_HAB,B1GQ,RS,2011,5950
A,CLV20_EUR_HAB,B1GQ,RS,2012,5950
A,CLV20_EUR_HAB,B1GQ,RS,2013,6010
A,CLV20_EUR_HAB,B1GQ,RS,2014,5930
A,CLV20_EUR_HAB,B1GQ,RS,2015,6040
A,CLV20_EUR_HAB,B1GQ,RS,2016,6250
A,CLV20_EUR_HAB,B1GQ,RS,2017,6430
A,CLV20_EUR_HAB,B1GQ,RS,2018,6770
A,CLV20_EUR_HAB,B1GQ,RS,2019,7130
A,CLV20_EUR_HAB,B1GQ,RS,2020,7110
A,CLV20_EUR_HAB,B1GQ,RS,2021,7740
A,CLV20_EUR_HAB,B1GQ,RS,2022,8160
A,CLV20_EUR_HAB,B1GQ,RS,2023,8510
A,CLV20_EUR_HAB,B1GQ,RS,2024,8900
A,CLV20_EUR_HAB,B1GQ,RS,2025,9140
A,CLV20_EUR_HAB,B1GQ,SE,2000,37180
A,CLV20_EUR_HAB,B1GQ,SE,2001,37580
A,CLV20_EUR_HAB,B1GQ,SE,2002,38310
A,CLV20_EUR_HAB,B1GQ,SE,2003,38890
A,CLV20_EUR_HAB,B1GQ,SE,2004,40360
A,CLV20_EUR_HAB,B1GQ,SE,2005,41330
A,CLV20_EUR_HAB,B1GQ,SE,2006,42990
A,CLV20_EUR_HAB,B1GQ,SE,2007,44080
A,CLV20_EUR_HAB,B1GQ,SE,2008,43330
A,CLV20_EUR_HAB,B1GQ,SE,2009,41130
A,CLV20_EUR_HAB,B1GQ,SE,2010,43130
A,CLV20_EUR_HAB,B1GQ,SE,2011,44150
A,CLV20_EUR_HAB,B1GQ,SE,2012,43650
A,CLV20_EUR_HAB,B1GQ,SE,2013,43770
A,CLV20_EUR_HAB,B1GQ,SE,2014,44330
A,CLV20_EUR_HAB,B1GQ,SE,2015,45790
A,CLV20_EUR_HAB,B1GQ,SE,2016,46220
A,CLV20_EUR_HAB,B1GQ,SE,2017,46420
A,CLV20_EUR_HAB,B1GQ,SE,2018,46700
A,CLV20_EUR_HAB,B1GQ,SE,2019,47410
A,CLV20_EUR_HAB,B1GQ,SE,2020,46180
A,CLV20_EUR_HAB,B1GQ,SE,2021,48300
A,CLV20_EUR_HAB,B1GQ,SE,2022,48390
A,CLV20_EUR_HAB,B1GQ,SE,2023,47960
A,CLV20_EUR_HAB,B1GQ,SE,2024,48770
A,CLV20_EUR_HAB,B1GQ,SE,2025,49250
A,CLV20_EUR_HAB,B1GQ,SI,2000,15730
A,CLV20_EUR_HAB,B1GQ,SI,2001,16160
A,CLV20_EUR_HAB,B1GQ,SI,2002,16660
A,CLV20_EUR_HAB,B1GQ,SI,2003,17180
A,CLV20_EUR_HAB,B1GQ,SI,2004,17950
A,CLV20_EUR_HAB,B1GQ,SI,2005,18610
A,CLV20_EUR_HAB,B1GQ,SI,2006,19640
A,CLV20_EUR_HAB,B1GQ,SI,2007,20930
A,CLV20_EUR_HAB,B1GQ,SI,2008,21600
A,CLV20_EUR_HAB,B1GQ,SI,2009,19770
A,CLV20_EUR_HAB,B1GQ,SI,2010,19920
A,CLV20_EUR_HAB,B1GQ,SI,2011,20010
A,CLV20_EUR_HAB,B1GQ,SI,2012,19390
A,CLV20_EUR_HAB,B1GQ,SI,2013,19210
A,CLV20_EUR_HAB,B1GQ,SI,2014,19720
A,CLV20_EUR_HAB,B1GQ,SI,2015,20170
A,CLV20_EUR_HAB,B1GQ,SI,2016,20770
A,CLV20_EUR_HAB,B1GQ,SI,2017,21830
A,CLV20_EUR_HAB,B1GQ,SI,2018,22720
A,CLV20_EUR_HAB,B1GQ,SI,2019,23330
A,CLV20_EUR_HAB,B1GQ,SI,2020,22230
A,CLV20_EUR_HAB,B1GQ,SI,2021,24040
A,CLV20_EUR_HAB,B1GQ,SI,2022,24650
A,CLV20_EUR_HAB,B1GQ,SI,2023,25170
A,CLV20_EUR_HAB,B1GQ,SI,2024,25600
A,CLV20_EUR_HAB,B1GQ,SI,2025,25940
A,CLV20_EUR_HAB,B1GQ,SK,2000,8730
A,CLV20_EUR_HAB,B1GQ,SK,2001,9020
A,CLV20_EUR_HAB,B1GQ,SK,2002,9420
A,CLV20_EUR_HAB,B1GQ,SK,2003,9880
A,CLV20_EUR_HAB,B1GQ,SK,2004,10410
A,CLV20_EUR_HAB,B1GQ,SK,2005,11070
A,CLV20_EUR_HAB,B1GQ,SK,2006,12050
A,CLV20_EUR_HAB,B1GQ,SK,2007,13340
A,CLV20_EUR_HAB,B1GQ,SK,2008,14030
A,CLV20_EUR_HAB,B1GQ,SK,2009,13230
A,CLV20_EUR_HAB,B1GQ,SK,2010,14100
A,CLV20_EUR_HAB,B1GQ,SK,2011,14540
A,CLV20_EUR_HAB,B1GQ,SK,2012,14750
A,CLV20_EUR_HAB,B1GQ,SK,2013,14830
A,CLV20_EUR_HAB,B1GQ,SK,2014,15220
A,CLV20_EUR_HAB,B1GQ,SK,2015,16000
A,CLV20_EUR_HAB,B1GQ,SK,2016,16280
A,CLV20_EUR_HAB,B1GQ,SK,2017,16730
A,CLV20_EUR_HAB,B1GQ,SK,2018,17380
A,CLV20_EUR_HAB,B1GQ,SK,2019,17760
A,CLV20_EUR_HAB,B1GQ,SK,2020,17270
A,CLV20_EUR_HAB,B1GQ,SK,2021,18320
A,CLV20_EUR_HAB,B1GQ,SK,2022,18360
A,CLV20_EUR_HAB,B1GQ,SK,2023,18750
A,CLV20_EUR_HAB,B1GQ,SK,2024,19110
A,CLV20_EUR_HAB,B1GQ,SK,2025,19270
A,CLV20_EUR_HAB,B1GQ,TR,2000,4000
A,CLV20_EUR_HAB,B1GQ,TR,2001,3730
A,CLV20_EUR_HAB,B1GQ,TR,2002,3920
A,CLV20_EUR_HAB,B1GQ,TR,2003,4090
A,CLV20_EUR_HAB,B1GQ,TR,2004,4450
A,CLV20_EUR_HAB,B1GQ,TR,2005,4790
A,CLV20_EUR_HAB,B1GQ,TR,2006,5070
A,CLV20_EUR_HAB,B1GQ,TR,2007,5260
A,CLV20_EUR_HAB,B1GQ,TR,2008,5240
A,CLV20_EUR_HAB,B1GQ,TR,2009,4920
A,CLV20_EUR_HAB,B1GQ,TR,2010,5260
A,CLV20_EUR_HAB,B1GQ,TR,2011,5750
A,CLV20_EUR_HAB,B1GQ,TR,2012,5950
A,CLV20_EUR_HAB,B1GQ,TR,2013,6360
A,CLV20_EUR_HAB,B1GQ,TR,2014,6500
A,CLV20_EUR_HAB,B1GQ,TR,2015,6690
A,CLV20_EUR_HAB,B1GQ,TR,2016,6770
A,CLV20_EUR_HAB,B1GQ,TR,2017,7170
A,CLV20_EUR_HAB,B1GQ,TR,2018,7290
A,CLV20_EUR_HAB,B1GQ,TR,2019,7270
A,CLV20_EUR_HAB,B1GQ,TR,2020,7340
A,CLV20_EUR_HAB,B1GQ,TR,2021,8130
A,CLV20_EUR_HAB,B1GQ,TR,2022,8490
A,CLV20_EUR_HAB,B1GQ,TR,2023,8920
A,CLV20_EUR_HAB,B1GQ,TR,2024,9220
