freq,unit,nace_r2,na_item,geo,time,value
A,CLV20_MEUR,B-E,B1G,AL,1995,409.3
A,CLV20_MEUR,B-E,B1G,AL,1996,465.0
A,CLV20_MEUR,B-E,B1G,AL,1997,346.7
A,CLV20_MEUR,B-E,B1G,AL,1998,444.9
A,CLV20_MEUR,B-E,B1G,AL,1999,508.9
A,CLV20_MEUR,B-E,B1G,AL,2000,528.2
A,CLV20_MEUR,B-E,B1G,AL,2001,550.7
A,CLV20_MEUR,B-E,B1G,AL,2002,537.8
A,CLV20_MEUR,B-E,B1G,AL,2003,684.5
A,CLV20_MEUR,B-E,B1G,AL,2004,739.0
A,CLV20_MEUR,B-E,B1G,AL,2005,797.5
A,CLV20_MEUR,B-E,B1G,AL,2006,871.5
A,CLV20_MEUR,B-E,B1G,AL,2007,845.9
A,CLV20_MEUR,B-E,B1G,AL,2008,851.2
A,CLV20_MEUR,B-E,B1G,AL,2009,898.4
A,CLV20_MEUR,B-E,B1G,AL,2010,1060.3
A,CLV20_MEUR,B-E,B1G,AL,2011,1065.4
A,CLV20_MEUR,B-E,B1G,AL,2012,1043.0
A,CLV20_MEUR,B-E,B1G,AL,2013,1188.2
A,CLV20_MEUR,B-E,B1G,AL,2014,1285.1
A,CLV20_MEUR,B-E,B1G,AL,2015,1374.0
A,CLV20_MEUR,B-E,B1G,AL,2016,1470.3
A,CLV20_MEUR,B-E,B1G,AL,2017,1403.4
A,CLV20_MEUR,B-E,B1G,AL,2018,1591.8
A,CLV20_MEUR,B-E,B1G,AL,2019,1629.8
A,CLV20_MEUR,B-E,B1G,AL,2020,1510.4
A,CLV20_MEUR,B-E,B1G,AL,2021,1633.8
A,CLV20_MEUR,B-E,B1G,AL,2022,1704.7
A,CLV20_MEUR,B-E,B1G,AL,2023,1768.9
A,CLV20_MEUR,B-E,B1G,AL,2024,1688.4
A,CLV20_MEUR,B-E,B1G,AT,1995,46007.8
A,CLV20_MEUR,B-E,B1G,AT,1996,46598.7
A,CLV20_MEUR,B-E,B1G,AT,1997,47986.2
A,CLV20_MEUR,B-E,B1G,AT,1998,49374.1
A,CLV20_MEUR,B-E,B1G,AT,1999,51573.9
A,CLV20_MEUR,B-E,B1G,AT,2000,54366.0
A,CLV20_MEUR,B-E,B1G,AT,2001,56387.7
A,CLV20_MEUR,B-E,B1G,AT,2002,55798.4
A,CLV20_MEUR,B-E,B1G,AT,2003,56295.7
A,CLV20_MEUR,B-E,B1G,AT,2004,58503.6
A,CLV20_MEUR,B-E,B1G,AT,2005,60578.3
A,CLV20_MEUR,B-E,B1G,AT,2006,64100.6
A,CLV20_MEUR,B-E,B1G,AT,2007,67429.8
A,CLV20_MEUR,B-E,B1G,AT,2008,67921.4
A,CLV20_MEUR,B-E,B1G,AT,2009,60002.8
A,CLV20_MEUR,B-E,B1G,AT,2010,63815.9
A,CLV20_MEUR,B-E,B1G,AT,2011,67374.1
A,CLV20_MEUR,B-E,B1G,AT,2012,68490.6
A,CLV20_MEUR,B-E,B1G,AT,2013,69144.2
A,CLV20_MEUR,B-E,B1G,AT,2014,69778.0
A,CLV20_MEUR,B-E,B1G,AT,2015,70072.1
A,CLV20_MEUR,B-E,B1G,AT,2016,73189.2
A,CLV20_MEUR,B-E,B1G,AT,2017,75545.9
A,CLV20_MEUR,B-E,B1G,AT,2018,78288.0
A,CLV20_MEUR,B-E,B1G,AT,2019,79172.9
A,CLV20_MEUR,B-E,B1G,AT,2020,73789.8
A,CLV20_MEUR,B-E,B1G,AT,2021,80840.3
A,CLV20_MEUR,B-E,B1G,AT,2022,87990.1
A,CLV20_MEUR,B-E,B1G,AT,2023,85744.9
A,CLV20_MEUR,B-E,B1G,AT,2024,81474.8
A,CLV20_MEUR,B-E,B1G,AT,2025,81182.7
A,CLV20_MEUR,B-E,B1G,BA,2000,1722.6
A,CLV20_MEUR,B-E,B1G,BA,2001,1821.6
A,CLV20_MEUR,B-E,B1G,BA,2002,1884.7
A,CLV20_MEUR,B-E,B1G,BA,2003,1979.9
A,CLV20_MEUR,B-E,B1G,BA,2004,2142.8
A,CLV20_MEUR,B-E,B1G,BA,2005,2312.6
A,CLV20_MEUR,B-E,B1G,BA,2006,2589.0
A,CLV20_MEUR,B-E,B1G,BA,2007,2773.2
A,CLV20_MEUR,B-E,B1G,BA,2008,2969.7
A,CLV20_MEUR,B-E,B1G,BA,2009,2857.2
A,CLV20_MEUR,B-E,B1G,BA,2010,3018.7
A,CLV20_MEUR,B-E,B1G,BA,2011,3025.0
A,CLV20_MEUR,B-E,B1G,BA,2012,2940.6
A,CLV20_MEUR,B-E,B1G,BA,2013,3098.6
A,CLV20_MEUR,B-E,B1G,BA,2014,3116.5
A,CLV20_MEUR,B-E,B1G,BA,2015,3135.6
A,CLV20_MEUR,B-E,B1G,BA,2016,3306.8
A,CLV20_MEUR,B-E,B1G,BA,2017,3480.0
A,CLV20_MEUR,B-E,B1G,BA,2018,3628.5
A,CLV20_MEUR,B-E,B1G,BA,2019,3553.5
A,CLV20_MEUR,B-E,B1G,BA,2020,3413.3
A,CLV20_MEUR,B-E,B1G,BA,2021,3799.6
A,CLV20_MEUR,B-E,B1G,BA,2022,3866.4
A,CLV20_MEUR,B-E,B1G,BA,2023,3766.9
A,CLV20_MEUR,B-E,B1G,BA,2024,3692.7
A,CLV20_MEUR,B-E,B1G,BA,2025,3588.9
A,CLV20_MEUR,B-E,B1G,BE,1995,52215.4
A,CLV20_MEUR,B-E,B1G,BE,1996,54095.4
A,CLV20_MEUR,B-E,B1G,BE,1997,57508.1
A,CLV20_MEUR,B-E,B1G,BE,1998,58831.6
A,CLV20_MEUR,B-E,B1G,BE,1999,59387.1
A,CLV20_MEUR,B-E,B1G,BE,2000,62898.8
A,CLV20_MEUR,B-E,B1G,BE,2001,63137.0
A,CLV20_MEUR,B-E,B1G,BE,2002,63222.2
A,CLV20_MEUR,B-E,B1G,BE,2003,63236.1
A,CLV20_MEUR,B-E,B1G,BE,2004,65992.5
A,CLV20_MEUR,B-E,B1G,BE,2005,67183.4
A,CLV20_MEUR,B-E,B1G,BE,2006,66090.7
A,CLV20_MEUR,B-E,B1G,BE,2007,69887.9
A,CLV20_MEUR,B-E,B1G,BE,2008,67876.5
A,CLV20_MEUR,B-E,B1G,BE,2009,64455.3
A,CLV20_MEUR,B-E,B1G,BE,2010,67120.4
A,CLV20_MEUR,B-E,B1G,BE,2011,67735.3
A,CLV20_MEUR,B-E,B1G,BE,2012,65821.4
A,CLV20_MEUR,B-E,B1G,BE,2013,66785.0
A,CLV20_MEUR,B-E,B1G,BE,2014,67848.9
A,CLV20_MEUR,B-E,B1G,BE,2015,68301.5
A,CLV20_MEUR,B-E,B1G,BE,2016,67209.4
A,CLV20_MEUR,B-E,B1G,BE,2017,68271.0
A,CLV20_MEUR,B-E,B1G,BE,2018,67895.5
A,CLV20_MEUR,B-E,B1G,BE,2019,70445.1
A,CLV20_MEUR,B-E,B1G,BE,2020,66815.9
A,CLV20_MEUR,B-E,B1G,BE,2021,63461.5
A,CLV20_MEUR,B-E,B1G,BE,2022,69526.0
A,CLV20_MEUR,B-E,B1G,BE,2023,70769.7
A,CLV20_MEUR,B-E,B1G,BE,2024,70448.2
A,CLV20_MEUR,B-E,B1G,BE,2025,70537.8
A,CLV20_MEUR,B-E,B1G,BG,1995,6175.3
A,CLV20_MEUR,B-E,B1G,BG,1996,6125.9
A,CLV20_MEUR,B-E,B1G,BG,1997,6708.7
A,CLV20_MEUR,B-E,B1G,BG,1998,6330.2
A,CLV20_MEUR,B-E,B1G,BG,1999,5954.0
A,CLV20_MEUR,B-E,B1G,BG,2000,6769.8
A,CLV20_MEUR,B-E,B1G,BG,2001,7208.0
A,CLV20_MEUR,B-E,B1G,BG,2002,7567.1
A,CLV20_MEUR,B-E,B1G,BG,2003,8252.8
A,CLV20_MEUR,B-E,B1G,BG,2004,8558.6
A,CLV20_MEUR,B-E,B1G,BG,2005,8838.2
A,CLV20_MEUR,B-E,B1G,BG,2006,9535.8
A,CLV20_MEUR,B-E,B1G,BG,2007,10588.4
A,CLV20_MEUR,B-E,B1G,BG,2008,10826.5
A,CLV20_MEUR,B-E,B1G,BG,2009,10076.3
A,CLV20_MEUR,B-E,B1G,BG,2010,9883.4
A,CLV20_MEUR,B-E,B1G,BG,2011,10312.4
A,CLV20_MEUR,B-E,B1G,BG,2012,10966.6
A,CLV20_MEUR,B-E,B1G,BG,2013,10750.0
A,CLV20_MEUR,B-E,B1G,BG,2014,10868.0
A,CLV20_MEUR,B-E,B1G,BG,2015,11365.3
A,CLV20_MEUR,B-E,B1G,BG,2016,12061.8
A,CLV20_MEUR,B-E,B1G,BG,2017,12120.9
A,CLV20_MEUR,B-E,B1G,BG,2018,11939.3
A,CLV20_MEUR,B-E,B1G,BG,2019,11923.5
A,CLV20_MEUR,B-E,B1G,BG,2020,10940.3
A,CLV20_MEUR,B-E,B1G,BG,2021,11349.3
A,CLV20_MEUR,B-E,B1G,BG,2022,12968.6
A,CLV20_MEUR,B-E,B1G,BG,2023,12277.4
A,CLV20_MEUR,B-E,B1G,BG,2024,11389.6
A,CLV20_MEUR,B-E,B1G,BG,2025,11003.1
A,CLV20_MEUR,B-E,B1G,CH,1995,83577.6
A,CLV20_MEUR,B-E,B1G,CH,1996,83258.0
A,CLV20_MEUR,B-E,B1G,CH,1997,85409.4
A,CLV20_MEUR,B-E,B1G,CH,1998,86758.8
A,CLV20_MEUR,B-E,B1G,CH,1999,88005.6
A,CLV20_MEUR,B-E,B1G,CH,2000,89426.6
A,CLV20_MEUR,B-E,B1G,CH,2001,94148.9
A,CLV20_MEUR,B-E,B1G,CH,2002,94667.8
A,CLV20_MEUR,B-E,B1G,CH,2003,93746.2
A,CLV20_MEUR,B-E,B1G,CH,2004,94638.8
A,CLV20_MEUR,B-E,B1G,CH,2005,99485.8
A,CLV20_MEUR,B-E,B1G,CH,2006,105913.8
A,CLV20_MEUR,B-E,B1G,CH,2007,111169.3
A,CLV20_MEUR,B-E,B1G,CH,2008,114509.3
A,CLV20_MEUR,B-E,B1G,CH,2009,102944.7
A,CLV20_MEUR,B-E,B1G,CH,2010,108996.7
A,CLV20_MEUR,B-E,B1G,CH,2011,117999.1
A,CLV20_MEUR,B-E,B1G,CH,2012,116447.4
A,CLV20_MEUR,B-E,B1G,CH,2013,119066.6
A,CLV20_MEUR,B-E,B1G,CH,2014,120254.0
A,CLV20_MEUR,B-E,B1G,CH,2015,120754.5
A,CLV20_MEUR,B-E,B1G,CH,2016,124170.8
A,CLV20_MEUR,B-E,B1G,CH,2017,130466.0
A,CLV20_MEUR,B-E,B1G,CH,2018,138336.1
A,CLV20_MEUR,B-E,B1G,CH,2019,145165.4
A,CLV20_MEUR,B-E,B1G,CH,2020,139868.7
A,CLV20_MEUR,B-E,B1G,CH,2021,165361.0
A,CLV20_MEUR,B-E,B1G,CH,2022,176367.1
A,CLV20_MEUR,B-E,B1G,CH,2023,172831.8
A,CLV20_MEUR,B-E,B1G,CH,2024,171667.5
A,CLV20_MEUR,B-E,B1G,CH,2025,170213.5
A,CLV20_MEUR,B-E,B1G,CY,1995,1413.2
A,CLV20_MEUR,B-E,B1G,CY,1996,1402.6
A,CLV20_MEUR,B-E,B1G,CY,1997,1420.1
A,CLV20_MEUR,B-E,B1G,CY,1998,1473.2
A,CLV20_MEUR,B-E,B1G,CY,1999,1499.5
A,CLV20_MEUR,B-E,B1G,CY,2000,1481.1
A,CLV20_MEUR,B-E,B1G,CY,2001,1499.0
A,CLV20_MEUR,B-E,B1G,CY,2002,1558.0
A,CLV20_MEUR,B-E,B1G,CY,2003,1611.9
A,CLV20_MEUR,B-E,B1G,CY,2004,1628.0
A,CLV20_MEUR,B-E,B1G,CY,2005,1613.7
A,CLV20_MEUR,B-E,B1G,CY,2006,1596.8
A,CLV20_MEUR,B-E,B1G,CY,2007,1648.7
A,CLV20_MEUR,B-E,B1G,CY,2008,1674.6
A,CLV20_MEUR,B-E,B1G,CY,2009,1601.2
A,CLV20_MEUR,B-E,B1G,CY,2010,1568.1
A,CLV20_MEUR,B-E,B1G,CY,2011,1403.0
A,CLV20_MEUR,B-E,B1G,CY,2012,1286.7
A,CLV20_MEUR,B-E,B1G,CY,2013,1144.9
A,CLV20_MEUR,B-E,B1G,CY,2014,1140.9
A,CLV20_MEUR,B-E,B1G,CY,2015,1226.0
A,CLV20_MEUR,B-E,B1G,CY,2016,1373.3
A,CLV20_MEUR,B-E,B1G,CY,2017,1414.6
A,CLV20_MEUR,B-E,B1G,CY,2018,1555.7
A,CLV20_MEUR,B-E,B1G,CY,2019,1677.3
A,CLV20_MEUR,B-E,B1G,CY,2020,1640.0
A,CLV20_MEUR,B-E,B1G,CY,2021,1625.4
A,CLV20_MEUR,B-E,B1G,CY,2022,1491.2
A,CLV20_MEUR,B-E,B1G,CY,2023,1678.2
A,CLV20_MEUR,B-E,B1G,CY,2024,1746.1
A,CLV20_MEUR,B-E,B1G,CY,2025,1795.5
A,CLV20_MEUR,B-E,B1G,CZ,1995,23248.6
A,CLV20_MEUR,B-E,B1G,CZ,1996,25282.0
A,CLV20_MEUR,B-E,B1G,CZ,1997,25087.2
A,CLV20_MEUR,B-E,B1G,CZ,1998,24937.9
A,CLV20_MEUR,B-E,B1G,CZ,1999,26059.0
A,CLV20_MEUR,B-E,B1G,CZ,2000,28164.1
A,CLV20_MEUR,B-E,B1G,CZ,2001,29253.6
A,CLV20_MEUR,B-E,B1G,CZ,2002,30287.4
A,CLV20_MEUR,B-E,B1G,CZ,2003,30422.8
A,CLV20_MEUR,B-E,B1G,CZ,2004,33082.8
A,CLV20_MEUR,B-E,B1G,CZ,2005,36959.7
A,CLV20_MEUR,B-E,B1G,CZ,2006,43595.5
A,CLV20_MEUR,B-E,B1G,CZ,2007,46106.9
A,CLV20_MEUR,B-E,B1G,CZ,2008,49939.3
A,CLV20_MEUR,B-E,B1G,CZ,2009,44069.9
A,CLV20_MEUR,B-E,B1G,CZ,2010,47260.6
A,CLV20_MEUR,B-E,B1G,CZ,2011,50621.1
A,CLV20_MEUR,B-E,B1G,CZ,2012,48844.1
A,CLV20_MEUR,B-E,B1G,CZ,2013,47503.8
A,CLV20_MEUR,B-E,B1G,CZ,2014,48896.0
A,CLV20_MEUR,B-E,B1G,CZ,2015,51742.3
A,CLV20_MEUR,B-E,B1G,CZ,2016,53315.6
A,CLV20_MEUR,B-E,B1G,CZ,2017,57212.7
A,CLV20_MEUR,B-E,B1G,CZ,2018,58076.1
A,CLV20_MEUR,B-E,B1G,CZ,2019,60045.5
A,CLV20_MEUR,B-E,B1G,CZ,2020,54323.1
A,CLV20_MEUR,B-E,B1G,CZ,2021,55616.3
A,CLV20_MEUR,B-E,B1G,CZ,2022,58229.2
A,CLV20_MEUR,B-E,B1G,CZ,2023,58388.4
A,CLV20_MEUR,B-E,B1G,CZ,2024,57431.5
A,CLV20_MEUR,B-E,B1G,CZ,2025,58365.3
A,CLV20_MEUR,B-E,B1G,DE,1991,574943.4
A,CLV20_MEUR,B-E,B1G,DE,1992,559745.4
A,CLV20_MEUR,B-E,B1G,DE,1993,519241.3
A,CLV20_MEUR,B-E,B1G,DE,1994,530281.3
A,CLV20_MEUR,B-E,B1G,DE,1995,530137.9
A,CLV20_MEUR,B-E,B1G,DE,1996,518309.3
A,CLV20_MEUR,B-E,B1G,DE,1997,534367.6
A,CLV20_MEUR,B-E,B1G,DE,1998,540174.4
A,CLV20_MEUR,B-E,B1G,DE,1999,544475.7
A,CLV20_MEUR,B-E,B1G,DE,2000,575732.0
A,CLV20_MEUR,B-E,B1G,DE,2001,579603.1
A,CLV20_MEUR,B-E,B1G,DE,2002,566555.8
A,CLV20_MEUR,B-E,B1G,DE,2003,570140.2
A,CLV20_MEUR,B-E,B1G,DE,2004,593869.2
A,CLV20_MEUR,B-E,B1G,DE,2005,600966.4
A,CLV20_MEUR,B-E,B1G,DE,2006,638387.9
A,CLV20_MEUR,B-E,B1G,DE,2007,667636.9
A,CLV20_MEUR,B-E,B1G,DE,2008,658747.5
A,CLV20_MEUR,B-E,B1G,DE,2009,550712.6
A,CLV20_MEUR,B-E,B1G,DE,2010,647277.3
A,CLV20_MEUR,B-E,B1G,DE,2011,681974.6
A,CLV20_MEUR,B-E,B1G,DE,2012,684483.7
A,CLV20_MEUR,B-E,B1G,DE,2013,676311.2
A,CLV20_MEUR,B-E,B1G,DE,2014,707997.6
A,CLV20_MEUR,B-E,B1G,DE,2015,717603.9
A,CLV20_MEUR,B-E,B1G,DE,2016,745992.6
A,CLV20_MEUR,B-E,B1G,DE,2017,772517.4
A,CLV20_MEUR,B-E,B1G,DE,2018,780761.6
A,CLV20_MEUR,B-E,B1G,DE,2019,774094.6
A,CLV20_MEUR,B-E,B1G,DE,2020,716887.0
A,CLV20_MEUR,B-E,B1G,DE,2021,762839.5
A,CLV20_MEUR,B-E,B1G,DE,2022,756530.9
A,CLV20_MEUR,B-E,B1G,DE,2023,741117.8
A,CLV20_MEUR,B-E,B1G,DE,2024,736673.1
A,CLV20_MEUR,B-E,B1G,DE,2025,728357.2
A,CLV20_MEUR,B-E,B1G,DK,1995,43345.5
A,CLV20_MEUR,B-E,B1G,DK,1996,42840.7
A,CLV20_MEUR,B-E,B1G,DK,1997,46021.7
A,CLV20_MEUR,B-E,B1G,DK,1998,46302.1
A,CLV20_MEUR,B-E,B1G,DK,1999,47234.3
A,CLV20_MEUR,B-E,B1G,DK,2000,49248.3
A,CLV20_MEUR,B-E,B1G,DK,2001,49513.1
A,CLV20_MEUR,B-E,B1G,DK,2002,48366.7
A,CLV20_MEUR,B-E,B1G,DK,2003,47275.9
A,CLV20_MEUR,B-E,B1G,DK,2004,48759.9
A,CLV20_MEUR,B-E,B1G,DK,2005,47708.2
A,CLV20_MEUR,B-E,B1G,DK,2006,48941.3
A,CLV20_MEUR,B-E,B1G,DK,2007,47935.9
A,CLV20_MEUR,B-E,B1G,DK,2008,47323.4
A,CLV20_MEUR,B-E,B1G,DK,2009,41773.5
A,CLV20_MEUR,B-E,B1G,DK,2010,42508.8
A,CLV20_MEUR,B-E,B1G,DK,2011,43534.0
A,CLV20_MEUR,B-E,B1G,DK,2012,43650.6
A,CLV20_MEUR,B-E,B1G,DK,2013,43564.1
A,CLV20_MEUR,B-E,B1G,DK,2014,43101.2
A,CLV20_MEUR,B-E,B1G,DK,2015,42201.7
A,CLV20_MEUR,B-E,B1G,DK,2016,43936.3
A,CLV20_MEUR,B-E,B1G,DK,2017,47326.5
A,CLV20_MEUR,B-E,B1G,DK,2018,48418.1
A,CLV20_MEUR,B-E,B1G,DK,2019,50483.2
A,CLV20_MEUR,B-E,B1G,DK,2020,46375.0
A,CLV20_MEUR,B-E,B1G,DK,2021,52952.0
A,CLV20_MEUR,B-E,B1G,DK,2022,59531.0
A,CLV20_MEUR,B-E,B1G,DK,2023,63049.8
A,CLV20_MEUR,B-E,B1G,DK,2024,73836.2
A,CLV20_MEUR,B-E,B1G,DK,2025,79132.6
A,CLV20_MEUR,B-E,B1G,EA,1995,1438946.2
A,CLV20_MEUR,B-E,B1G,EA,1996,1444253.4
A,CLV20_MEUR,B-E,B1G,EA,1997,1490989.2
A,CLV20_MEUR,B-E,B1G,EA,1998,1534037.4
A,CLV20_MEUR,B-E,B1G,EA,1999,1567960.2
A,CLV20_MEUR,B-E,B1G,EA,2000,1649013.5
A,CLV20_MEUR,B-E,B1G,EA,2001,1696885.7
A,CLV20_MEUR,B-E,B1G,EA,2002,1693011.0
A,CLV20_MEUR,B-E,B1G,EA,2003,1700505.2
A,CLV20_MEUR,B-E,B1G,EA,2004,1750525.8
A,CLV20_MEUR,B-E,B1G,EA,2005,1771449.1
A,CLV20_MEUR,B-E,B1G,EA,2006,1838660.4
A,CLV20_MEUR,B-E,B1G,EA,2007,1911736.0
A,CLV20_MEUR,B-E,B1G,EA,2008,1874493.7
A,CLV20_MEUR,B-E,B1G,EA,2009,1645594.3
A,CLV20_MEUR,B-E,B1G,EA,2010,1793142.7
A,CLV20_MEUR,B-E,B1G,EA,2011,1849385.2
A,CLV20_MEUR,B-E,B1G,EA,2012,1825046.2
A,CLV20_MEUR,B-E,B1G,EA,2013,1807875.3
A,CLV20_MEUR,B-E,B1G,EA,2014,1854078.7
A,CLV20_MEUR,B-E,B1G,EA,2015,1918879.6
A,CLV20_MEUR,B-E,B1G,EA,2016,1964821.8
A,CLV20_MEUR,B-E,B1G,EA,2017,2030769.8
A,CLV20_MEUR,B-E,B1G,EA,2018,2069497.5
A,CLV20_MEUR,B-E,B1G,EA,2019,2082164.3
A,CLV20_MEUR,B-E,B1G,EA,2020,1952964.3
A,CLV20_MEUR,B-E,B1G,EA,2021,2115751.5
A,CLV20_MEUR,B-E,B1G,EA,2022,2127715.7
A,CLV20_MEUR,B-E,B1G,EA,2023,2101963.7
A,CLV20_MEUR,B-E,B1G,EA,2024,2130960.8
A,CLV20_MEUR,B-E,B1G,EA,2025,2150633.3
A,CLV20_MEUR,B-E,B1G,EA12,1995,1460767.8
A,CLV20_MEUR,B-E,B1G,EA12,1996,1465841.7
A,CLV20_MEUR,B-E,B1G,EA12,1997,1513038.3
A,CLV20_MEUR,B-E,B1G,EA12,1998,1556994.3
A,CLV20_MEUR,B-E,B1G,EA12,1999,1592597.7
A,CLV20_MEUR,B-E,B1G,EA12,2000,1674399.3
A,CLV20_MEUR,B-E,B1G,EA12,2001,1696885.7
A,CLV20_MEUR,B-E,B1G,EA12,2002,1693011.0
A,CLV20_MEUR,B-E,B1G,EA12,2003,1700505.2
A,CLV20_MEUR,B-E,B1G,EA12,2004,1750525.8
A,CLV20_MEUR,B-E,B1G,EA12,2005,1771449.1
A,CLV20_MEUR,B-E,B1G,EA12,2006,1838660.4
A,CLV20_MEUR,B-E,B1G,EA12,2007,1902398.1
A,CLV20_MEUR,B-E,B1G,EA12,2008,1862150.3
A,CLV20_MEUR,B-E,B1G,EA12,2009,1622921.0
A,CLV20_MEUR,B-E,B1G,EA12,2010,1767453.0
A,CLV20_MEUR,B-E,B1G,EA12,2011,1819111.9
A,CLV20_MEUR,B-E,B1G,EA12,2012,1795185.4
A,CLV20_MEUR,B-E,B1G,EA12,2013,1778215.4
A,CLV20_MEUR,B-E,B1G,EA12,2014,1817359.0
A,CLV20_MEUR,B-E,B1G,EA12,2015,1872228.1
A,CLV20_MEUR,B-E,B1G,EA12,2016,1917162.5
A,CLV20_MEUR,B-E,B1G,EA12,2017,1981586.0
A,CLV20_MEUR,B-E,B1G,EA12,2018,2017575.8
A,CLV20_MEUR,B-E,B1G,EA12,2019,2027415.0
A,CLV20_MEUR,B-E,B1G,EA12,2020,1900944.0
A,CLV20_MEUR,B-E,B1G,EA12,2021,2062157.0
A,CLV20_MEUR,B-E,B1G,EA12,2022,2075037.2
A,CLV20_MEUR,B-E,B1G,EA12,2023,2041022.0
A,CLV20_MEUR,B-E,B1G,EA12,2024,2068772.2
A,CLV20_MEUR,B-E,B1G,EA12,2025,2087443.5
A,CLV20_MEUR,B-E,B1G,EA19,1995,1480819.9
A,CLV20_MEUR,B-E,B1G,EA19,1996,1486692.6
A,CLV20_MEUR,B-E,B1G,EA19,1997,1534953.4
A,CLV20_MEUR,B-E,B1G,EA19,1998,1580224.8
A,CLV20_MEUR,B-E,B1G,EA19,1999,1616216.2
A,CLV20_MEUR,B-E,B1G,EA19,2000,1699557.5
A,CLV20_MEUR,B-E,B1G,EA19,2001,1723432.5
A,CLV20_MEUR,B-E,B1G,EA19,2002,1720896.5
A,CLV20_MEUR,B-E,B1G,EA19,2003,1731015.3
A,CLV20_MEUR,B-E,B1G,EA19,2004,1783753.6
A,CLV20_MEUR,B-E,B1G,EA19,2005,1806262.4
A,CLV20_MEUR,B-E,B1G,EA19,2006,1876923.5
A,CLV20_MEUR,B-E,B1G,EA19,2007,1943516.4
A,CLV20_MEUR,B-E,B1G,EA19,2008,1903276.4
A,CLV20_MEUR,B-E,B1G,EA19,2009,1657429.9
A,CLV20_MEUR,B-E,B1G,EA19,2010,1806033.4
A,CLV20_MEUR,B-E,B1G,EA19,2011,1859528.7
A,CLV20_MEUR,B-E,B1G,EA19,2012,1835693.3
A,CLV20_MEUR,B-E,B1G,EA19,2013,1818759.9
A,CLV20_MEUR,B-E,B1G,EA19,2014,1861549.1
A,CLV20_MEUR,B-E,B1G,EA19,2015,1918879.6
A,CLV20_MEUR,B-E,B1G,EA19,2016,1964821.8
A,CLV20_MEUR,B-E,B1G,EA19,2017,2030769.8
A,CLV20_MEUR,B-E,B1G,EA19,2018,2069497.5
A,CLV20_MEUR,B-E,B1G,EA19,2019,2082164.3
A,CLV20_MEUR,B-E,B1G,EA19,2020,1952964.3
A,CLV20_MEUR,B-E,B1G,EA19,2021,2115751.5
A,CLV20_MEUR,B-E,B1G,EA19,2022,2127715.7
A,CLV20_MEUR,B-E,B1G,EA19,2023,2093146.2
A,CLV20_MEUR,B-E,B1G,EA19,2024,2122452.9
A,CLV20_MEUR,B-E,B1G,EA19,2025,2141872.4
A,CLV20_MEUR,B-E,B1G,EA20,1995,1486733.8
A,CLV20_MEUR,B-E,B1G,EA20,1996,1492688.0
A,CLV20_MEUR,B-E,B1G,EA20,1997,1541427.9
A,CLV20_MEUR,B-E,B1G,EA20,1998,1586894.4
A,CLV20_MEUR,B-E,B1G,EA20,1999,1623216.0
A,CLV20_MEUR,B-E,B1G,EA20,2000,1706988.3
A,CLV20_MEUR,B-E,B1G,EA20,2001,1730897.8
A,CLV20_MEUR,B-E,B1G,EA20,2002,1728582.1
A,CLV20_MEUR,B-E,B1G,EA20,2003,1738919.3
A,CLV20_MEUR,B-E,B1G,EA20,2004,1791978.9
A,CLV20_MEUR,B-E,B1G,EA20,2005,1814668.4
A,CLV20_MEUR,B-E,B1G,EA20,2006,1885683.5
A,CLV20_MEUR,B-E,B1G,EA20,2007,1952640.2
A,CLV20_MEUR,B-E,B1G,EA20,2008,1912400.9
A,CLV20_MEUR,B-E,B1G,EA20,2009,1665611.9
A,CLV20_MEUR,B-E,B1G,EA20,2010,1813935.2
A,CLV20_MEUR,B-E,B1G,EA20,2011,1867358.9
A,CLV20_MEUR,B-E,B1G,EA20,2012,1843039.6
A,CLV20_MEUR,B-E,B1G,EA20,2013,1826032.6
A,CLV20_MEUR,B-E,B1G,EA20,2014,1868967.8
A,CLV20_MEUR,B-E,B1G,EA20,2015,1926407.1
A,CLV20_MEUR,B-E,B1G,EA20,2016,1972727.7
A,CLV20_MEUR,B-E,B1G,EA20,2017,2038764.5
A,CLV20_MEUR,B-E,B1G,EA20,2018,2077401.6
A,CLV20_MEUR,B-E,B1G,EA20,2019,2090373.8
A,CLV20_MEUR,B-E,B1G,EA20,2020,1960596.0
A,CLV20_MEUR,B-E,B1G,EA20,2021,2124205.2
A,CLV20_MEUR,B-E,B1G,EA20,2022,2136619.1
A,CLV20_MEUR,B-E,B1G,EA20,2023,2101963.7
A,CLV20_MEUR,B-E,B1G,EA20,2024,2130960.8
A,CLV20_MEUR,B-E,B1G,EA20,2025,2150633.3
A,CLV20_MEUR,B-E,B1G,EA21,1995,1493862.5
A,CLV20_MEUR,B-E,B1G,EA21,1996,1499813.3
A,CLV20_MEUR,B-E,B1G,EA21,1997,1548885.6
A,CLV20_MEUR,B-E,B1G,EA21,1998,1594366.7
A,CLV20_MEUR,B-E,B1G,EA21,1999,1630624.5
A,CLV20_MEUR,B-E,B1G,EA21,2000,1715011.5
A,CLV20_MEUR,B-E,B1G,EA21,2001,1739196.2
A,CLV20_MEUR,B-E,B1G,EA21,2002,1737058.1
A,CLV20_MEUR,B-E,B1G,EA21,2003,1747790.2
A,CLV20_MEUR,B-E,B1G,EA21,2004,1801149.8
A,CLV20_MEUR,B-E,B1G,EA21,2005,1824049.7
A,CLV20_MEUR,B-E,B1G,EA21,2006,1895645.6
A,CLV20_MEUR,B-E,B1G,EA21,2007,1963419.2
A,CLV20_MEUR,B-E,B1G,EA21,2008,1923269.5
A,CLV20_MEUR,B-E,B1G,EA21,2009,1675511.0
A,CLV20_MEUR,B-E,B1G,EA21,2010,1823908.3
A,CLV20_MEUR,B-E,B1G,EA21,2011,1877729.6
A,CLV20_MEUR,B-E,B1G,EA21,2012,1853955.9
A,CLV20_MEUR,B-E,B1G,EA21,2013,1836750.5
A,CLV20_MEUR,B-E,B1G,EA21,2014,1879828.2
A,CLV20_MEUR,B-E,B1G,EA21,2015,1937738.1
A,CLV20_MEUR,B-E,B1G,EA21,2016,1984690.0
A,CLV20_MEUR,B-E,B1G,EA21,2017,2050824.0
A,CLV20_MEUR,B-E,B1G,EA21,2018,2089311.8
A,CLV20_MEUR,B-E,B1G,EA21,2019,2102277.4
A,CLV20_MEUR,B-E,B1G,EA21,2020,1971536.6
A,CLV20_MEUR,B-E,B1G,EA21,2021,2135554.5
A,CLV20_MEUR,B-E,B1G,EA21,2022,2149698.1
A,CLV20_MEUR,B-E,B1G,EA21,2023,2114209.7
A,CLV20_MEUR,B-E,B1G,EA21,2024,2142148.0
A,CLV20_MEUR,B-E,B1G,EA21,2025,2161301.5
A,CLV20_MEUR,B-E,B1G,EE,1995,1681.2
A,CLV20_MEUR,B-E,B1G,EE,1996,1686.5
A,CLV20_MEUR,B-E,B1G,EE,1997,1917.9
A,CLV20_MEUR,B-E,B1G,EE,1998,1946.8
A,CLV20_MEUR,B-E,B1G,EE,1999,1902.4
A,CLV20_MEUR,B-E,B1G,EE,2000,2256.2
A,CLV20_MEUR,B-E,B1G,EE,2001,2505.5
A,CLV20_MEUR,B-E,B1G,EE,2002,2673.7
A,CLV20_MEUR,B-E,B1G,EE,2003,2901.6
A,CLV20_MEUR,B-E,B1G,EE,2004,2984.1
A,CLV20_MEUR,B-E,B1G,EE,2005,3226.7
A,CLV20_MEUR,B-E,B1G,EE,2006,3543.0
A,CLV20_MEUR,B-E,B1G,EE,2007,3741.2
A,CLV20_MEUR,B-E,B1G,EE,2008,3535.0
A,CLV20_MEUR,B-E,B1G,EE,2009,2846.7
A,CLV20_MEUR,B-E,B1G,EE,2010,3291.0
A,CLV20_MEUR,B-E,B1G,EE,2011,3682.8
A,CLV20_MEUR,B-E,B1G,EE,2012,3688.7
A,CLV20_MEUR,B-E,B1G,EE,2013,3850.9
A,CLV20_MEUR,B-E,B1G,EE,2014,4073.1
A,CLV20_MEUR,B-E,B1G,EE,2015,4069.6
A,CLV20_MEUR,B-E,B1G,EE,2016,4246.1
A,CLV20_MEUR,B-E,B1G,EE,2017,4468.1
A,CLV20_MEUR,B-E,B1G,EE,2018,4637.2
A,CLV20_MEUR,B-E,B1G,EE,2019,4723.5
A,CLV20_MEUR,B-E,B1G,EE,2020,4390.3
A,CLV20_MEUR,B-E,B1G,EE,2021,4798.2
A,CLV20_MEUR,B-E,B1G,EE,2022,4423.4
A,CLV20_MEUR,B-E,B1G,EE,2023,3929.8
A,CLV20_MEUR,B-E,B1G,EE,2024,3867.1
A,CLV20_MEUR,B-E,B1G,EE,2025,4092.2
A,CLV20_MEUR,B-E,B1G,EL,1995,21283.8
A,CLV20_MEUR,B-E,B1G,EL,1996,21006.8
A,CLV20_MEUR,B-E,B1G,EL,1997,21426.0
A,CLV20_MEUR,B-E,B1G,EL,1998,22338.6
A,CLV20_MEUR,B-E,B1G,EL,1999,24178.6
A,CLV20_MEUR,B-E,B1G,EL,2000,24839.3
A,CLV20_MEUR,B-E,B1G,EL,2001,26337.6
A,CLV20_MEUR,B-E,B1G,EL,2002,28091.1
A,CLV20_MEUR,B-E,B1G,EL,2003,30119.5
A,CLV20_MEUR,B-E,B1G,EL,2004,30144.7
A,CLV20_MEUR,B-E,B1G,EL,2005,31402.3
A,CLV20_MEUR,B-E,B1G,EL,2006,30991.2
A,CLV20_MEUR,B-E,B1G,EL,2007,31331.6
A,CLV20_MEUR,B-E,B1G,EL,2008,28791.3
A,CLV20_MEUR,B-E,B1G,EL,2009,28979.0
A,CLV20_MEUR,B-E,B1G,EL,2010,26835.1
A,CLV20_MEUR,B-E,B1G,EL,2011,24564.3
A,CLV20_MEUR,B-E,B1G,EL,2012,23897.8
A,CLV20_MEUR,B-E,B1G,EL,2013,21955.4
A,CLV20_MEUR,B-E,B1G,EL,2014,21389.1
A,CLV20_MEUR,B-E,B1G,EL,2015,20430.7
A,CLV20_MEUR,B-E,B1G,EL,2016,20653.5
A,CLV20_MEUR,B-E,B1G,EL,2017,21217.5
A,CLV20_MEUR,B-E,B1G,EL,2018,22179.4
A,CLV20_MEUR,B-E,B1G,EL,2019,22390.2
A,CLV20_MEUR,B-E,B1G,EL,2020,21576.3
A,CLV20_MEUR,B-E,B1G,EL,2021,23958.2
A,CLV20_MEUR,B-E,B1G,EL,2022,24135.0
A,CLV20_MEUR,B-E,B1G,EL,2023,24684.0
A,CLV20_MEUR,B-E,B1G,EL,2024,27311.8
A,CLV20_MEUR,B-E,B1G,EL,2025,28021.9
A,CLV20_MEUR,B-E,B1G,ES,1995,137964.0
A,CLV20_MEUR,B-E,B1G,ES,1996,141945.0
A,CLV20_MEUR,B-E,B1G,ES,1997,149404.0
A,CLV20_MEUR,B-E,B1G,ES,1998,156309.0
A,CLV20_MEUR,B-E,B1G,ES,1999,163944.0
A,CLV20_MEUR,B-E,B1G,ES,2000,172163.0
A,CLV20_MEUR,B-E,B1G,ES,2001,177851.0
A,CLV20_MEUR,B-E,B1G,ES,2002,178509.0
A,CLV20_MEUR,B-E,B1G,ES,2003,181851.0
A,CLV20_MEUR,B-E,B1G,ES,2004,183152.0
A,CLV20_MEUR,B-E,B1G,ES,2005,185443.0
A,CLV20_MEUR,B-E,B1G,ES,2006,189018.0
A,CLV20_MEUR,B-E,B1G,ES,2007,190912.0
A,CLV20_MEUR,B-E,B1G,ES,2008,188460.0
A,CLV20_MEUR,B-E,B1G,ES,2009,168631.0
A,CLV20_MEUR,B-E,B1G,ES,2010,174385.0
A,CLV20_MEUR,B-E,B1G,ES,2011,173696.0
A,CLV20_MEUR,B-E,B1G,ES,2012,164637.0
A,CLV20_MEUR,B-E,B1G,ES,2013,157621.0
A,CLV20_MEUR,B-E,B1G,ES,2014,159861.0
A,CLV20_MEUR,B-E,B1G,ES,2015,165308.0
A,CLV20_MEUR,B-E,B1G,ES,2016,171184.0
A,CLV20_MEUR,B-E,B1G,ES,2017,179048.0
A,CLV20_MEUR,B-E,B1G,ES,2018,179217.0
A,CLV20_MEUR,B-E,B1G,ES,2019,182544.0
A,CLV20_MEUR,B-E,B1G,ES,2020,163491.0
A,CLV20_MEUR,B-E,B1G,ES,2021,172988.0
A,CLV20_MEUR,B-E,B1G,ES,2022,179101.0
A,CLV20_MEUR,B-E,B1G,ES,2023,175931.0
A,CLV20_MEUR,B-E,B1G,ES,2024,179258.0
A,CLV20_MEUR,B-E,B1G,ES,2025,183404.0
A,CLV20_MEUR,B-E,B1G,EU27_2020,1995,1688063.4
A,CLV20_MEUR,B-E,B1G,EU27_2020,1996,1697355.2
A,CLV20_MEUR,B-E,B1G,EU27_2020,1997,1754022.1
A,CLV20_MEUR,B-E,B1G,EU27_2020,1998,1804697.4
A,CLV20_MEUR,B-E,B1G,EU27_2020,1999,1849539.3
A,CLV20_MEUR,B-E,B1G,EU27_2020,2000,1945572.1
A,CLV20_MEUR,B-E,B1G,EU27_2020,2001,1971780.8
A,CLV20_MEUR,B-E,B1G,EU27_2020,2002,1975242.5
A,CLV20_MEUR,B-E,B1G,EU27_2020,2003,1992648.0
A,CLV20_MEUR,B-E,B1G,EU27_2020,2004,2063076.1
A,CLV20_MEUR,B-E,B1G,EU27_2020,2005,2094942.4
A,CLV20_MEUR,B-E,B1G,EU27_2020,2006,2186743.7
A,CLV20_MEUR,B-E,B1G,EU27_2020,2007,2268898.5
A,CLV20_MEUR,B-E,B1G,EU27_2020,2008,2237150.8
A,CLV20_MEUR,B-E,B1G,EU27_2020,2009,1962524.2
A,CLV20_MEUR,B-E,B1G,EU27_2020,2010,2136668.0
A,CLV20_MEUR,B-E,B1G,EU27_2020,2011,2208212.6
A,CLV20_MEUR,B-E,B1G,EU27_2020,2012,2174519.2
A,CLV20_MEUR,B-E,B1G,EU27_2020,2013,2147825.7
A,CLV20_MEUR,B-E,B1G,EU27_2020,2014,2201482.6
A,CLV20_MEUR,B-E,B1G,EU27_2020,2015,2273925.9
A,CLV20_MEUR,B-E,B1G,EU27_2020,2016,2329746.9
A,CLV20_MEUR,B-E,B1G,EU27_2020,2017,2410994.2
A,CLV20_MEUR,B-E,B1G,EU27_2020,2018,2461422.0
A,CLV20_MEUR,B-E,B1G,EU27_2020,2019,2484903.6
A,CLV20_MEUR,B-E,B1G,EU27_2020,2020,2333797.8
A,CLV20_MEUR,B-E,B1G,EU27_2020,2021,2515488.5
A,CLV20_MEUR,B-E,B1G,EU27_2020,2022,2545152.0
A,CLV20_MEUR,B-E,B1G,EU27_2020,2023,2504430.1
A,CLV20_MEUR,B-E,B1G,EU27_2020,2024,2539803.9
A,CLV20_MEUR,B-E,B1G,EU27_2020,2025,2567609.1
A,CLV20_MEUR,B-E,B1G,FI,1980,14809.9
A,CLV20_MEUR,B-E,B1G,FI,1981,15300.6
A,CLV20_MEUR,B-E,B1G,FI,1982,15326.1
A,CLV20_MEUR,B-E,B1G,FI,1983,15820.9
A,CLV20_MEUR,B-E,B1G,FI,1984,16542.1
A,CLV20_MEUR,B-E,B1G,FI,1985,17355.1
A,CLV20_MEUR,B-E,B1G,FI,1986,17794.8
A,CLV20_MEUR,B-E,B1G,FI,1987,18920.0
A,CLV20_MEUR,B-E,B1G,FI,1988,19724.8
A,CLV20_MEUR,B-E,B1G,FI,1989,20530.7
A,CLV20_MEUR,B-E,B1G,FI,1990,20528.7
A,CLV20_MEUR,B-E,B1G,FI,1991,18351.8
A,CLV20_MEUR,B-E,B1G,FI,1992,18529.3
A,CLV20_MEUR,B-E,B1G,FI,1993,19467.8
A,CLV20_MEUR,B-E,B1G,FI,1994,21795.7
A,CLV20_MEUR,B-E,B1G,FI,1995,23091.2
A,CLV20_MEUR,B-E,B1G,FI,1996,24023.6
A,CLV20_MEUR,B-E,B1G,FI,1997,26246.4
A,CLV20_MEUR,B-E,B1G,FI,1998,28674.2
A,CLV20_MEUR,B-E,B1G,FI,1999,31187.8
A,CLV20_MEUR,B-E,B1G,FI,2000,35164.2
A,CLV20_MEUR,B-E,B1G,FI,2001,36561.7
A,CLV20_MEUR,B-E,B1G,FI,2002,37731.8
A,CLV20_MEUR,B-E,B1G,FI,2003,38742.7
A,CLV20_MEUR,B-E,B1G,FI,2004,40557.5
A,CLV20_MEUR,B-E,B1G,FI,2005,41951.0
A,CLV20_MEUR,B-E,B1G,FI,2006,46267.0
A,CLV20_MEUR,B-E,B1G,FI,2007,50687.2
A,CLV20_MEUR,B-E,B1G,FI,2008,49380.4
A,CLV20_MEUR,B-E,B1G,FI,2009,39276.2
A,CLV20_MEUR,B-E,B1G,FI,2010,42138.7
A,CLV20_MEUR,B-E,B1G,FI,2011,41931.6
A,CLV20_MEUR,B-E,B1G,FI,2012,38400.0
A,CLV20_MEUR,B-E,B1G,FI,2013,38381.6
A,CLV20_MEUR,B-E,B1G,FI,2014,38262.3
A,CLV20_MEUR,B-E,B1G,FI,2015,38265.3
A,CLV20_MEUR,B-E,B1G,FI,2016,39600.6
A,CLV20_MEUR,B-E,B1G,FI,2017,42562.0
A,CLV20_MEUR,B-E,B1G,FI,2018,41197.1
A,CLV20_MEUR,B-E,B1G,FI,2019,42656.9
A,CLV20_MEUR,B-E,B1G,FI,2020,41902.0
A,CLV20_MEUR,B-E,B1G,FI,2021,41531.7
A,CLV20_MEUR,B-E,B1G,FI,2022,39279.3
A,CLV20_MEUR,B-E,B1G,FI,2023,39192.6
A,CLV20_MEUR,B-E,B1G,FI,2024,41114.5
A,CLV20_MEUR,B-E,B1G,FI,2025,41012.5
A,CLV20_MEUR,B-E,B1G,FR,1975,142609.1
A,CLV20_MEUR,B-E,B1G,FR,1976,150859.3
A,CLV20_MEUR,B-E,B1G,FR,1977,157655.0
A,CLV20_MEUR,B-E,B1G,FR,1978,160496.2
A,CLV20_MEUR,B-E,B1G,FR,1979,164797.5
A,CLV20_MEUR,B-E,B1G,FR,1980,165426.7
A,CLV20_MEUR,B-E,B1G,FR,1981,164510.3
A,CLV20_MEUR,B-E,B1G,FR,1982,164847.6
A,CLV20_MEUR,B-E,B1G,FR,1983,168090.6
A,CLV20_MEUR,B-E,B1G,FR,1984,168962.8
A,CLV20_MEUR,B-E,B1G,FR,1985,170980.4
A,CLV20_MEUR,B-E,B1G,FR,1986,170942.5
A,CLV20_MEUR,B-E,B1G,FR,1987,172343.6
A,CLV20_MEUR,B-E,B1G,FR,1988,180252.0
A,CLV20_MEUR,B-E,B1G,FR,1989,188524.3
A,CLV20_MEUR,B-E,B1G,FR,1990,195739.1
A,CLV20_MEUR,B-E,B1G,FR,1991,198579.0
A,CLV20_MEUR,B-E,B1G,FR,1992,200260.7
A,CLV20_MEUR,B-E,B1G,FR,1993,196242.9
A,CLV20_MEUR,B-E,B1G,FR,1994,201138.5
A,CLV20_MEUR,B-E,B1G,FR,1995,209988.4
A,CLV20_MEUR,B-E,B1G,FR,1996,213652.7
A,CLV20_MEUR,B-E,B1G,FR,1997,221314.1
A,CLV20_MEUR,B-E,B1G,FR,1998,233782.3
A,CLV20_MEUR,B-E,B1G,FR,1999,242816.6
A,CLV20_MEUR,B-E,B1G,FR,2000,254729.5
A,CLV20_MEUR,B-E,B1G,FR,2001,259033.5
A,CLV20_MEUR,B-E,B1G,FR,2002,260872.4
A,CLV20_MEUR,B-E,B1G,FR,2003,265653.6
A,CLV20_MEUR,B-E,B1G,FR,2004,272553.9
A,CLV20_MEUR,B-E,B1G,FR,2005,275119.0
A,CLV20_MEUR,B-E,B1G,FR,2006,279779.5
A,CLV20_MEUR,B-E,B1G,FR,2007,285175.2
A,CLV20_MEUR,B-E,B1G,FR,2008,275189.5
A,CLV20_MEUR,B-E,B1G,FR,2009,256087.6
A,CLV20_MEUR,B-E,B1G,FR,2010,260573.7
A,CLV20_MEUR,B-E,B1G,FR,2011,268488.4
A,CLV20_MEUR,B-E,B1G,FR,2012,268672.7
A,CLV20_MEUR,B-E,B1G,FR,2013,271282.8
A,CLV20_MEUR,B-E,B1G,FR,2014,273196.8
A,CLV20_MEUR,B-E,B1G,FR,2015,273215.8
A,CLV20_MEUR,B-E,B1G,FR,2016,272502.7
A,CLV20_MEUR,B-E,B1G,FR,2017,275099.7
A,CLV20_MEUR,B-E,B1G,FR,2018,281662.9
A,CLV20_MEUR,B-E,B1G,FR,2019,286241.0
A,CLV20_MEUR,B-E,B1G,FR,2020,261238.0
A,CLV20_MEUR,B-E,B1G,FR,2021,278536.1
A,CLV20_MEUR,B-E,B1G,FR,2022,252197.3
A,CLV20_MEUR,B-E,B1G,FR,2023,276051.3
A,CLV20_MEUR,B-E,B1G,FR,2024,291148.0
A,CLV20_MEUR,B-E,B1G,FR,2025,292858.6
A,CLV20_MEUR,B-E,B1G,HR,1995,5615.2
A,CLV20_MEUR,B-E,B1G,HR,1996,5706.7
A,CLV20_MEUR,B-E,B1G,HR,1997,6243.5
A,CLV20_MEUR,B-E,B1G,HR,1998,6432.5
A,CLV20_MEUR,B-E,B1G,HR,1999,6792.9
A,CLV20_MEUR,B-E,B1G,HR,2000,7233.5
A,CLV20_MEUR,B-E,B1G,HR,2001,7247.9
A,CLV20_MEUR,B-E,B1G,HR,2002,7516.7
A,CLV20_MEUR,B-E,B1G,HR,2003,7768.2
A,CLV20_MEUR,B-E,B1G,HR,2004,8099.6
A,CLV20_MEUR,B-E,B1G,HR,2005,8286.0
A,CLV20_MEUR,B-E,B1G,HR,2006,8637.4
A,CLV20_MEUR,B-E,B1G,HR,2007,9000.5
A,CLV20_MEUR,B-E,B1G,HR,2008,9017.0
A,CLV20_MEUR,B-E,B1G,HR,2009,8095.4
A,CLV20_MEUR,B-E,B1G,HR,2010,7829.2
A,CLV20_MEUR,B-E,B1G,HR,2011,7781.0
A,CLV20_MEUR,B-E,B1G,HR,2012,7337.0
A,CLV20_MEUR,B-E,B1G,HR,2013,7264.2
A,CLV20_MEUR,B-E,B1G,HR,2014,7412.6
A,CLV20_MEUR,B-E,B1G,HR,2015,7530.7
A,CLV20_MEUR,B-E,B1G,HR,2016,7900.2
A,CLV20_MEUR,B-E,B1G,HR,2017,7994.0
A,CLV20_MEUR,B-E,B1G,HR,2018,7912.7
A,CLV20_MEUR,B-E,B1G,HR,2019,8207.1
A,CLV20_MEUR,B-E,B1G,HR,2020,7631.8
A,CLV20_MEUR,B-E,B1G,HR,2021,8453.8
A,CLV20_MEUR,B-E,B1G,HR,2022,8904.8
A,CLV20_MEUR,B-E,B1G,HR,2023,8817.5
A,CLV20_MEUR,B-E,B1G,HR,2024,8540.4
A,CLV20_MEUR,B-E,B1G,HR,2025,8785.3
A,CLV20_MEUR,B-E,B1G,HU,1995,14244.1
A,CLV20_MEUR,B-E,B1G,HU,1996,14802.4
A,CLV20_MEUR,B-E,B1G,HU,1997,16593.5
A,CLV20_MEUR,B-E,B1G,HU,1998,17903.2
A,CLV20_MEUR,B-E,B1G,HU,1999,18776.1
A,CLV20_MEUR,B-E,B1G,HU,2000,19477.4
A,CLV20_MEUR,B-E,B1G,HU,2001,20094.5
A,CLV20_MEUR,B-E,B1G,HU,2002,21305.5
A,CLV20_MEUR,B-E,B1G,HU,2003,22508.0
A,CLV20_MEUR,B-E,B1G,HU,2004,23819.2
A,CLV20_MEUR,B-E,B1G,HU,2005,24602.5
A,CLV20_MEUR,B-E,B1G,HU,2006,26108.5
A,CLV20_MEUR,B-E,B1G,HU,2007,27647.9
A,CLV20_MEUR,B-E,B1G,HU,2008,26410.0
A,CLV20_MEUR,B-E,B1G,HU,2009,22711.9
A,CLV20_MEUR,B-E,B1G,HU,2010,24221.1
A,CLV20_MEUR,B-E,B1G,HU,2011,24152.7
A,CLV20_MEUR,B-E,B1G,HU,2012,23683.2
A,CLV20_MEUR,B-E,B1G,HU,2013,23170.2
A,CLV20_MEUR,B-E,B1G,HU,2014,24640.6
A,CLV20_MEUR,B-E,B1G,HU,2015,26595.6
A,CLV20_MEUR,B-E,B1G,HU,2016,27082.7
A,CLV20_MEUR,B-E,B1G,HU,2017,27684.8
A,CLV20_MEUR,B-E,B1G,HU,2018,28353.5
A,CLV20_MEUR,B-E,B1G,HU,2019,29256.0
A,CLV20_MEUR,B-E,B1G,HU,2020,27150.9
A,CLV20_MEUR,B-E,B1G,HU,2021,28472.4
A,CLV20_MEUR,B-E,B1G,HU,2022,28848.2
A,CLV20_MEUR,B-E,B1G,HU,2023,27443.8
A,CLV20_MEUR,B-E,B1G,HU,2024,26892.6
A,CLV20_MEUR,B-E,B1G,HU,2025,26211.3
A,CLV20_MEUR,B-E,B1G,IE,1995,23592.5
A,CLV20_MEUR,B-E,B1G,IE,1996,25038.4
A,CLV20_MEUR,B-E,B1G,IE,1997,28967.1
A,CLV20_MEUR,B-E,B1G,IE,1998,32767.0
A,CLV20_MEUR,B-E,B1G,IE,1999,36912.6
A,CLV20_MEUR,B-E,B1G,IE,2000,42086.2
A,CLV20_MEUR,B-E,B1G,IE,2001,44349.9
A,CLV20_MEUR,B-E,B1G,IE,2002,49223.6
A,CLV20_MEUR,B-E,B1G,IE,2003,49159.4
A,CLV20_MEUR,B-E,B1G,IE,2004,48959.6
A,CLV20_MEUR,B-E,B1G,IE,2005,51650.9
A,CLV20_MEUR,B-E,B1G,IE,2006,52799.9
A,CLV20_MEUR,B-E,B1G,IE,2007,55734.6
A,CLV20_MEUR,B-E,B1G,IE,2008,51018.5
A,CLV20_MEUR,B-E,B1G,IE,2009,48236.3
A,CLV20_MEUR,B-E,B1G,IE,2010,50135.1
A,CLV20_MEUR,B-E,B1G,IE,2011,51475.6
A,CLV20_MEUR,B-E,B1G,IE,2012,50357.1
A,CLV20_MEUR,B-E,B1G,IE,2013,48062.9
A,CLV20_MEUR,B-E,B1G,IE,2014,54044.9
A,CLV20_MEUR,B-E,B1G,IE,2015,93963.6
A,CLV20_MEUR,B-E,B1G,IE,2016,92876.1
A,CLV20_MEUR,B-E,B1G,IE,2017,96275.6
A,CLV20_MEUR,B-E,B1G,IE,2018,106536.6
A,CLV20_MEUR,B-E,B1G,IE,2019,108642.5
A,CLV20_MEUR,B-E,B1G,IE,2020,132457.2
A,CLV20_MEUR,B-E,B1G,IE,2021,163290.9
A,CLV20_MEUR,B-E,B1G,IE,2022,188792.6
A,CLV20_MEUR,B-E,B1G,IE,2023,155235.1
A,CLV20_MEUR,B-E,B1G,IE,2024,155989.5
A,CLV20_MEUR,B-E,B1G,IE,2025,174500.6
A,CLV20_MEUR,B-E,B1G,IS,1995,1371.9
A,CLV20_MEUR,B-E,B1G,IS,1996,1414.0
A,CLV20_MEUR,B-E,B1G,IS,1997,1437.7
A,CLV20_MEUR,B-E,B1G,IS,1998,1452.4
A,CLV20_MEUR,B-E,B1G,IS,1999,1482.7
A,CLV20_MEUR,B-E,B1G,IS,2000,1544.1
A,CLV20_MEUR,B-E,B1G,IS,2001,1634.9
A,CLV20_MEUR,B-E,B1G,IS,2002,1641.5
A,CLV20_MEUR,B-E,B1G,IS,2003,1633.8
A,CLV20_MEUR,B-E,B1G,IS,2004,1779.6
A,CLV20_MEUR,B-E,B1G,IS,2005,1805.7
A,CLV20_MEUR,B-E,B1G,IS,2006,1947.8
A,CLV20_MEUR,B-E,B1G,IS,2007,2033.6
A,CLV20_MEUR,B-E,B1G,IS,2008,2262.9
A,CLV20_MEUR,B-E,B1G,IS,2009,2159.6
A,CLV20_MEUR,B-E,B1G,IS,2010,2211.5
A,CLV20_MEUR,B-E,B1G,IS,2011,2288.7
A,CLV20_MEUR,B-E,B1G,IS,2012,2362.4
A,CLV20_MEUR,B-E,B1G,IS,2013,2441.0
A,CLV20_MEUR,B-E,B1G,IS,2014,2571.8
A,CLV20_MEUR,B-E,B1G,IS,2015,2607.3
A,CLV20_MEUR,B-E,B1G,IS,2016,2611.2
A,CLV20_MEUR,B-E,B1G,IS,2017,2558.2
A,CLV20_MEUR,B-E,B1G,IS,2018,2718.2
A,CLV20_MEUR,B-E,B1G,IS,2019,2568.4
A,CLV20_MEUR,B-E,B1G,IS,2020,2530.3
A,CLV20_MEUR,B-E,B1G,IS,2021,2727.8
A,CLV20_MEUR,B-E,B1G,IS,2022,2839.1
A,CLV20_MEUR,B-E,B1G,IS,2023,2755.4
A,CLV20_MEUR,B-E,B1G,IS,2024,2770.7
A,CLV20_MEUR,B-E,B1G,IS,2025,2707.3
A,CLV20_MEUR,B-E,B1G,IT,1995,325233.8
A,CLV20_MEUR,B-E,B1G,IT,1996,325094.6
A,CLV20_MEUR,B-E,B1G,IT,1997,327521.9
A,CLV20_MEUR,B-E,B1G,IT,1998,332141.7
A,CLV20_MEUR,B-E,B1G,IT,1999,331964.3
A,CLV20_MEUR,B-E,B1G,IT,2000,340959.0
A,CLV20_MEUR,B-E,B1G,IT,2001,338637.3
A,CLV20_MEUR,B-E,B1G,IT,2002,338472.6
A,CLV20_MEUR,B-E,B1G,IT,2003,329980.7
A,CLV20_MEUR,B-E,B1G,IT,2004,336091.4
A,CLV20_MEUR,B-E,B1G,IT,2005,336020.3
A,CLV20_MEUR,B-E,B1G,IT,2006,347899.6
A,CLV20_MEUR,B-E,B1G,IT,2007,356087.3
A,CLV20_MEUR,B-E,B1G,IT,2008,346195.3
A,CLV20_MEUR,B-E,B1G,IT,2009,287136.4
A,CLV20_MEUR,B-E,B1G,IT,2010,309151.5
A,CLV20_MEUR,B-E,B1G,IT,2011,313947.1
A,CLV20_MEUR,B-E,B1G,IT,2012,302321.1
A,CLV20_MEUR,B-E,B1G,IT,2013,297901.6
A,CLV20_MEUR,B-E,B1G,IT,2014,295344.8
A,CLV20_MEUR,B-E,B1G,IT,2015,299480.2
A,CLV20_MEUR,B-E,B1G,IT,2016,307501.5
A,CLV20_MEUR,B-E,B1G,IT,2017,318287.3
A,CLV20_MEUR,B-E,B1G,IT,2018,322397.9
A,CLV20_MEUR,B-E,B1G,IT,2019,323098.1
A,CLV20_MEUR,B-E,B1G,IT,2020,284141.8
A,CLV20_MEUR,B-E,B1G,IT,2021,325659.4
A,CLV20_MEUR,B-E,B1G,IT,2022,325527.0
A,CLV20_MEUR,B-E,B1G,IT,2023,323508.3
A,CLV20_MEUR,B-E,B1G,IT,2024,329785.2
A,CLV20_MEUR,B-E,B1G,IT,2025,330759.1
A,CLV20_MEUR,B-E,B1G,LT,1995,2775.1
A,CLV20_MEUR,B-E,B1G,LT,1996,2920.8
A,CLV20_MEUR,B-E,B1G,LT,1997,3103.3
A,CLV20_MEUR,B-E,B1G,LT,1998,3467.9
A,CLV20_MEUR,B-E,B1G,LT,1999,3388.8
A,CLV20_MEUR,B-E,B1G,LT,2000,3625.9
A,CLV20_MEUR,B-E,B1G,LT,2001,4107.4
A,CLV20_MEUR,B-E,B1G,LT,2002,4293.0
A,CLV20_MEUR,B-E,B1G,LT,2003,4967.2
A,CLV20_MEUR,B-E,B1G,LT,2004,5498.6
A,CLV20_MEUR,B-E,B1G,LT,2005,5884.8
A,CLV20_MEUR,B-E,B1G,LT,2006,6340.5
A,CLV20_MEUR,B-E,B1G,LT,2007,6611.3
A,CLV20_MEUR,B-E,B1G,LT,2008,6713.8
A,CLV20_MEUR,B-E,B1G,LT,2009,5750.2
A,CLV20_MEUR,B-E,B1G,LT,2010,6106.1
A,CLV20_MEUR,B-E,B1G,LT,2011,6658.7
A,CLV20_MEUR,B-E,B1G,LT,2012,6968.2
A,CLV20_MEUR,B-E,B1G,LT,2013,7235.4
A,CLV20_MEUR,B-E,B1G,LT,2014,7508.0
A,CLV20_MEUR,B-E,B1G,LT,2015,7711.9
A,CLV20_MEUR,B-E,B1G,LT,2016,7952.5
A,CLV20_MEUR,B-E,B1G,LT,2017,8382.0
A,CLV20_MEUR,B-E,B1G,LT,2018,8665.0
A,CLV20_MEUR,B-E,B1G,LT,2019,9026.9
A,CLV20_MEUR,B-E,B1G,LT,2020,9182.5
A,CLV20_MEUR,B-E,B1G,LT,2021,9967.7
A,CLV20_MEUR,B-E,B1G,LT,2022,10379.0
A,CLV20_MEUR,B-E,B1G,LT,2023,9926.4
A,CLV20_MEUR,B-E,B1G,LT,2024,10142.3
A,CLV20_MEUR,B-E,B1G,LT,2025,10422.3
A,CLV20_MEUR,B-E,B1G,LU,1995,2709.2
A,CLV20_MEUR,B-E,B1G,LU,1996,2721.1
A,CLV20_MEUR,B-E,B1G,LU,1997,2903.0
A,CLV20_MEUR,B-E,B1G,LU,1998,3001.2
A,CLV20_MEUR,B-E,B1G,LU,1999,3276.7
A,CLV20_MEUR,B-E,B1G,LU,2000,3458.0
A,CLV20_MEUR,B-E,B1G,LU,2001,3395.8
A,CLV20_MEUR,B-E,B1G,LU,2002,3526.8
A,CLV20_MEUR,B-E,B1G,LU,2003,3924.9
A,CLV20_MEUR,B-E,B1G,LU,2004,3898.2
A,CLV20_MEUR,B-E,B1G,LU,2005,3915.1
A,CLV20_MEUR,B-E,B1G,LU,2006,3766.2
A,CLV20_MEUR,B-E,B1G,LU,2007,4239.0
A,CLV20_MEUR,B-E,B1G,LU,2008,3461.5
A,CLV20_MEUR,B-E,B1G,LU,2009,2932.8
A,CLV20_MEUR,B-E,B1G,LU,2010,2962.3
A,CLV20_MEUR,B-E,B1G,LU,2011,2724.3
A,CLV20_MEUR,B-E,B1G,LU,2012,2804.9
A,CLV20_MEUR,B-E,B1G,LU,2013,3139.9
A,CLV20_MEUR,B-E,B1G,LU,2014,3270.8
A,CLV20_MEUR,B-E,B1G,LU,2015,3793.3
A,CLV20_MEUR,B-E,B1G,LU,2016,4021.0
A,CLV20_MEUR,B-E,B1G,LU,2017,3553.7
A,CLV20_MEUR,B-E,B1G,LU,2018,3629.1
A,CLV20_MEUR,B-E,B1G,LU,2019,4035.0
A,CLV20_MEUR,B-E,B1G,LU,2020,3988.9
A,CLV20_MEUR,B-E,B1G,LU,2021,4028.2
A,CLV20_MEUR,B-E,B1G,LU,2022,3503.8
A,CLV20_MEUR,B-E,B1G,LU,2023,3899.9
A,CLV20_MEUR,B-E,B1G,LU,2024,4535.7
A,CLV20_MEUR,B-E,B1G,LU,2025,4230.6
A,CLV20_MEUR,B-E,B1G,LV,1995,2422.7
A,CLV20_MEUR,B-E,B1G,LV,1996,2489.4
A,CLV20_MEUR,B-E,B1G,LV,1997,2840.7
A,CLV20_MEUR,B-E,B1G,LV,1998,2979.2
A,CLV20_MEUR,B-E,B1G,LV,1999,2883.4
A,CLV20_MEUR,B-E,B1G,LV,2000,2911.1
A,CLV20_MEUR,B-E,B1G,LV,2001,3089.7
A,CLV20_MEUR,B-E,B1G,LV,2002,3398.5
A,CLV20_MEUR,B-E,B1G,LV,2003,3567.2
A,CLV20_MEUR,B-E,B1G,LV,2004,3754.1
A,CLV20_MEUR,B-E,B1G,LV,2005,3907.0
A,CLV20_MEUR,B-E,B1G,LV,2006,4172.2
A,CLV20_MEUR,B-E,B1G,LV,2007,4174.7
A,CLV20_MEUR,B-E,B1G,LV,2008,3948.8
A,CLV20_MEUR,B-E,B1G,LV,2009,3372.0
A,CLV20_MEUR,B-E,B1G,LV,2010,3644.3
A,CLV20_MEUR,B-E,B1G,LV,2011,3641.1
A,CLV20_MEUR,B-E,B1G,LV,2012,3789.2
A,CLV20_MEUR,B-E,B1G,LV,2013,3701.7
A,CLV20_MEUR,B-E,B1G,LV,2014,3526.2
A,CLV20_MEUR,B-E,B1G,LV,2015,3786.7
A,CLV20_MEUR,B-E,B1G,LV,2016,3929.1
A,CLV20_MEUR,B-E,B1G,LV,2017,4115.9
A,CLV20_MEUR,B-E,B1G,LV,2018,4103.0
A,CLV20_MEUR,B-E,B1G,LV,2019,4078.5
A,CLV20_MEUR,B-E,B1G,LV,2020,4261.6
A,CLV20_MEUR,B-E,B1G,LV,2021,4718.2
A,CLV20_MEUR,B-E,B1G,LV,2022,4283.9
A,CLV20_MEUR,B-E,B1G,LV,2023,4070.2
A,CLV20_MEUR,B-E,B1G,LV,2024,3964.7
A,CLV20_MEUR,B-E,B1G,LV,2025,4074.4
A,CLV20_MEUR,B-E,B1G,MD,2015,1164.7
A,CLV20_MEUR,B-E,B1G,MD,2016,1196.0
A,CLV20_MEUR,B-E,B1G,MD,2017,1258.6
A,CLV20_MEUR,B-E,B1G,MD,2018,1333.8
A,CLV20_MEUR,B-E,B1G,MD,2019,1396.8
A,CLV20_MEUR,B-E,B1G,MD,2020,1328.6
A,CLV20_MEUR,B-E,B1G,MD,2021,1424.0
A,CLV20_MEUR,B-E,B1G,MD,2022,1255.3
A,CLV20_MEUR,B-E,B1G,MD,2023,1142.3
A,CLV20_MEUR,B-E,B1G,MD,2024,1143.8
A,CLV20_MEUR,B-E,B1G,MD,2025,1170.3
A,CLV20_MEUR,B-E,B1G,ME,2006,547.3
A,CLV20_MEUR,B-E,B1G,ME,2007,459.5
A,CLV20_MEUR,B-E,B1G,ME,2008,492.0
A,CLV20_MEUR,B-E,B1G,ME,2009,410.3
A,CLV20_MEUR,B-E,B1G,ME,2010,454.5
A,CLV20_MEUR,B-E,B1G,ME,2011,413.4
A,CLV20_MEUR,B-E,B1G,ME,2012,393.9
A,CLV20_MEUR,B-E,B1G,ME,2013,416.8
A,CLV20_MEUR,B-E,B1G,ME,2014,421.0
A,CLV20_MEUR,B-E,B1G,ME,2015,418.6
A,CLV20_MEUR,B-E,B1G,ME,2016,415.5
A,CLV20_MEUR,B-E,B1G,ME,2017,406.5
A,CLV20_MEUR,B-E,B1G,ME,2018,477.4
A,CLV20_MEUR,B-E,B1G,ME,2019,476.6
A,CLV20_MEUR,B-E,B1G,ME,2020,457.8
A,CLV20_MEUR,B-E,B1G,ME,2021,481.2
A,CLV20_MEUR,B-E,B1G,ME,2022,478.0
A,CLV20_MEUR,B-E,B1G,ME,2023,501.4
A,CLV20_MEUR,B-E,B1G,ME,2024,487.5
A,CLV20_MEUR,B-E,B1G,ME,2025,458.4
A,CLV20_MEUR,B-E,B1G,MK,2000,1156.2
A,CLV20_MEUR,B-E,B1G,MK,2001,1194.9
A,CLV20_MEUR,B-E,B1G,MK,2002,1212.0
A,CLV20_MEUR,B-E,B1G,MK,2003,1326.5
A,CLV20_MEUR,B-E,B1G,MK,2004,1393.9
A,CLV20_MEUR,B-E,B1G,MK,2005,1577.1
A,CLV20_MEUR,B-E,B1G,MK,2006,1620.0
A,CLV20_MEUR,B-E,B1G,MK,2007,1443.8
A,CLV20_MEUR,B-E,B1G,MK,2008,1427.0
A,CLV20_MEUR,B-E,B1G,MK,2009,1452.1
A,CLV20_MEUR,B-E,B1G,MK,2010,1547.3
A,CLV20_MEUR,B-E,B1G,MK,2011,1705.1
A,CLV20_MEUR,B-E,B1G,MK,2012,1590.9
A,CLV20_MEUR,B-E,B1G,MK,2013,1650.2
A,CLV20_MEUR,B-E,B1G,MK,2014,1839.8
A,CLV20_MEUR,B-E,B1G,MK,2015,1929.3
A,CLV20_MEUR,B-E,B1G,MK,2016,1872.2
A,CLV20_MEUR,B-E,B1G,MK,2017,1899.2
A,CLV20_MEUR,B-E,B1G,MK,2018,2000.1
A,CLV20_MEUR,B-E,B1G,MK,2019,2028.4
A,CLV20_MEUR,B-E,B1G,MK,2020,1892.2
A,CLV20_MEUR,B-E,B1G,MK,2021,1934.0
A,CLV20_MEUR,B-E,B1G,MK,2022,1845.3
A,CLV20_MEUR,B-E,B1G,MK,2023,1920.0
A,CLV20_MEUR,B-E,B1G,MK,2024,1966.6
A,CLV20_MEUR,B-E,B1G,MK,2025,2015.7
A,CLV20_MEUR,B-E,B1G,MT,2000,1139.5
A,CLV20_MEUR,B-E,B1G,MT,2001,970.2
A,CLV20_MEUR,B-E,B1G,MT,2002,1007.0
A,CLV20_MEUR,B-E,B1G,MT,2003,1044.4
A,CLV20_MEUR,B-E,B1G,MT,2004,950.3
A,CLV20_MEUR,B-E,B1G,MT,2005,916.7
A,CLV20_MEUR,B-E,B1G,MT,2006,926.0
A,CLV20_MEUR,B-E,B1G,MT,2007,1015.6
A,CLV20_MEUR,B-E,B1G,MT,2008,1143.2
A,CLV20_MEUR,B-E,B1G,MT,2009,1013.7
A,CLV20_MEUR,B-E,B1G,MT,2010,1073.9
A,CLV20_MEUR,B-E,B1G,MT,2011,995.0
A,CLV20_MEUR,B-E,B1G,MT,2012,981.2
A,CLV20_MEUR,B-E,B1G,MT,2013,1048.3
A,CLV20_MEUR,B-E,B1G,MT,2014,1038.2
A,CLV20_MEUR,B-E,B1G,MT,2015,1075.7
A,CLV20_MEUR,B-E,B1G,MT,2016,1125.4
A,CLV20_MEUR,B-E,B1G,MT,2017,1124.0
A,CLV20_MEUR,B-E,B1G,MT,2018,1219.3
A,CLV20_MEUR,B-E,B1G,MT,2019,1212.3
A,CLV20_MEUR,B-E,B1G,MT,2020,1145.6
A,CLV20_MEUR,B-E,B1G,MT,2021,1211.7
A,CLV20_MEUR,B-E,B1G,MT,2022,1308.7
A,CLV20_MEUR,B-E,B1G,MT,2023,1413.6
A,CLV20_MEUR,B-E,B1G,MT,2024,1486.3
A,CLV20_MEUR,B-E,B1G,MT,2025,1476.6
A,CLV20_MEUR,B-E,B1G,NL,1995,76041.1
A,CLV20_MEUR,B-E,B1G,NL,1996,78855.1
A,CLV20_MEUR,B-E,B1G,NL,1997,79140.5
A,CLV20_MEUR,B-E,B1G,NL,1998,81953.5
A,CLV20_MEUR,B-E,B1G,NL,1999,84351.9
A,CLV20_MEUR,B-E,B1G,NL,2000,87928.7
A,CLV20_MEUR,B-E,B1G,NL,2001,90316.4
A,CLV20_MEUR,B-E,B1G,NL,2002,90363.6
A,CLV20_MEUR,B-E,B1G,NL,2003,89206.4
A,CLV20_MEUR,B-E,B1G,NL,2004,92944.3
A,CLV20_MEUR,B-E,B1G,NL,2005,94376.3
A,CLV20_MEUR,B-E,B1G,NL,2006,96263.6
A,CLV20_MEUR,B-E,B1G,NL,2007,99876.0
A,CLV20_MEUR,B-E,B1G,NL,2008,101285.9
A,CLV20_MEUR,B-E,B1G,NL,2009,91833.3
A,CLV20_MEUR,B-E,B1G,NL,2010,97338.8
A,CLV20_MEUR,B-E,B1G,NL,2011,99325.4
A,CLV20_MEUR,B-E,B1G,NL,2012,98802.7
A,CLV20_MEUR,B-E,B1G,NL,2013,100582.9
A,CLV20_MEUR,B-E,B1G,NL,2014,98964.7
A,CLV20_MEUR,B-E,B1G,NL,2015,97419.8
A,CLV20_MEUR,B-E,B1G,NL,2016,98411.2
A,CLV20_MEUR,B-E,B1G,NL,2017,102853.9
A,CLV20_MEUR,B-E,B1G,NL,2018,105740.2
A,CLV20_MEUR,B-E,B1G,NL,2019,105797.1
A,CLV20_MEUR,B-E,B1G,NL,2020,103231.0
A,CLV20_MEUR,B-E,B1G,NL,2021,112373.1
A,CLV20_MEUR,B-E,B1G,NL,2022,116185.1
A,CLV20_MEUR,B-E,B1G,NL,2023,110071.1
A,CLV20_MEUR,B-E,B1G,NL,2024,114383.7
A,CLV20_MEUR,B-E,B1G,NL,2025,117265.2
A,CLV20_MEUR,B-E,B1G,NO,1975,22331.6
A,CLV20_MEUR,B-E,B1G,NO,1976,23697.5
A,CLV20_MEUR,B-E,B1G,NO,1977,24345.1
A,CLV20_MEUR,B-E,B1G,NO,1978,27060.8
A,CLV20_MEUR,B-E,B1G,NO,1979,29269.3
A,CLV20_MEUR,B-E,B1G,NO,1980,31182.2
A,CLV20_MEUR,B-E,B1G,NO,1981,30787.7
A,CLV20_MEUR,B-E,B1G,NO,1982,31024.9
A,CLV20_MEUR,B-E,B1G,NO,1983,33443.6
A,CLV20_MEUR,B-E,B1G,NO,1984,36907.2
A,CLV20_MEUR,B-E,B1G,NO,1985,38300.2
A,CLV20_MEUR,B-E,B1G,NO,1986,39423.9
A,CLV20_MEUR,B-E,B1G,NO,1987,41354.9
A,CLV20_MEUR,B-E,B1G,NO,1988,41599.8
A,CLV20_MEUR,B-E,B1G,NO,1989,44672.8
A,CLV20_MEUR,B-E,B1G,NO,1990,45560.1
A,CLV20_MEUR,B-E,B1G,NO,1991,47945.4
A,CLV20_MEUR,B-E,B1G,NO,1992,51008.0
A,CLV20_MEUR,B-E,B1G,NO,1993,52111.1
A,CLV20_MEUR,B-E,B1G,NO,1994,56041.1
A,CLV20_MEUR,B-E,B1G,NO,1995,58962.9
A,CLV20_MEUR,B-E,B1G,NO,1996,62472.1
A,CLV20_MEUR,B-E,B1G,NO,1997,65958.8
A,CLV20_MEUR,B-E,B1G,NO,1998,64430.9
A,CLV20_MEUR,B-E,B1G,NO,1999,64585.6
A,CLV20_MEUR,B-E,B1G,NO,2000,68235.8
A,CLV20_MEUR,B-E,B1G,NO,2001,69685.4
A,CLV20_MEUR,B-E,B1G,NO,2002,70126.4
A,CLV20_MEUR,B-E,B1G,NO,2003,70098.3
A,CLV20_MEUR,B-E,B1G,NO,2004,72353.0
A,CLV20_MEUR,B-E,B1G,NO,2005,72662.0
A,CLV20_MEUR,B-E,B1G,NO,2006,70399.2
A,CLV20_MEUR,B-E,B1G,NO,2007,68793.0
A,CLV20_MEUR,B-E,B1G,NO,2008,68126.5
A,CLV20_MEUR,B-E,B1G,NO,2009,65805.3
A,CLV20_MEUR,B-E,B1G,NO,2010,64126.1
A,CLV20_MEUR,B-E,B1G,NO,2011,63186.9
A,CLV20_MEUR,B-E,B1G,NO,2012,63719.5
A,CLV20_MEUR,B-E,B1G,NO,2013,62883.2
A,CLV20_MEUR,B-E,B1G,NO,2014,63808.4
A,CLV20_MEUR,B-E,B1G,NO,2015,64737.1
A,CLV20_MEUR,B-E,B1G,NO,2016,64772.4
A,CLV20_MEUR,B-E,B1G,NO,2017,67157.1
A,CLV20_MEUR,B-E,B1G,NO,2018,65491.0
A,CLV20_MEUR,B-E,B1G,NO,2019,64520.7
A,CLV20_MEUR,B-E,B1G,NO,2020,67700.8
A,CLV20_MEUR,B-E,B1G,NO,2021,70007.4
A,CLV20_MEUR,B-E,B1G,NO,2022,69687.7
A,CLV20_MEUR,B-E,B1G,NO,2023,69829.1
A,CLV20_MEUR,B-E,B1G,NO,2024,71927.6
A,CLV20_MEUR,B-E,B1G,NO,2025,72347.1
A,CLV20_MEUR,B-E,B1G,PL,1995,46630.7
A,CLV20_MEUR,B-E,B1G,PL,1996,46152.8
A,CLV20_MEUR,B-E,B1G,PL,1997,45898.5
A,CLV20_MEUR,B-E,B1G,PL,1998,45269.6
A,CLV20_MEUR,B-E,B1G,PL,1999,46675.4
A,CLV20_MEUR,B-E,B1G,PL,2000,46902.5
A,CLV20_MEUR,B-E,B1G,PL,2001,46204.4
A,CLV20_MEUR,B-E,B1G,PL,2002,46463.4
A,CLV20_MEUR,B-E,B1G,PL,2003,50650.5
A,CLV20_MEUR,B-E,B1G,PL,2004,56610.8
A,CLV20_MEUR,B-E,B1G,PL,2005,59331.5
A,CLV20_MEUR,B-E,B1G,PL,2006,64989.2
A,CLV20_MEUR,B-E,B1G,PL,2007,72104.4
A,CLV20_MEUR,B-E,B1G,PL,2008,76240.4
A,CLV20_MEUR,B-E,B1G,PL,2009,76837.5
A,CLV20_MEUR,B-E,B1G,PL,2010,84825.8
A,CLV20_MEUR,B-E,B1G,PL,2011,89829.6
A,CLV20_MEUR,B-E,B1G,PL,2012,92258.8
A,CLV20_MEUR,B-E,B1G,PL,2013,90341.4
A,CLV20_MEUR,B-E,B1G,PL,2014,96718.7
A,CLV20_MEUR,B-E,B1G,PL,2015,100888.1
A,CLV20_MEUR,B-E,B1G,PL,2016,105466.4
A,CLV20_MEUR,B-E,B1G,PL,2017,107428.8
A,CLV20_MEUR,B-E,B1G,PL,2018,112727.4
A,CLV20_MEUR,B-E,B1G,PL,2019,118204.1
A,CLV20_MEUR,B-E,B1G,PL,2020,114065.5
A,CLV20_MEUR,B-E,B1G,PL,2021,115305.9
A,CLV20_MEUR,B-E,B1G,PL,2022,123894.9
A,CLV20_MEUR,B-E,B1G,PL,2023,122919.6
A,CLV20_MEUR,B-E,B1G,PL,2024,124373.4
A,CLV20_MEUR,B-E,B1G,PL,2025,128141.8
A,CLV20_MEUR,B-E,B1G,PT,1995,23222.7
A,CLV20_MEUR,B-E,B1G,PT,1996,25642.2
A,CLV20_MEUR,B-E,B1G,PT,1997,27240.2
A,CLV20_MEUR,B-E,B1G,PT,1998,28164.5
A,CLV20_MEUR,B-E,B1G,PT,1999,28673.3
A,CLV20_MEUR,B-E,B1G,PT,2000,29467.2
A,CLV20_MEUR,B-E,B1G,PT,2001,30047.3
A,CLV20_MEUR,B-E,B1G,PT,2002,29859.4
A,CLV20_MEUR,B-E,B1G,PT,2003,30016.2
A,CLV20_MEUR,B-E,B1G,PT,2004,30394.1
A,CLV20_MEUR,B-E,B1G,PT,2005,29804.1
A,CLV20_MEUR,B-E,B1G,PT,2006,30306.0
A,CLV20_MEUR,B-E,B1G,PT,2007,31019.1
A,CLV20_MEUR,B-E,B1G,PT,2008,30378.7
A,CLV20_MEUR,B-E,B1G,PT,2009,27961.8
A,CLV20_MEUR,B-E,B1G,PT,2010,29329.7
A,CLV20_MEUR,B-E,B1G,PT,2011,29339.1
A,CLV20_MEUR,B-E,B1G,PT,2012,28432.5
A,CLV20_MEUR,B-E,B1G,PT,2013,28300.6
A,CLV20_MEUR,B-E,B1G,PT,2014,29000.5
A,CLV20_MEUR,B-E,B1G,PT,2015,29808.7
A,CLV20_MEUR,B-E,B1G,PT,2016,30284.7
A,CLV20_MEUR,B-E,B1G,PT,2017,31552.8
A,CLV20_MEUR,B-E,B1G,PT,2018,32891.9
A,CLV20_MEUR,B-E,B1G,PT,2019,33023.5
A,CLV20_MEUR,B-E,B1G,PT,2020,30637.1
A,CLV20_MEUR,B-E,B1G,PT,2021,32299.5
A,CLV20_MEUR,B-E,B1G,PT,2022,32741.8
A,CLV20_MEUR,B-E,B1G,PT,2023,33777.7
A,CLV20_MEUR,B-E,B1G,PT,2024,34742.5
A,CLV20_MEUR,B-E,B1G,PT,2025,35207.6
A,CLV20_MEUR,B-E,B1G,RO,1995,26809.1
A,CLV20_MEUR,B-E,B1G,RO,1996,28089.3
A,CLV20_MEUR,B-E,B1G,RO,1997,26096.6
A,CLV20_MEUR,B-E,B1G,RO,1998,24260.4
A,CLV20_MEUR,B-E,B1G,RO,1999,23758.8
A,CLV20_MEUR,B-E,B1G,RO,2000,25072.4
A,CLV20_MEUR,B-E,B1G,RO,2001,27154.2
A,CLV20_MEUR,B-E,B1G,RO,2002,28794.7
A,CLV20_MEUR,B-E,B1G,RO,2003,30182.7
A,CLV20_MEUR,B-E,B1G,RO,2004,32407.1
A,CLV20_MEUR,B-E,B1G,RO,2005,33287.5
A,CLV20_MEUR,B-E,B1G,RO,2006,35801.1
A,CLV20_MEUR,B-E,B1G,RO,2007,35699.2
A,CLV20_MEUR,B-E,B1G,RO,2008,40754.5
A,CLV20_MEUR,B-E,B1G,RO,2009,40148.7
A,CLV20_MEUR,B-E,B1G,RO,2010,40760.8
A,CLV20_MEUR,B-E,B1G,RO,2011,45313.1
A,CLV20_MEUR,B-E,B1G,RO,2012,38632.9
A,CLV20_MEUR,B-E,B1G,RO,2013,36821.4
A,CLV20_MEUR,B-E,B1G,RO,2014,39779.5
A,CLV20_MEUR,B-E,B1G,RO,2015,41632.6
A,CLV20_MEUR,B-E,B1G,RO,2016,41723.0
A,CLV20_MEUR,B-E,B1G,RO,2017,45394.5
A,CLV20_MEUR,B-E,B1G,RO,2018,48592.8
A,CLV20_MEUR,B-E,B1G,RO,2019,47618.0
A,CLV20_MEUR,B-E,B1G,RO,2020,44262.9
A,CLV20_MEUR,B-E,B1G,RO,2021,44783.8
A,CLV20_MEUR,B-E,B1G,RO,2022,39968.9
A,CLV20_MEUR,B-E,B1G,RO,2023,38269.4
A,CLV20_MEUR,B-E,B1G,RO,2024,38084.4
A,CLV20_MEUR,B-E,B1G,RO,2025,38025.4
A,CLV20_MEUR,B-E,B1G,RS,1995,5253.0
A,CLV20_MEUR,B-E,B1G,RS,1996,5807.0
A,CLV20_MEUR,B-E,B1G,RS,1997,6443.7
A,CLV20_MEUR,B-E,B1G,RS,1998,6869.1
A,CLV20_MEUR,B-E,B1G,RS,1999,5730.5
A,CLV20_MEUR,B-E,B1G,RS,2000,6555.1
A,CLV20_MEUR,B-E,B1G,RS,2001,6769.5
A,CLV20_MEUR,B-E,B1G,RS,2002,7273.7
A,CLV20_MEUR,B-E,B1G,RS,2003,7390.1
A,CLV20_MEUR,B-E,B1G,RS,2004,7905.2
A,CLV20_MEUR,B-E,B1G,RS,2005,8274.5
A,CLV20_MEUR,B-E,B1G,RS,2006,8519.4
A,CLV20_MEUR,B-E,B1G,RS,2007,8903.9
A,CLV20_MEUR,B-E,B1G,RS,2008,9126.7
A,CLV20_MEUR,B-E,B1G,RS,2009,8098.2
A,CLV20_MEUR,B-E,B1G,RS,2010,8223.4
A,CLV20_MEUR,B-E,B1G,RS,2011,8509.0
A,CLV20_MEUR,B-E,B1G,RS,2012,8512.5
A,CLV20_MEUR,B-E,B1G,RS,2013,9621.6
A,CLV20_MEUR,B-E,B1G,RS,2014,9054.3
A,CLV20_MEUR,B-E,B1G,RS,2015,9334.0
A,CLV20_MEUR,B-E,B1G,RS,2016,9450.3
A,CLV20_MEUR,B-E,B1G,RS,2017,9656.4
A,CLV20_MEUR,B-E,B1G,RS,2018,9742.5
A,CLV20_MEUR,B-E,B1G,RS,2019,9727.0
A,CLV20_MEUR,B-E,B1G,RS,2020,9583.6
A,CLV20_MEUR,B-E,B1G,RS,2021,10190.2
A,CLV20_MEUR,B-E,B1G,RS,2022,10614.6
A,CLV20_MEUR,B-E,B1G,RS,2023,10811.3
A,CLV20_MEUR,B-E,B1G,RS,2024,11259.5
A,CLV20_MEUR,B-E,B1G,RS,2025,11382.4
A,CLV20_MEUR,B-E,B1G,SE,1993,35509.4
A,CLV20_MEUR,B-E,B1G,SE,1994,39880.3
A,CLV20_MEUR,B-E,B1G,SE,1995,44744.1
A,CLV20_MEUR,B-E,B1G,SE,1996,45974.7
A,CLV20_MEUR,B-E,B1G,SE,1997,49159.5
A,CLV20_MEUR,B-E,B1G,SE,1998,52871.2
A,CLV20_MEUR,B-E,B1G,SE,1999,56647.1
A,CLV20_MEUR,B-E,B1G,SE,2000,61403.2
A,CLV20_MEUR,B-E,B1G,SE,2001,61387.1
A,CLV20_MEUR,B-E,B1G,SE,2002,64398.2
A,CLV20_MEUR,B-E,B1G,SE,2003,65338.6
A,CLV20_MEUR,B-E,B1G,SE,2004,69471.7
A,CLV20_MEUR,B-E,B1G,SE,2005,71339.7
A,CLV20_MEUR,B-E,B1G,SE,2006,74270.3
A,CLV20_MEUR,B-E,B1G,SE,2007,77859.3
A,CLV20_MEUR,B-E,B1G,SE,2008,74709.6
A,CLV20_MEUR,B-E,B1G,SE,2009,61083.6
A,CLV20_MEUR,B-E,B1G,SE,2010,72330.5
A,CLV20_MEUR,B-E,B1G,SE,2011,75766.2
A,CLV20_MEUR,B-E,B1G,SE,2012,73061.2
A,CLV20_MEUR,B-E,B1G,SE,2013,69671.1
A,CLV20_MEUR,B-E,B1G,SE,2014,68772.9
A,CLV20_MEUR,B-E,B1G,SE,2015,73087.0
A,CLV20_MEUR,B-E,B1G,SE,2016,73529.4
A,CLV20_MEUR,B-E,B1G,SE,2017,75113.4
A,CLV20_MEUR,B-E,B1G,SE,2018,75977.8
A,CLV20_MEUR,B-E,B1G,SE,2019,77108.1
A,CLV20_MEUR,B-E,B1G,SE,2020,76067.9
A,CLV20_MEUR,B-E,B1G,SE,2021,82798.0
A,CLV20_MEUR,B-E,B1G,SE,2022,84653.4
A,CLV20_MEUR,B-E,B1G,SE,2023,80374.3
A,CLV20_MEUR,B-E,B1G,SE,2024,78996.6
A,CLV20_MEUR,B-E,B1G,SE,2025,78877.6
A,CLV20_MEUR,B-E,B1G,SI,1995,5112.9
A,CLV20_MEUR,B-E,B1G,SI,1996,5338.7
A,CLV20_MEUR,B-E,B1G,SI,1997,5736.0
A,CLV20_MEUR,B-E,B1G,SI,1998,5832.3
A,CLV20_MEUR,B-E,B1G,SI,1999,5976.7
A,CLV20_MEUR,B-E,B1G,SI,2000,6445.4
A,CLV20_MEUR,B-E,B1G,SI,2001,6687.9
A,CLV20_MEUR,B-E,B1G,SI,2002,6987.4
A,CLV20_MEUR,B-E,B1G,SI,2003,7388.6
A,CLV20_MEUR,B-E,B1G,SI,2004,7826.2
A,CLV20_MEUR,B-E,B1G,SI,2005,8115.4
A,CLV20_MEUR,B-E,B1G,SI,2006,8679.2
A,CLV20_MEUR,B-E,B1G,SI,2007,9359.3
A,CLV20_MEUR,B-E,B1G,SI,2008,9532.5
A,CLV20_MEUR,B-E,B1G,SI,2009,8177.8
A,CLV20_MEUR,B-E,B1G,SI,2010,8658.5
A,CLV20_MEUR,B-E,B1G,SI,2011,8831.6
A,CLV20_MEUR,B-E,B1G,SI,2012,8612.2
A,CLV20_MEUR,B-E,B1G,SI,2013,8595.0
A,CLV20_MEUR,B-E,B1G,SI,2014,8961.4
A,CLV20_MEUR,B-E,B1G,SI,2015,9174.9
A,CLV20_MEUR,B-E,B1G,SI,2016,9643.5
A,CLV20_MEUR,B-E,B1G,SI,2017,10337.0
A,CLV20_MEUR,B-E,B1G,SI,2018,10738.5
A,CLV20_MEUR,B-E,B1G,SI,2019,11382.7
A,CLV20_MEUR,B-E,B1G,SI,2020,11076.9
A,CLV20_MEUR,B-E,B1G,SI,2021,12025.4
A,CLV20_MEUR,B-E,B1G,SI,2022,11918.9
A,CLV20_MEUR,B-E,B1G,SI,2023,12507.8
A,CLV20_MEUR,B-E,B1G,SI,2024,13123.8
A,CLV20_MEUR,B-E,B1G,SI,2025,12816.7
A,CLV20_MEUR,B-E,B1G,SK,1995,4893.2
A,CLV20_MEUR,B-E,B1G,SK,1996,5383.0
A,CLV20_MEUR,B-E,B1G,SK,1997,5454.3
A,CLV20_MEUR,B-E,B1G,SK,1998,6173.8
A,CLV20_MEUR,B-E,B1G,SK,1999,6422.0
A,CLV20_MEUR,B-E,B1G,SK,2000,6866.7
A,CLV20_MEUR,B-E,B1G,SK,2001,7444.8
A,CLV20_MEUR,B-E,B1G,SK,2002,7946.7
A,CLV20_MEUR,B-E,B1G,SK,2003,9320.1
A,CLV20_MEUR,B-E,B1G,SK,2004,11016.2
A,CLV20_MEUR,B-E,B1G,SK,2005,11714.2
A,CLV20_MEUR,B-E,B1G,SK,2006,13660.8
A,CLV20_MEUR,B-E,B1G,SK,2007,15157.5
A,CLV20_MEUR,B-E,B1G,SK,2008,15097.0
A,CLV20_MEUR,B-E,B1G,SK,2009,12335.0
A,CLV20_MEUR,B-E,B1G,SK,2010,14686.0
A,CLV20_MEUR,B-E,B1G,SK,2011,15579.0
A,CLV20_MEUR,B-E,B1G,SK,2012,15493.1
A,CLV20_MEUR,B-E,B1G,SK,2013,15252.8
A,CLV20_MEUR,B-E,B1G,SK,2014,17961.7
A,CLV20_MEUR,B-E,B1G,SK,2015,19587.7
A,CLV20_MEUR,B-E,B1G,SK,2016,19351.4
A,CLV20_MEUR,B-E,B1G,SK,2017,19258.2
A,CLV20_MEUR,B-E,B1G,SK,2018,21001.9
A,CLV20_MEUR,B-E,B1G,SK,2019,22728.4
A,CLV20_MEUR,B-E,B1G,SK,2020,20321.5
A,CLV20_MEUR,B-E,B1G,SK,2021,19247.7
A,CLV20_MEUR,B-E,B1G,SK,2022,18955.3
A,CLV20_MEUR,B-E,B1G,SK,2023,18902.3
A,CLV20_MEUR,B-E,B1G,SK,2024,19663.8
A,CLV20_MEUR,B-E,B1G,SK,2025,19976.3
A,CLV20_MEUR,B-E,B1G,TR,1995,45753.8
A,CLV20_MEUR,B-E,B1G,TR,1996,48947.3
A,CLV20_MEUR,B-E,B1G,TR,1997,54051.3
A,CLV20_MEUR,B-E,B1G,TR,1998,54571.1
A,CLV20_MEUR,B-E,B1G,TR,1999,51932.2
A,CLV20_MEUR,B-E,B1G,TR,2000,55722.1
A,CLV20_MEUR,B-E,B1G,TR,2001,51293.8
A,CLV20_MEUR,B-E,B1G,TR,2002,53482.1
A,CLV20_MEUR,B-E,B1G,TR,2003,57950.1
A,CLV20_MEUR,B-E,B1G,TR,2004,65068.0
A,CLV20_MEUR,B-E,B1G,TR,2005,71358.2
A,CLV20_MEUR,B-E,B1G,TR,2006,77835.8
A,CLV20_MEUR,B-E,B1G,TR,2007,82857.2
A,CLV20_MEUR,B-E,B1G,TR,2008,83317.4
A,CLV20_MEUR,B-E,B1G,TR,2009,75649.1
A,CLV20_MEUR,B-E,B1G,TR,2010,83211.9
A,CLV20_MEUR,B-E,B1G,TR,2011,97904.4
A,CLV20_MEUR,B-E,B1G,TR,2012,101356.1
A,CLV20_MEUR,B-E,B1G,TR,2013,110962.7
A,CLV20_MEUR,B-E,B1G,TR,2014,116636.6
A,CLV20_MEUR,B-E,B1G,TR,2015,121594.1
A,CLV20_MEUR,B-E,B1G,TR,2016,127673.0
A,CLV20_MEUR,B-E,B1G,TR,2017,139045.8
A,CLV20_MEUR,B-E,B1G,TR,2018,141103.7
A,CLV20_MEUR,B-E,B1G,TR,2019,140446.7
A,CLV20_MEUR,B-E,B1G,TR,2020,144365.2
A,CLV20_MEUR,B-E,B1G,TR,2021,170311.4
A,CLV20_MEUR,B-E,B1G,TR,2022,172196.7
A,CLV20_MEUR,B-E,B1G,TR,2023,176519.3
A,CLV20_MEUR,B-E,B1G,TR,2024,176856.0
A,CLV20_MEUR,B-E,B1G,TR,2025,181986.9
A,CLV20_MEUR,B-E,B1G,UA,2010,34049.9
A,CLV20_MEUR,B-E,B1G,UA,2011,35809.1
A,CLV20_MEUR,B-E,B1G,UA,2012,35143.6
A,CLV20_MEUR,B-E,B1G,UA,2013,32655.8
A,CLV20_MEUR,B-E,B1G,UA,2014,29206.0
A,CLV20_MEUR,B-E,B1G,UA,2015,24908.6
A,CLV20_MEUR,B-E,B1G,UA,2016,25388.2
A,CLV20_MEUR,B-E,B1G,UA,2017,25270.8
A,CLV20_MEUR,B-E,B1G,UA,2018,25794.9
A,CLV20_MEUR,B-E,B1G,UA,2019,25654.0
A,CLV20_MEUR,B-E,B1G,UA,2020,24547.5
A,CLV20_MEUR,B-E,B1G,UA,2021,24905.0
A,CLV20_MEUR,B-E,B1G,UA,2022,15567.7
A,CLV20_MEUR,B-E,B1G,UA,2023,16577.1
A,CLV20_MEUR,B-E,B1G,UA,2024,17044.9
A,CLV20_MEUR,B-E,B1G,XK,2008,866.9
A,CLV20_MEUR,B-E,B1G,XK,2009,933.9
A,CLV20_MEUR,B-E,B1G,XK,2010,945.4
A,CLV20_MEUR,B-E,B1G,XK,2011,978.0
A,CLV20_MEUR,B-E,B1G,XK,2012,1016.0
A,CLV20_MEUR,B-E,B1G,XK,2013,1075.8
A,CLV20_MEUR,B-E,B1G,XK,2014,1086.6
A,CLV20_MEUR,B-E,B1G,XK,2015,1123.1
A,CLV20_MEUR,B-E,B1G,XK,2016,1184.8
A,CLV20_MEUR,B-E,B1G,XK,2017,1236.3
A,CLV20_MEUR,B-E,B1G,XK,2018,1296.3
A,CLV20_MEUR,B-E,B1G,XK,2019,1314.1
A,CLV20_MEUR,B-E,B1G,XK,2020,1346.7
A,CLV20_MEUR,B-E,B1G,XK,2021,1445.5
A,CLV20_MEUR,B-E,B1G,XK,2022,1549.1
A,CLV20_MEUR,B-E,B1G,XK,2023,1602.3
A,CLV20_MEUR,B-E,B1G,XK,2024,1634.4
A,CLV20_MEUR,B-E,B1G,XK,2025,1636.4
