freq,nrg_bal,siec,unit,geo,time,value
A,FC_IND_E,TOTAL,KTOE,AL,2013,281.451
A,FC_IND_E,TOTAL,KTOE,AL,2014,372.768
A,FC_IND_E,TOTAL,KTOE,AL,2015,301.176
A,FC_IND_E,TOTAL,KTOE,AL,2016,285.923
A,FC_IND_E,TOTAL,KTOE,AL,2017,405.514
A,FC_IND_E,TOTAL,KTOE,AL,2018,457.432
A,FC_IND_E,TOTAL,KTOE,AL,2019,366.407
A,FC_IND_E,TOTAL,KTOE,AL,2020,385.24
A,FC_IND_E,TOTAL,KTOE,AL,2021,446.307
A,FC_IND_E,TOTAL,KTOE,AL,2022,430.752
A,FC_IND_E,TOTAL,KTOE,AL,2023,403.808
A,FC_IND_E,TOTAL,KTOE,AL,2024,409.139
A,FC_IND_E,TOTAL,KTOE,AT,2013,7494.58
A,FC_IND_E,TOTAL,KTOE,AT,2014,7340.552
A,FC_IND_E,TOTAL,KTOE,AT,2015,7363.897
A,FC_IND_E,TOTAL,KTOE,AT,2016,7608.447
A,FC_IND_E,TOTAL,KTOE,AT,2017,7629.156
A,FC_IND_E,TOTAL,KTOE,AT,2018,7563.291
A,FC_IND_E,TOTAL,KTOE,AT,2019,7542.285
A,FC_IND_E,TOTAL,KTOE,AT,2020,7274.665
A,FC_IND_E,TOTAL,KTOE,AT,2021,7455.981
A,FC_IND_E,TOTAL,KTOE,AT,2022,7463.073
A,FC_IND_E,TOTAL,KTOE,AT,2023,6788.523
A,FC_IND_E,TOTAL,KTOE,AT,2024,6875.366
A,FC_IND_E,TOTAL,KTOE,BA,2014,717.286
A,FC_IND_E,TOTAL,KTOE,BA,2015,756.627
A,FC_IND_E,TOTAL,KTOE,BA,2016,754.104
A,FC_IND_E,TOTAL,KTOE,BA,2017,828.931
A,FC_IND_E,TOTAL,KTOE,BA,2018,863.498
A,FC_IND_E,TOTAL,KTOE,BA,2019,752.725
A,FC_IND_E,TOTAL,KTOE,BA,2020,600.61
A,FC_IND_E,TOTAL,KTOE,BA,2021,703.358
A,FC_IND_E,TOTAL,KTOE,BA,2022,664.959
A,FC_IND_E,TOTAL,KTOE,BA,2023,561.031
A,FC_IND_E,TOTAL,KTOE,BA,2024,701.397
A,FC_IND_E,TOTAL,KTOE,BE,2013,10741.364
A,FC_IND_E,TOTAL,KTOE,BE,2014,10557.372
A,FC_IND_E,TOTAL,KTOE,BE,2015,10570.537
A,FC_IND_E,TOTAL,KTOE,BE,2016,10628.386
A,FC_IND_E,TOTAL,KTOE,BE,2017,10445.991
A,FC_IND_E,TOTAL,KTOE,BE,2018,10682.546
A,FC_IND_E,TOTAL,KTOE,BE,2019,10692.196
A,FC_IND_E,TOTAL,KTOE,BE,2020,10591.235
A,FC_IND_E,TOTAL,KTOE,BE,2021,11066.441
A,FC_IND_E,TOTAL,KTOE,BE,2022,9943.224
A,FC_IND_E,TOTAL,KTOE,BE,2023,9477.604
A,FC_IND_E,TOTAL,KTOE,BE,2024,9846.714
A,FC_IND_E,TOTAL,KTOE,BG,2013,2595.527
A,FC_IND_E,TOTAL,KTOE,BG,2014,2617.523
A,FC_IND_E,TOTAL,KTOE,BG,2015,2719.641
A,FC_IND_E,TOTAL,KTOE,BG,2016,2655.459
A,FC_IND_E,TOTAL,KTOE,BG,2017,2757.516
A,FC_IND_E,TOTAL,KTOE,BG,2018,2736.144
A,FC_IND_E,TOTAL,KTOE,BG,2019,2678.806
A,FC_IND_E,TOTAL,KTOE,BG,2020,2646.35
A,FC_IND_E,TOTAL,KTOE,BG,2021,2823.82
A,FC_IND_E,TOTAL,KTOE,BG,2022,2703.532
A,FC_IND_E,TOTAL,KTOE,BG,2023,2540.266
A,FC_IND_E,TOTAL,KTOE,BG,2024,2594.815
A,FC_IND_E,TOTAL,KTOE,CY,2013,186.089
A,FC_IND_E,TOTAL,KTOE,CY,2014,225.539
A,FC_IND_E,TOTAL,KTOE,CY,2015,211.592
A,FC_IND_E,TOTAL,KTOE,CY,2016,215.369
A,FC_IND_E,TOTAL,KTOE,CY,2017,234.2
A,FC_IND_E,TOTAL,KTOE,CY,2018,227.688
A,FC_IND_E,TOTAL,KTOE,CY,2019,228.648
A,FC_IND_E,TOTAL,KTOE,CY,2020,244.584
A,FC_IND_E,TOTAL,KTOE,CY,2021,246.344
A,FC_IND_E,TOTAL,KTOE,CY,2022,250.728
A,FC_IND_E,TOTAL,KTOE,CY,2023,252.856
A,FC_IND_E,TOTAL,KTOE,CY,2024,246.834
A,FC_IND_E,TOTAL,KTOE,CZ,2013,6426.744
A,FC_IND_E,TOTAL,KTOE,CZ,2014,6331.755
A,FC_IND_E,TOTAL,KTOE,CZ,2015,6477.94
A,FC_IND_E,TOTAL,KTOE,CZ,2016,6412.09
A,FC_IND_E,TOTAL,KTOE,CZ,2017,6734.121
A,FC_IND_E,TOTAL,KTOE,CZ,2018,6699.106
A,FC_IND_E,TOTAL,KTOE,CZ,2019,6618.619
A,FC_IND_E,TOTAL,KTOE,CZ,2020,6567.069
A,FC_IND_E,TOTAL,KTOE,CZ,2021,7013.271
A,FC_IND_E,TOTAL,KTOE,CZ,2022,6564.625
A,FC_IND_E,TOTAL,KTOE,CZ,2023,5966.333
A,FC_IND_E,TOTAL,KTOE,CZ,2024,5671.87
A,FC_IND_E,TOTAL,KTOE,DE,2013,56347.486
A,FC_IND_E,TOTAL,KTOE,DE,2014,55725.644
A,FC_IND_E,TOTAL,KTOE,DE,2015,56067.59
A,FC_IND_E,TOTAL,KTOE,DE,2016,56677.082
A,FC_IND_E,TOTAL,KTOE,DE,2017,57146.089
A,FC_IND_E,TOTAL,KTOE,DE,2018,57090.092
A,FC_IND_E,TOTAL,KTOE,DE,2019,55649.346
A,FC_IND_E,TOTAL,KTOE,DE,2020,54762.64
A,FC_IND_E,TOTAL,KTOE,DE,2021,56064.099
A,FC_IND_E,TOTAL,KTOE,DE,2022,53008.103
A,FC_IND_E,TOTAL,KTOE,DE,2023,49687.05
A,FC_IND_E,TOTAL,KTOE,DE,2024,48368.387
A,FC_IND_E,TOTAL,KTOE,DK,2013,2179.385
A,FC_IND_E,TOTAL,KTOE,DK,2014,2120.55
A,FC_IND_E,TOTAL,KTOE,DK,2015,2116.284
A,FC_IND_E,TOTAL,KTOE,DK,2016,2185.46
A,FC_IND_E,TOTAL,KTOE,DK,2017,2284.643
A,FC_IND_E,TOTAL,KTOE,DK,2018,2318.685
A,FC_IND_E,TOTAL,KTOE,DK,2019,2257.662
A,FC_IND_E,TOTAL,KTOE,DK,2020,2307.445
A,FC_IND_E,TOTAL,KTOE,DK,2021,2478.016
A,FC_IND_E,TOTAL,KTOE,DK,2022,2268.129
A,FC_IND_E,TOTAL,KTOE,DK,2023,2135.92
A,FC_IND_E,TOTAL,KTOE,DK,2024,2133.981
A,FC_IND_E,TOTAL,KTOE,EE,2013,639.597
A,FC_IND_E,TOTAL,KTOE,EE,2014,555.819
A,FC_IND_E,TOTAL,KTOE,EE,2015,535.033
A,FC_IND_E,TOTAL,KTOE,EE,2016,457.757
A,FC_IND_E,TOTAL,KTOE,EE,2017,462.926
A,FC_IND_E,TOTAL,KTOE,EE,2018,485.921
A,FC_IND_E,TOTAL,KTOE,EE,2019,459.307
A,FC_IND_E,TOTAL,KTOE,EE,2020,408.037
A,FC_IND_E,TOTAL,KTOE,EE,2021,383.584
A,FC_IND_E,TOTAL,KTOE,EE,2022,358.4
A,FC_IND_E,TOTAL,KTOE,EE,2023,337.166
A,FC_IND_E,TOTAL,KTOE,EE,2024,494.025
A,FC_IND_E,TOTAL,KTOE,EL,2013,2835.531
A,FC_IND_E,TOTAL,KTOE,EL,2014,3088.3
A,FC_IND_E,TOTAL,KTOE,EL,2015,3128.446
A,FC_IND_E,TOTAL,KTOE,EL,2016,3073.122
A,FC_IND_E,TOTAL,KTOE,EL,2017,2762.817
A,FC_IND_E,TOTAL,KTOE,EL,2018,2738.854
A,FC_IND_E,TOTAL,KTOE,EL,2019,2587.606
A,FC_IND_E,TOTAL,KTOE,EL,2020,2523.498
A,FC_IND_E,TOTAL,KTOE,EL,2021,2565.401
A,FC_IND_E,TOTAL,KTOE,EL,2022,2565.529
A,FC_IND_E,TOTAL,KTOE,EL,2023,2463.422
A,FC_IND_E,TOTAL,KTOE,EL,2024,2500.426
A,FC_IND_E,TOTAL,KTOE,ES,2013,19610.466
A,FC_IND_E,TOTAL,KTOE,ES,2014,19320.72
A,FC_IND_E,TOTAL,KTOE,ES,2015,19424.018
A,FC_IND_E,TOTAL,KTOE,ES,2016,20653.448
A,FC_IND_E,TOTAL,KTOE,ES,2017,21134.634
A,FC_IND_E,TOTAL,KTOE,ES,2018,21262.424
A,FC_IND_E,TOTAL,KTOE,ES,2019,21348.181
A,FC_IND_E,TOTAL,KTOE,ES,2020,19646.016
A,FC_IND_E,TOTAL,KTOE,ES,2021,20972.534
A,FC_IND_E,TOTAL,KTOE,ES,2022,19083.933
A,FC_IND_E,TOTAL,KTOE,ES,2023,18814.009
A,FC_IND_E,TOTAL,KTOE,ES,2024,19093.126
A,FC_IND_E,TOTAL,KTOE,EU27_2020,2013,237232.444
A,FC_IND_E,TOTAL,KTOE,EU27_2020,2014,233948.247
A,FC_IND_E,TOTAL,KTOE,EU27_2020,2015,234624.997
A,FC_IND_E,TOTAL,KTOE,EU27_2020,2016,239060.566
A,FC_IND_E,TOTAL,KTOE,EU27_2020,2017,241562.673
A,FC_IND_E,TOTAL,KTOE,EU27_2020,2018,243282.12
A,FC_IND_E,TOTAL,KTOE,EU27_2020,2019,240772.114
A,FC_IND_E,TOTAL,KTOE,EU27_2020,2020,232576.399
A,FC_IND_E,TOTAL,KTOE,EU27_2020,2021,242829.061
A,FC_IND_E,TOTAL,KTOE,EU27_2020,2022,226907.47
A,FC_IND_E,TOTAL,KTOE,EU27_2020,2023,215070.029
A,FC_IND_E,TOTAL,KTOE,EU27_2020,2024,215501.322
A,FC_IND_E,TOTAL,KTOE,FI,2013,10270.024
A,FC_IND_E,TOTAL,KTOE,FI,2014,10218.642
A,FC_IND_E,TOTAL,KTOE,FI,2015,10156.882
A,FC_IND_E,TOTAL,KTOE,FI,2016,10500.774
A,FC_IND_E,TOTAL,KTOE,FI,2017,10699.835
A,FC_IND_E,TOTAL,KTOE,FI,2018,11038.184
A,FC_IND_E,TOTAL,KTOE,FI,2019,10980.131
A,FC_IND_E,TOTAL,KTOE,FI,2020,10257.554
A,FC_IND_E,TOTAL,KTOE,FI,2021,10760.748
A,FC_IND_E,TOTAL,KTOE,FI,2022,9736.046
A,FC_IND_E,TOTAL,KTOE,FI,2023,9291.803
A,FC_IND_E,TOTAL,KTOE,FI,2024,9390.176
A,FC_IND_E,TOTAL,KTOE,FR,2013,29612.313
A,FC_IND_E,TOTAL,KTOE,FR,2014,28536.948
A,FC_IND_E,TOTAL,KTOE,FR,2015,28013.166
A,FC_IND_E,TOTAL,KTOE,FR,2016,28737.843
A,FC_IND_E,TOTAL,KTOE,FR,2017,27997.768
A,FC_IND_E,TOTAL,KTOE,FR,2018,28105.929
A,FC_IND_E,TOTAL,KTOE,FR,2019,27605.17
A,FC_IND_E,TOTAL,KTOE,FR,2020,25513.117
A,FC_IND_E,TOTAL,KTOE,FR,2021,27645.797
A,FC_IND_E,TOTAL,KTOE,FR,2022,26038.606
A,FC_IND_E,TOTAL,KTOE,FR,2023,24450.687
A,FC_IND_E,TOTAL,KTOE,FR,2024,24067.715
A,FC_IND_E,TOTAL,KTOE,GE,2013,732.581
A,FC_IND_E,TOTAL,KTOE,GE,2014,759.094
A,FC_IND_E,TOTAL,KTOE,GE,2015,776.551
A,FC_IND_E,TOTAL,KTOE,GE,2016,747.355
A,FC_IND_E,TOTAL,KTOE,GE,2017,836.142
A,FC_IND_E,TOTAL,KTOE,GE,2018,868.278
A,FC_IND_E,TOTAL,KTOE,GE,2019,822.425
A,FC_IND_E,TOTAL,KTOE,GE,2020,783.177
A,FC_IND_E,TOTAL,KTOE,GE,2021,826.807
A,FC_IND_E,TOTAL,KTOE,GE,2022,890.856
A,FC_IND_E,TOTAL,KTOE,GE,2023,777.133
A,FC_IND_E,TOTAL,KTOE,GE,2024,798.587
A,FC_IND_E,TOTAL,KTOE,HR,2013,1075.141
A,FC_IND_E,TOTAL,KTOE,HR,2014,1066.433
A,FC_IND_E,TOTAL,KTOE,HR,2015,1056.141
A,FC_IND_E,TOTAL,KTOE,HR,2016,1057.427
A,FC_IND_E,TOTAL,KTOE,HR,2017,1148.118
A,FC_IND_E,TOTAL,KTOE,HR,2018,1161.853
A,FC_IND_E,TOTAL,KTOE,HR,2019,1172.434
A,FC_IND_E,TOTAL,KTOE,HR,2020,1171.272
A,FC_IND_E,TOTAL,KTOE,HR,2021,1191.359
A,FC_IND_E,TOTAL,KTOE,HR,2022,1128.479
A,FC_IND_E,TOTAL,KTOE,HR,2023,1173.888
A,FC_IND_E,TOTAL,KTOE,HR,2024,1157.171
A,FC_IND_E,TOTAL,KTOE,HU,2013,3725.701
A,FC_IND_E,TOTAL,KTOE,HU,2014,3705.025
A,FC_IND_E,TOTAL,KTOE,HU,2015,3867.221
A,FC_IND_E,TOTAL,KTOE,HU,2016,3988.299
A,FC_IND_E,TOTAL,KTOE,HU,2017,4282.774
A,FC_IND_E,TOTAL,KTOE,HU,2018,4453.878
A,FC_IND_E,TOTAL,KTOE,HU,2019,4459.617
A,FC_IND_E,TOTAL,KTOE,HU,2020,4421.598
A,FC_IND_E,TOTAL,KTOE,HU,2021,4729.286
A,FC_IND_E,TOTAL,KTOE,HU,2022,4303.259
A,FC_IND_E,TOTAL,KTOE,HU,2023,3998.463
A,FC_IND_E,TOTAL,KTOE,HU,2024,4157.212
A,FC_IND_E,TOTAL,KTOE,IE,2013,1932.741
A,FC_IND_E,TOTAL,KTOE,IE,2014,2002.211
A,FC_IND_E,TOTAL,KTOE,IE,2015,2039.926
A,FC_IND_E,TOTAL,KTOE,IE,2016,2114.94
A,FC_IND_E,TOTAL,KTOE,IE,2017,2219.211
A,FC_IND_E,TOTAL,KTOE,IE,2018,2272.157
A,FC_IND_E,TOTAL,KTOE,IE,2019,2269.197
A,FC_IND_E,TOTAL,KTOE,IE,2020,2274.801
A,FC_IND_E,TOTAL,KTOE,IE,2021,2266.444
A,FC_IND_E,TOTAL,KTOE,IE,2022,2172.552
A,FC_IND_E,TOTAL,KTOE,IE,2023,2128.803
A,FC_IND_E,TOTAL,KTOE,IE,2024,2174.005
A,FC_IND_E,TOTAL,KTOE,IS,2013,1424.41
A,FC_IND_E,TOTAL,KTOE,IS,2014,1442.055
A,FC_IND_E,TOTAL,KTOE,IS,2015,1460.048
A,FC_IND_E,TOTAL,KTOE,IS,2016,1344.211
A,FC_IND_E,TOTAL,KTOE,IS,2017,1394.304
A,FC_IND_E,TOTAL,KTOE,IS,2018,1401.396
A,FC_IND_E,TOTAL,KTOE,IS,2019,1315.423
A,FC_IND_E,TOTAL,KTOE,IS,2020,1298.431
A,FC_IND_E,TOTAL,KTOE,IS,2021,1330.039
A,FC_IND_E,TOTAL,KTOE,IS,2022,1374.644
A,FC_IND_E,TOTAL,KTOE,IS,2023,1389.684
A,FC_IND_E,TOTAL,KTOE,IS,2024,1369.054
A,FC_IND_E,TOTAL,KTOE,IT,2013,25353.587
A,FC_IND_E,TOTAL,KTOE,IT,2014,24739.085
A,FC_IND_E,TOTAL,KTOE,IT,2015,24853.372
A,FC_IND_E,TOTAL,KTOE,IT,2016,25088.949
A,FC_IND_E,TOTAL,KTOE,IT,2017,24925.749
A,FC_IND_E,TOTAL,KTOE,IT,2018,24663.854
A,FC_IND_E,TOTAL,KTOE,IT,2019,24928.486
A,FC_IND_E,TOTAL,KTOE,IT,2020,23861.103
A,FC_IND_E,TOTAL,KTOE,IT,2021,25777.808
A,FC_IND_E,TOTAL,KTOE,IT,2022,23871.595
A,FC_IND_E,TOTAL,KTOE,IT,2023,22746.576
A,FC_IND_E,TOTAL,KTOE,IT,2024,22900.505
A,FC_IND_E,TOTAL,KTOE,LT,2013,1037.327
A,FC_IND_E,TOTAL,KTOE,LT,2014,1033.722
A,FC_IND_E,TOTAL,KTOE,LT,2015,982.755
A,FC_IND_E,TOTAL,KTOE,LT,2016,988.969
A,FC_IND_E,TOTAL,KTOE,LT,2017,1070.927
A,FC_IND_E,TOTAL,KTOE,LT,2018,1106.588
A,FC_IND_E,TOTAL,KTOE,LT,2019,1113.763
A,FC_IND_E,TOTAL,KTOE,LT,2020,1024.34
A,FC_IND_E,TOTAL,KTOE,LT,2021,1109.164
A,FC_IND_E,TOTAL,KTOE,LT,2022,953.872
A,FC_IND_E,TOTAL,KTOE,LT,2023,898.67
A,FC_IND_E,TOTAL,KTOE,LT,2024,979.789
A,FC_IND_E,TOTAL,KTOE,LU,2013,662.241
A,FC_IND_E,TOTAL,KTOE,LU,2014,662.991
A,FC_IND_E,TOTAL,KTOE,LU,2015,645.852
A,FC_IND_E,TOTAL,KTOE,LU,2016,672.673
A,FC_IND_E,TOTAL,KTOE,LU,2017,630.695
A,FC_IND_E,TOTAL,KTOE,LU,2018,648.871
A,FC_IND_E,TOTAL,KTOE,LU,2019,631.731
A,FC_IND_E,TOTAL,KTOE,LU,2020,580.106
A,FC_IND_E,TOTAL,KTOE,LU,2021,607.148
A,FC_IND_E,TOTAL,KTOE,LU,2022,542.744
A,FC_IND_E,TOTAL,KTOE,LU,2023,496.168
A,FC_IND_E,TOTAL,KTOE,LU,2024,532.567
A,FC_IND_E,TOTAL,KTOE,LV,2013,767.643
A,FC_IND_E,TOTAL,KTOE,LV,2014,791.158
A,FC_IND_E,TOTAL,KTOE,LV,2015,787.78
A,FC_IND_E,TOTAL,KTOE,LV,2016,748.954
A,FC_IND_E,TOTAL,KTOE,LV,2017,793.307
A,FC_IND_E,TOTAL,KTOE,LV,2018,897.845
A,FC_IND_E,TOTAL,KTOE,LV,2019,852.714
A,FC_IND_E,TOTAL,KTOE,LV,2020,870.882
A,FC_IND_E,TOTAL,KTOE,LV,2021,894.119
A,FC_IND_E,TOTAL,KTOE,LV,2022,907.175
A,FC_IND_E,TOTAL,KTOE,LV,2023,921.39
A,FC_IND_E,TOTAL,KTOE,LV,2024,920.233
A,FC_IND_E,TOTAL,KTOE,MD,2013,250.298
A,FC_IND_E,TOTAL,KTOE,MD,2014,227.156
A,FC_IND_E,TOTAL,KTOE,MD,2015,212.33
A,FC_IND_E,TOTAL,KTOE,MD,2016,196.056
A,FC_IND_E,TOTAL,KTOE,MD,2017,211.736
A,FC_IND_E,TOTAL,KTOE,MD,2018,248.859
A,FC_IND_E,TOTAL,KTOE,MD,2019,231.5
A,FC_IND_E,TOTAL,KTOE,MD,2020,224.167
A,FC_IND_E,TOTAL,KTOE,MD,2021,246.109
A,FC_IND_E,TOTAL,KTOE,MD,2022,213.867
A,FC_IND_E,TOTAL,KTOE,MD,2023,191.982
A,FC_IND_E,TOTAL,KTOE,MD,2024,201.047
A,FC_IND_E,TOTAL,KTOE,ME,2013,183.351
A,FC_IND_E,TOTAL,KTOE,ME,2014,133.191
A,FC_IND_E,TOTAL,KTOE,ME,2015,131.817
A,FC_IND_E,TOTAL,KTOE,ME,2016,120.024
A,FC_IND_E,TOTAL,KTOE,ME,2017,139.009
A,FC_IND_E,TOTAL,KTOE,ME,2018,135.524
A,FC_IND_E,TOTAL,KTOE,ME,2019,137.222
A,FC_IND_E,TOTAL,KTOE,ME,2020,133.129
A,FC_IND_E,TOTAL,KTOE,ME,2021,138.656
A,FC_IND_E,TOTAL,KTOE,ME,2022,89.434
A,FC_IND_E,TOTAL,KTOE,ME,2023,85.137
A,FC_IND_E,TOTAL,KTOE,ME,2024,87.303
A,FC_IND_E,TOTAL,KTOE,MK,2013,555.332
A,FC_IND_E,TOTAL,KTOE,MK,2014,517.614
A,FC_IND_E,TOTAL,KTOE,MK,2015,474.779
A,FC_IND_E,TOTAL,KTOE,MK,2016,441.263
A,FC_IND_E,TOTAL,KTOE,MK,2017,388.256
A,FC_IND_E,TOTAL,KTOE,MK,2018,412.335
A,FC_IND_E,TOTAL,KTOE,MK,2019,450.049
A,FC_IND_E,TOTAL,KTOE,MK,2020,460.846
A,FC_IND_E,TOTAL,KTOE,MK,2021,483.86
A,FC_IND_E,TOTAL,KTOE,MK,2022,373.789
A,FC_IND_E,TOTAL,KTOE,MK,2023,337.602
A,FC_IND_E,TOTAL,KTOE,MK,2024,307.934
A,FC_IND_E,TOTAL,KTOE,MT,2013,52.23
A,FC_IND_E,TOTAL,KTOE,MT,2014,55.495
A,FC_IND_E,TOTAL,KTOE,MT,2015,55.139
A,FC_IND_E,TOTAL,KTOE,MT,2016,54.925
A,FC_IND_E,TOTAL,KTOE,MT,2017,57.156
A,FC_IND_E,TOTAL,KTOE,MT,2018,58.835
A,FC_IND_E,TOTAL,KTOE,MT,2019,61.017
A,FC_IND_E,TOTAL,KTOE,MT,2020,66.241
A,FC_IND_E,TOTAL,KTOE,MT,2021,70.032
A,FC_IND_E,TOTAL,KTOE,MT,2022,72.405
A,FC_IND_E,TOTAL,KTOE,MT,2023,54.503
A,FC_IND_E,TOTAL,KTOE,MT,2024,56.279
A,FC_IND_E,TOTAL,KTOE,NL,2013,13350.828
A,FC_IND_E,TOTAL,KTOE,NL,2014,13080.793
A,FC_IND_E,TOTAL,KTOE,NL,2015,13143.134
A,FC_IND_E,TOTAL,KTOE,NL,2016,13811.044
A,FC_IND_E,TOTAL,KTOE,NL,2017,13784.187
A,FC_IND_E,TOTAL,KTOE,NL,2018,13668.95
A,FC_IND_E,TOTAL,KTOE,NL,2019,13295.047
A,FC_IND_E,TOTAL,KTOE,NL,2020,13304.593
A,FC_IND_E,TOTAL,KTOE,NL,2021,13314.44
A,FC_IND_E,TOTAL,KTOE,NL,2022,12272.495
A,FC_IND_E,TOTAL,KTOE,NL,2023,11640.785
A,FC_IND_E,TOTAL,KTOE,NL,2024,12229.708
A,FC_IND_E,TOTAL,KTOE,NO,2013,6075.432
A,FC_IND_E,TOTAL,KTOE,NO,2014,5964.68
A,FC_IND_E,TOTAL,KTOE,NO,2015,6011.852
A,FC_IND_E,TOTAL,KTOE,NO,2016,6048.598
A,FC_IND_E,TOTAL,KTOE,NO,2017,6136.027
A,FC_IND_E,TOTAL,KTOE,NO,2018,6247.574
A,FC_IND_E,TOTAL,KTOE,NO,2019,6248.86
A,FC_IND_E,TOTAL,KTOE,NO,2020,6301.997
A,FC_IND_E,TOTAL,KTOE,NO,2021,6678.378
A,FC_IND_E,TOTAL,KTOE,NO,2022,6463.182
A,FC_IND_E,TOTAL,KTOE,NO,2023,6122.167
A,FC_IND_E,TOTAL,KTOE,NO,2024,6073.523
A,FC_IND_E,TOTAL,KTOE,PL,2013,14211.874
A,FC_IND_E,TOTAL,KTOE,PL,2014,14154.142
A,FC_IND_E,TOTAL,KTOE,PL,2015,14096.528
A,FC_IND_E,TOTAL,KTOE,PL,2016,14653.06
A,FC_IND_E,TOTAL,KTOE,PL,2017,15820.809
A,FC_IND_E,TOTAL,KTOE,PL,2018,16327.204
A,FC_IND_E,TOTAL,KTOE,PL,2019,16491.455
A,FC_IND_E,TOTAL,KTOE,PL,2020,15920.468
A,FC_IND_E,TOTAL,KTOE,PL,2021,16306.038
A,FC_IND_E,TOTAL,KTOE,PL,2022,15151.19
A,FC_IND_E,TOTAL,KTOE,PL,2023,14338.014
A,FC_IND_E,TOTAL,KTOE,PL,2024,14534.874
A,FC_IND_E,TOTAL,KTOE,PT,2013,4598.647
A,FC_IND_E,TOTAL,KTOE,PT,2014,4405.499
A,FC_IND_E,TOTAL,KTOE,PT,2015,4411.521
A,FC_IND_E,TOTAL,KTOE,PT,2016,4381.447
A,FC_IND_E,TOTAL,KTOE,PT,2017,4525.297
A,FC_IND_E,TOTAL,KTOE,PT,2018,4553.901
A,FC_IND_E,TOTAL,KTOE,PT,2019,4618.128
A,FC_IND_E,TOTAL,KTOE,PT,2020,4447.539
A,FC_IND_E,TOTAL,KTOE,PT,2021,4531.067
A,FC_IND_E,TOTAL,KTOE,PT,2022,4504.165
A,FC_IND_E,TOTAL,KTOE,PT,2023,4312.763
A,FC_IND_E,TOTAL,KTOE,PT,2024,4472.519
A,FC_IND_E,TOTAL,KTOE,RO,2013,6272.845
A,FC_IND_E,TOTAL,KTOE,RO,2014,6427.425
A,FC_IND_E,TOTAL,KTOE,RO,2015,6418.898
A,FC_IND_E,TOTAL,KTOE,RO,2016,6263.796
A,FC_IND_E,TOTAL,KTOE,RO,2017,6437.729
A,FC_IND_E,TOTAL,KTOE,RO,2018,6612.433
A,FC_IND_E,TOTAL,KTOE,RO,2019,6661.063
A,FC_IND_E,TOTAL,KTOE,RO,2020,6437.031
A,FC_IND_E,TOTAL,KTOE,RO,2021,6856.343
A,FC_IND_E,TOTAL,KTOE,RO,2022,5739.746
A,FC_IND_E,TOTAL,KTOE,RO,2023,4958.0
A,FC_IND_E,TOTAL,KTOE,RO,2024,5042.183
A,FC_IND_E,TOTAL,KTOE,RS,2013,2395.892
A,FC_IND_E,TOTAL,KTOE,RS,2014,1955.714
A,FC_IND_E,TOTAL,KTOE,RS,2015,2046.578
A,FC_IND_E,TOTAL,KTOE,RS,2016,2174.093
A,FC_IND_E,TOTAL,KTOE,RS,2017,2266.02
A,FC_IND_E,TOTAL,KTOE,RS,2018,2397.904
A,FC_IND_E,TOTAL,KTOE,RS,2019,2211.385
A,FC_IND_E,TOTAL,KTOE,RS,2020,2025.761
A,FC_IND_E,TOTAL,KTOE,RS,2021,2119.302
A,FC_IND_E,TOTAL,KTOE,RS,2022,2241.068
A,FC_IND_E,TOTAL,KTOE,RS,2023,2230.487
A,FC_IND_E,TOTAL,KTOE,RS,2024,2219.956
A,FC_IND_E,TOTAL,KTOE,SE,2013,10940.065
A,FC_IND_E,TOTAL,KTOE,SE,2014,10712.063
A,FC_IND_E,TOTAL,KTOE,SE,2015,10920.312
A,FC_IND_E,TOTAL,KTOE,SE,2016,10879.933
A,FC_IND_E,TOTAL,KTOE,SE,2017,10828.964
A,FC_IND_E,TOTAL,KTOE,SE,2018,10925.172
A,FC_IND_E,TOTAL,KTOE,SE,2019,10783.745
A,FC_IND_E,TOTAL,KTOE,SE,2020,11059.63
A,FC_IND_E,TOTAL,KTOE,SE,2021,11023.122
A,FC_IND_E,TOTAL,KTOE,SE,2022,10954.768
A,FC_IND_E,TOTAL,KTOE,SE,2023,11253.547
A,FC_IND_E,TOTAL,KTOE,SE,2024,11104.048
A,FC_IND_E,TOTAL,KTOE,SI,2013,1197.651
A,FC_IND_E,TOTAL,KTOE,SI,2014,1231.213
A,FC_IND_E,TOTAL,KTOE,SI,2015,1228.021
A,FC_IND_E,TOTAL,KTOE,SI,2016,1242.337
A,FC_IND_E,TOTAL,KTOE,SI,2017,1295.612
A,FC_IND_E,TOTAL,KTOE,SI,2018,1319.176
A,FC_IND_E,TOTAL,KTOE,SI,2019,1322.08
A,FC_IND_E,TOTAL,KTOE,SI,2020,1256.408
A,FC_IND_E,TOTAL,KTOE,SI,2021,1294.263
A,FC_IND_E,TOTAL,KTOE,SI,2022,1181.138
A,FC_IND_E,TOTAL,KTOE,SI,2023,1073.341
A,FC_IND_E,TOTAL,KTOE,SI,2024,1081.758
A,FC_IND_E,TOTAL,KTOE,SK,2013,3114.817
A,FC_IND_E,TOTAL,KTOE,SK,2014,3241.628
A,FC_IND_E,TOTAL,KTOE,SK,2015,3333.371
A,FC_IND_E,TOTAL,KTOE,SK,2016,3308.576
A,FC_IND_E,TOTAL,KTOE,SK,2017,3452.442
A,FC_IND_E,TOTAL,KTOE,SK,2018,3662.539
A,FC_IND_E,TOTAL,KTOE,SK,2019,3463.68
A,FC_IND_E,TOTAL,KTOE,SK,2020,3138.177
A,FC_IND_E,TOTAL,KTOE,SK,2021,3382.392
A,FC_IND_E,TOTAL,KTOE,SK,2022,3167.959
A,FC_IND_E,TOTAL,KTOE,SK,2023,2869.479
A,FC_IND_E,TOTAL,KTOE,SK,2024,2875.036
A,FC_IND_E,TOTAL,KTOE,TR,2013,24029.04
A,FC_IND_E,TOTAL,KTOE,TR,2014,25101.897
A,FC_IND_E,TOTAL,KTOE,TR,2015,26109.622
A,FC_IND_E,TOTAL,KTOE,TR,2016,26330.093
A,FC_IND_E,TOTAL,KTOE,TR,2017,32121.826
A,FC_IND_E,TOTAL,KTOE,TR,2018,32331.058
A,FC_IND_E,TOTAL,KTOE,TR,2019,30491.713
A,FC_IND_E,TOTAL,KTOE,TR,2020,32577.26
A,FC_IND_E,TOTAL,KTOE,TR,2021,36752.141
A,FC_IND_E,TOTAL,KTOE,TR,2022,33339.942
A,FC_IND_E,TOTAL,KTOE,TR,2023,32514.15
A,FC_IND_E,TOTAL,KTOE,TR,2024,35201.438
A,FC_IND_E,TOTAL,KTOE,UA,2013,21841.758
A,FC_IND_E,TOTAL,KTOE,UA,2014,20568.374
A,FC_IND_E,TOTAL,KTOE,UA,2015,16377.631
A,FC_IND_E,TOTAL,KTOE,UA,2016,15512.409
A,FC_IND_E,TOTAL,KTOE,UA,2017,15094.859
A,FC_IND_E,TOTAL,KTOE,UA,2018,16416.222
A,FC_IND_E,TOTAL,KTOE,UA,2019,16126.577
A,FC_IND_E,TOTAL,KTOE,UA,2020,15979.57
A,FC_IND_E,TOTAL,KTOE,UK,2013,23643.762
A,FC_IND_E,TOTAL,KTOE,UK,2014,22967.703
A,FC_IND_E,TOTAL,KTOE,UK,2015,23060.44
A,FC_IND_E,TOTAL,KTOE,UK,2016,21304.966
A,FC_IND_E,TOTAL,KTOE,UK,2017,21625.725
A,FC_IND_E,TOTAL,KTOE,UK,2018,21689.348
A,FC_IND_E,TOTAL,KTOE,UK,2019,21118.796
A,FC_IND_E,TOTAL,KTOE,XK,2013,262.9
A,FC_IND_E,TOTAL,KTOE,XK,2014,245.253
A,FC_IND_E,TOTAL,KTOE,XK,2015,307.181
A,FC_IND_E,TOTAL,KTOE,XK,2016,281.257
A,FC_IND_E,TOTAL,KTOE,XK,2017,313.24
A,FC_IND_E,TOTAL,KTOE,XK,2018,281.795
A,FC_IND_E,TOTAL,KTOE,XK,2019,299.97
A,FC_IND_E,TOTAL,KTOE,XK,2020,302.386
A,FC_IND_E,TOTAL,KTOE,XK,2021,328.236
A,FC_IND_E,TOTAL,KTOE,XK,2022,298.207
A,FC_IND_E,TOTAL,KTOE,XK,2023,316.098
A,FC_IND_E,TOTAL,KTOE,XK,2024,297.778
